full_name,first_name,last_name,draft_team,college,position,class/year,round,pick,overall,ds_rank,category,ht,wt,yd40,yd20,yd10,bench,vert,broad,shut20,cone3,hand_size,arm_length,wingspan,category,yd40,yd20,yd10,bench,vert,broad,shut20,cone3,rating,madden08,madden09,madden10,madden11
Nick Mangold,Nick,Mangold,Jets,Ohio State,C,Sr/2006,1,29,29,28,NFL Combine,6035,300,5.05,2.9,1.74,24,27 1/2,"08'08""",4.36,7.47,,,,Pro Day,,,,,,,,,94.4,89,93,94,97
*Mario Williams,Mario,Williams,Texans,North Carolina State,DE,Jr/2006,1,1,1,2,NFL Combine,6070,295,4.73,2.75,1.59,35,40 1/2,"10'00""",4.36,7.19,,,,Pro Day,,,,,,,,,94.3,86,97,95,95
*Maurice Jones-Drew,Maurice,Jones-Drew,Jags,UCLA,RB,Jr/2006,2,28,60,46,NFL Combine,5066,207,4.39,2.57,1.53,18,36,"09'08""",4.38,7.08,,,,Pro Day,,,,,,,,,92.3,89,91,89,96
Brandon Marshall,Brandon,Marshall,Broncos,Central Florida,WR,Sr/2006,4,22,119,206,NFL Combine,6044,229,4.56,2.68,1.6,,37,"10'00""",,,,,,Pro Day,,,,,,,4.31,6.96,92.1,80,93,92,96
Antoine Bethea,Antoine,Bethea,Colts,Howard,FS,Sr/2006,6,38,207,121,NFL Combine,5110,203,4.42,2.57,1.53,19,36 1/2,"10'07""",4.11,6.99,,,,Pro Day,,,,,,,,,91.3,85,93,88,95
Marcus McNeill,Marcus,McNeill,Chargers,Auburn,OT,Sr/2006,2,18,50,35,NFL Combine,6075,336,5.08,2.98,1.79,,31,"08'02""",5,8.19,,,,Pro Day,,,,,,,5.07,,91.0,94,93,89,89
*Haloti Ngata,Haloti,Ngata,Ravens,Oregon,DT,Jr/2006,1,12,12,9,NFL Combine,6041,338,5.16,2.94,1.73,37,31 1/2,"09'02""",4.65,7.95,,,,Pro Day,,,,,,,,,90.7,82,91,90,94
Davin Joseph,Davin,Joseph,Bucs,Oklahoma,OG,Sr/2006,1,23,23,42,NFL Combine,6025,311,5.14,2.97,1.76,24,32,"09'03""",4.97,,,,,Pro Day,,,,,,,4.73,7.74,90.7,87,93,93,88
DeAngelo Williams,DeAngelo,Williams,Panthers,Memphis,RB,Sr/2006,1,27,27,29,NFL Combine,5090,214,,,,25,35 1/2,"10'01""",,,,,,Pro Day,4.45,,,,34 1/2,"10'9""",4.1,6.57,90.7,84,85,94,92
DeMeco Ryans,DeMeco,Ryans,Texans,Alabama,OLB,Sr/2006,2,1,33,36,NFL Combine,6012,236,4.69,2.73,1.67,23,39,"10'09""",4.17,7.19,,,,Pro Day,4.66,,,,,,,,90.6,88,95,88,90
Greg Jennings,Greg,Jennings,Packers,Western Michigan,WR,Sr/2006,2,20,52,56,NFL Combine,5111,197,4.46,2.62,1.56,,36 1/2,"09'09""",4.16,6.68,,,,Pro Day,,,,,,,,,90.1,85,93,90,90
Marques Colston,Marques,Colston,Saints,Hofstra,WR,Sr/2006,7,44,252,299,NFL Combine,6045,224,4.54,2.66,1.59,16,37,"10'03""",4.43,6.94,,,,Pro Day,,,,,,,,,89.9,89,94,87,89
Jahri Evans,Jahri,Evans,Saints,Texas AM,OT,Sr/2006,4,11,108,136,NFL Combine,6044,316,5.29,3.02,1.79,20,27,"07'11""",4.8,7.97,,,,Pro Day,,,,,,,,,88.7,83,84,80,98
Cortland Finnegan,Cortland,Finnegan,Titans,Samford,CB,Sr/2006,7,7,215,199,NFL Combine,5097,188,,,,,,,,,,,,Pro Day,4.34,,,14,44,"10'8""",4.34,6.95,88.7,73,88,92,92
*Ernie Sims,Ernie,Sims,Lions,Florida State,OLB,Jr/2006,1,9,9,19,NFL Combine,5111,231,4.54,2.61,1.57,25,41,"10'05""",4.22,7.31,,,,Pro Day,4.5,,,,,,,,88.3,88,94,88,83
Lawrence Vickers,Lawrence,Vickers,Browns,Colorado,FB,Sr/2006,6,11,180,137,NFL Combine,6002,245,4.86,2.82,1.67,21,30 1/2,"08'08""",4.63,7.74,,,,Pro Day,4.77,,,,32,,,,88.3,82,92,88,88
*Vernon Davis,Vernon,Davis,49ers,Maryland,TE,Jr/2006,1,6,6,7,NFL Combine,6032,254,4.4,2.56,1.52,33,42,"10'08""",4.17,7,,,,Pro Day,,,,,,,,,88.1,86,87,78,96
Joseph Addai,Joseph,Addai,Colts,LSU,RB,Sr/2006,1,30,30,34,NFL Combine,5112,214,4.41,2.53,1.5,18,38 1/2,"10'05""",4.47,7.09,,,,Pro Day,,,,,,,,,87.3,87,91,85,86
*Donte Whitner,Donte,Whitner,Bills,Ohio State,SS,Jr/2006,1,8,8,18,NFL Combine,5101,204,4.45,2.61,1.56,18,40,"11'00""",,,,,,Pro Day,4.38,,,,,,,,86.9,88,92,85,83
Owen Daniels,Owen,Daniels,Texans,Wisconsin,TE,Sr/2006,4,1,98,180,NFL Combine,6033,253,4.67,2.71,1.61,23,34 1/2,"09'06""",4.1,6.87,,,,Pro Day,,,,,,,,,86.4,83,88,86,87
D'Brickashaw Ferguson,D'Brickashaw,Ferguson,Jets,Virginia,OT,Sr/2006,1,4,4,3,NFL Combine,6060,312,,,,,,,,,,,,Pro Day,5.08,,,,30,"8'11""",4.85,7.62,86.3,87,84,80,91
*Antonio Cromartie,Antonio,Cromartie,Chargers,Florida State,CB,Jr/2006,1,19,19,23,NFL Combine,6021,208,4.44,2.63,1.58,18,38,"11'00""",,,,,,Pro Day,4.38,,,,42,,3.89,7.02,85.9,83,92,84,83
*Santonio Holmes,Santonio,Holmes,Steelers,Ohio State,WR,Jr/2006,1,25,25,31,NFL Combine,5105,188,,,,,,,,,,,,Pro Day,4.35,,,,38,"10'6""",4.26,6.82,85.6,81,85,86,87
Jay Cutler,Jay,Cutler,Broncos,Vanderbilt,QB,Sr/2006,1,11,11,5,NFL Combine,6032,226,4.82,2.78,1.62,23,,,4.26,7.1,,,,Pro Day,,,,,,,,,85.4,85,86,87,83
Chad Greenway,Chad,Greenway,Vikings,Iowa,OLB,Sr/2006,1,17,17,16,NFL Combine,6024,242,4.78,2.75,1.66,16,33 1/2,"09'09""",4.22,7,,,,Pro Day,4.6,,,19,38,"10'0""",,,85.1,79,87,83,88
*Johnathan Joseph,Johnathan,Joseph,Bengals,South Carolina,CB,So/2006,1,24,24,20,NFL Combine,5110,193,4.32,2.53,1.52,15,37,"10'03""",4.23,6.92,,,,Pro Day,,,,,,,,,85.1,82,83,76,93
D'Qwell Jackson,D'Qwell,Jackson,Browns,Maryland,ILB,Sr/2006,2,2,34,39,NFL Combine,6004,230,4.78,2.74,1.65,19,37,"09'08""",4.36,7.05,,,,Pro Day,,,,,,,,,85.0,82,85,86,85
Brodrick Bunkley,Brodrick,Bunkley,Eagles,Florida State,DT,Sr/2006,1,14,14,8,NFL Combine,6026,306,4.97,2.9,1.72,44,32 1/2,"09'05""",,,,,,Pro Day,,,,,,,4.16,7.33,84.9,82,84,82,88
A.J. Hawk,A.J.,Hawk,Packers,Ohio State,OLB,Sr/2006,1,5,5,6,NFL Combine,6010,248,4.65,2.72,1.57,24,40,"09'07""",3.96,6.82,,,,Pro Day,4.47,,,,,,,,84.6,90,94,78,79
Thomas Howard,Thomas,Howard,Raiders,Texas-El Paso,OLB,Sr/2006,2,6,38,51,NFL Combine,6032,239,4.47,2.62,1.58,21,39,"10'04""",4.28,6.96,,,,Pro Day,,,,,,,,,84.3,82,91,85,78
*Reggie Bush,Reggie,Bush,Saints,Southern California,RB,Jr/2006,1,2,2,1,NFL Combine,5107,201,,,,,,,,,,,,Pro Day,4.37,,,24,40 1/2,"10'8""",,,84.0,89,86,79,83
Eric Winston,Eric,Winston,Texans,Miami (FL),OT,Sr/2006,3,2,66,37,NFL Combine,6065,310,4.96,2.82,1.67,,29,"09'00""",4.44,7.47,,,,Pro Day,,,,22,33,"8'3""",,,83.3,78,82,84,85
Kamerion Wimbley,Kamerion,Wimbley,Browns,Florida State,DE,Sr/2006,1,13,13,14,NFL Combine,6037,248,4.65,2.71,1.58,24,38 1/2,"10'09""",4.48,6.97,,,,Pro Day,,,,,,,4.22,,83.1,86,88,78,82
Mathias Kiwanuka,Mathias,Kiwanuka,Giants,Boston College,DE,Sr/2006,1,32,32,49,NFL Combine,6056,266,4.73,2.79,1.63,17,32,"10'00""",4.13,7.27,,,,Pro Day,,,,,,,,,83.1,80,81,85,83
Andrew Whitworth,Andrew,Whitworth,Bengals,LSU,OT,Sr/2006,2,23,55,97,NFL Combine,6070,334,5.15,2.98,1.79,28,30 1/2,"09'04""",4.83,8.23,,,,Pro Day,,,,,,,,,82.7,77,82,78,88
Domata Peko,Domata,Peko,Bengals,Michigan State,DT,Sr/2006,4,26,123,224,NFL Combine,6026,307,5.25,3.03,1.76,25,28 1/2,"08'07""",4.49,7.69,,,,Pro Day,,,,,,,,,82.7,78,83,80,86
*Bernard Pollard,Bernard,Pollard,Chiefs,Purdue,SS,Jr/2006,2,22,54,87,NFL Combine,6015,224,4.59,2.67,1.58,,36 1/2,"10'11""",,,,,,Pro Day,4.62,,,18,,,4.11,6.88,82.6,80,87,78,84
Jason Spitz,Jason,Spitz,Packers,Louisville,OG,Sr/2006,3,11,75,152,NFL Combine,6034,313,5.44,3.11,1.83,25,28 1/2,"08'06""",4.55,7.82,,,,Pro Day,,,,,,,,,82.6,78,87,83,80
Elvis Dumervil,Elvis,Dumervil,Broncos,Louisville,DE,Sr/2006,4,29,126,183,NFL Combine,5113,257,4.78,2.81,1.65,30,,,,,,,,Pro Day,,,,,,,,,82.6,79,90,65,93
*Laurence Maroney,Laurence,Maroney,Patriots,Minnesota,RB,Jr/2006,1,21,21,27,NFL Combine,5117,217,,,,,,,,,,,,Pro Day,4.48,,,21,36,"10'3""",,,82.4,85,90,78,78
Cedric Griffin,Cedric,Griffin,Vikings,Texas,FS,Sr/2006,2,16,48,75,NFL Combine,6001,199,4.54,2.67,1.62,17,35 1/2,"10'05""",4.1,6.84,,,,Pro Day,,,,,,,,,81.9,83,83,80,82
Dawan Landry,Dawan,Landry,Ravens,Georgia Tech,SS,Sr/2006,5,13,146,166,NFL Combine,6007,220,4.7,2.73,1.61,18,37 1/2,"10'04""",4.27,,,,,Pro Day,4.6,,,20,39,"10'8""",4.36,6.99,81.4,88,88,71,82
*Anthony Fasano,Anthony,Fasano,Cowboys,Notre Dame,TE,Jr/2006,2,21,53,71,NFL Combine,6041,259,,,,19,33 1/2,"09'04""",4.34,6.94,,,,Pro Day,4.72,,,,,,,,81.1,79,82,83,79
Marcedes Lewis,Marcedes,Lewis,Jags,UCLA,TE,Sr/2006,1,28,28,43,NFL Combine,6063,261,4.84,2.82,1.67,23,37,"09'10""",4.82,7.24,,,,Pro Day,,,,22,,,4.53,,81.0,79,84,78,82
Rocky McIntosh,Rocky,McIntosh,Redskins,Colorado,OLB,Sr/2006,2,3,35,78,NFL Combine,6021,237,4.63,2.74,1.67,18,41 1/2,"09'11""",,,,,,Pro Day,4.62,,,,,,4.2,7.32,80.9,78,88,77,79
*Richard Marshall,Richard,Marshall,Panthers,Fresno State,CB,Jr/2006,2,26,58,32,NFL Combine,5111,189,4.46,2.57,1.56,12,37,"10'09""",4.16,6.65,,,,Pro Day,4.46,,,13,38 1/2,"10'5""",4.37,,80.6,82,83,76,82
Barry Cofield,Barry,Cofield,Giants,Northwestern,DT,Sr/2006,4,27,124,93,NFL Combine,6040,304,5,2.88,1.68,35,34,"08'09""",4.35,7.43,,,,Pro Day,,,,,,,,,80.6,82,85,75,81
Leon Washington,Leon,Washington,Jets,Florida State,RB,Sr/2006,4,20,117,101,NFL Combine,5077,201,4.43,2.63,1.58,17,32 1/2,"08'09""",4.37,6.94,,,,Pro Day,,,,,,,,,80.3,80,82,79,80
*Ray Edwards,Ray,Edwards,Vikings,Purdue,DE,Jr/2006,4,30,127,94,NFL Combine,6046,273,4.82,2.77,1.61,30,39,"09'06""",4.57,7.71,,,,Pro Day,,,,,,,,,80.3,74,83,75,85
Michael Huff,Michael,Huff,Raiders,Texas,SS,Sr/2006,1,7,7,10,NFL Combine,6000,204,4.35,2.56,1.51,21,40 1/2,"10'05""",,,,,,Pro Day,,,,,,,,,79.7,86,87,71,78
Rob Sims,Rob,Sims,Seahawks,Ohio State,OG,Sr/2006,4,31,128,138,NFL Combine,6026,307,,,,27,,,,,,,,Pro Day,,,,,30,"8'10""",4.79,7.5,79.7,84,80,73,82
*Vince Young,Vince,Young,Titans,Texas,QB,Jr/2006,1,3,3,11,NFL Combine,6045,229,,,,,,,,,,,,Pro Day,,,,,,,,,79.6,87,88,68,79
Jeremy Trueblood,Jeremy,Trueblood,Bucs,Boston College,OT,Sr/2006,2,27,59,86,NFL Combine,6080,316,5.31,3.09,1.86,20,27 1/2,"08'00""",4.68,7.82,,,,Pro Day,,,,,,,,,79.6,79,87,78,74
Roman Harper,Roman,Harper,Saints,Alabama,FS,Sr/2006,2,11,43,116,NFL Combine,5117,198,,,,19,,,,,,,,Pro Day,4.5,,,,34,"9'8""",4.34,7.02,79.4,81,79,75,82
Jerious Norwood,Jerious,Norwood,Falcons,Mississippi State,RB,Sr/2006,3,15,79,68,NFL Combine,5115,210,4.33,2.51,1.47,15,36 1/2,"10'02""",4.25,6.81,,,,Pro Day,,,,18,,,,,79.4,83,82,79,75
Willie Colon,Willie,Colon,Steelers,Hofstra,OG,Sr/2006,4,34,131,125,NFL Combine,6030,320,,,,,,,,,,,,Pro Day,,,,,,,,,79.4,70,83,78,82
Chris Chester,Chris,Chester,Ravens,Oklahoma,C,Sr/2006,2,24,56,103,NFL Combine,6033,303,4.88,2.78,1.67,27,31 1/2,"08'10""",4.5,7.31,,,,Pro Day,,,,,,,,,79.3,79,84,78,76
Chris Kuper,Chris,Kuper,Broncos,North Dakota,OG,Sr/2006,5,28,161,246,NFL Combine,6043,301,5.1,2.93,1.75,24,30,"09'01""",4.6,7.59,,,,Pro Day,,,,,,,,,79.3,74,79,78,82
Darryl Tapp,Darryl,Tapp,Seahawks,Virginia Tech,DE,Sr/2006,2,31,63,52,NFL Combine,6015,252,4.84,2.82,1.66,27,33,"09'01""",4.48,7.31,,,,Pro Day,4.8,,,,,,,,79.0,77,83,78,77
Jarrad Page,Jarrad,Page,Chiefs,UCLA,SS,Sr/2006,7,20,228,262,NFL Combine,6003,239,4.65,2.7,1.58,,38,"10'07""",4.14,6.68,,,,Pro Day,4.51,,,14,,,,,78.9,72,85,77,78
Manny Lawson,Manny,Lawson,49ers,North Carolina State,OLB,Sr/2006,1,22,22,22,NFL Combine,6053,241,4.48,2.61,1.53,23,39 1/2,"10'04""",4.18,6.9,,,,Pro Day,,,,,,,,,78.6,78,85,72,79
Tamba Hali,Tamba,Hali,Chiefs,Penn State,DE,Sr/2006,1,20,20,47,NFL Combine,6030,275,,,,,,,,,,,,Pro Day,4.87,,,18,30,"8'10""",4.31,7.28,78.3,86,86,65,80
Tony Scheffler,Tony,Scheffler,Broncos,Western Michigan,TE,Sr/2006,2,29,61,172,NFL Combine,6053,254,4.6,2.71,1.64,17,33 1/2,"09'07""",4.01,6.81,,,,Pro Day,,,,,,,,,78.3,74,84,79,74
Jerome Harrison,Jerome,Harrison,Browns,Washington State,RB,Sr/2006,5,12,145,133,NFL Combine,5092,201,4.51,2.63,1.58,19,34 1/2,"10'04""",4.07,6.77,,,,Pro Day,,,,,,,,,77.4,74,77,71,83
Mark Anderson,Mark,Anderson,Bears,Alabama,DE,Sr/2006,5,26,159,63,NFL Combine,6042,254,4.61,2.68,1.55,20,42,"10'07""",4.22,6.95,,,,Pro Day,,,,,,,,,77.4,84,84,71,74
Deuce Lutui,Deuce,Lutui,Cardinals,Southern California,OG,Sr/2006,2,9,41,54,NFL Combine,6035,334,5.44,3.07,1.8,26,28,"08'01""",4.76,8.04,,,,Pro Day,5.35,,,26,32,"8'5""",4.8,,77.3,79,79,76,76
Matt Leinart,Matt,Leinart,Cardinals,Southern California,QB,Sr/2006,1,10,10,4,NFL Combine,6047,223,,,,,,,,,,,,Pro Day,,,,,37,"9'5""",,,77.1,84,85,68,75
Kelly Jennings,Kelly,Jennings,Seahawks,Miami (FL),CB,Sr/2006,1,31,31,30,NFL Combine,5107,178,4.45,2.6,1.55,,40,"10'00""",4,,,,,Pro Day,,,,12,,"9'7""",3.96,6.88,77.1,78,88,71,72
*Ko Simpson,Ko,Simpson,Bills,South Carolina,FS,So/2006,4,8,105,58,NFL Combine,6010,209,4.47,2.63,1.56,11,40 1/2,"10'02""",4.17,7.09,,,,Pro Day,,,,,,,,,77.1,82,83,73,73
Tye Hill,Tye,Hill,Rams,Clemson,CB,Sr/2006,1,15,15,15,NFL Combine,5095,185,4.38,2.59,1.57,,41,"10'09""",4.01,6.63,,,,Pro Day,,,,,,,,,76.9,84,86,71,70
Miles Austin,Miles,Austin,Undrafted,Monmouth (NJ),WR,Sr/2006,,,Undrafted,148,NFL Combine,6021,215,4.51,2.61,1.57,21,40 1/2,"10'03""",4.14,7.09,,,,Pro Day,,,,,,,,,76.6,61,69,71,88
*Stephen Tulloch,Stephen,Tulloch,Titans,North Carolina State,ILB,Jr/2006,4,19,116,207,NFL Combine,5106,241,4.86,2.83,1.67,27,33 1/2,"09'05""",4.15,7.19,,,,Pro Day,,,,,,,,,76.0,74,79,73,77
*Devin Hester,Devin,Hester,Bears,Miami (FL),WR,Jr/2006,2,25,57,85,NFL Combine,5105,190,4.43,2.61,1.58,16,38,"10'04""",,,,,,Pro Day,4.35,,,,,,4.2,6.78,75.7,70,81,71,78
Parys Haralson,Parys,Haralson,49ers,Tennessee,DE,Sr/2006,5,7,140,110,NFL Combine,6012,253,4.84,2.84,1.64,24,32,"09'07""",4.26,7.37,,,,Pro Day,4.78,,,,34 1/2,"9'5""",4.32,7.25,75.6,69,74,76,78
*Leonard Pope,Leonard,Pope,Cardinals,Georgia,TE,Jr/2006,3,8,72,60,NFL Combine,6076,258,4.65,2.71,1.6,22,37 1/2,"09'10""",4.67,7.47,,,,Pro Day,,,,,,,,,75.4,76,78,73,75
Clint Ingram,Clint,Ingram,Jags,Oklahoma,OLB,Sr/2006,3,16,80,193,NFL Combine,6016,244,4.67,2.73,1.63,22,41,,4.1,7.12,,,,Pro Day,,,,,,"9'6""",4.27,,75.4,76,78,75,73
Mark Setterstrom,Mark,Setterstrom,Rams,Minnesota,OG,Sr/2006,7,34,242,192,NFL Combine,6036,314,5.43,3.04,1.8,19,26 1/2,"08'04""",4.53,7.63,,,,Pro Day,,,,,,,,,75.3,79,77,73,73
*Danieal Manning,Danieal,Manning,Bears,Abilene Christian,CB,Jr/2006,2,10,42,82,NFL Combine,5106,202,4.47,2.64,1.61,17,39,"10'03""",4.07,7.23,,,,Pro Day,4.45,,,,,,,,75.1,84,78,70,70
*LenDale White,LenDale,White,Titans,Southern California,RB,Jr/2006,2,13,45,25,NFL Combine,6003,238,,,,,,,,,,,,Pro Day,,,,15,,,,,74.9,78,84,79,60
Daryn Colledge,Daryn,Colledge,Packers,Boise State,OT,Sr/2006,2,15,47,48,NFL Combine,6043,299,5.04,2.87,1.67,21,32 1/2,"09'02""",4.58,7.43,,,,Pro Day,,,,22,,,,,74.4,80,77,72,70
Paul McQuistan,Paul,McQuistan,Raiders,Weber State,OT,Sr/2006,3,5,69,113,NFL Combine,6061,312,5.1,2.91,1.72,28,29 1/2,"09'02""",4.62,7.72,,,,Pro Day,,,,28,,,,,74.4,75,81,72,70
Chris Gocong,Chris,Gocong,Eagles,Cal Poly,DE,Sr/2006,3,7,71,81,NFL Combine,6021,263,4.78,2.76,1.59,28,38 1/2,"10'03""",4.08,7.05,,,,Pro Day,,,,,42,"10'5""",,,74.0,74,81,70,71
Jeff King,Jeff,King,Panthers,Virginia Tech,TE,Sr/2006,5,22,155,167,NFL Combine,6051,245,4.87,2.79,1.66,21,32 1/2,"09'01""",4.09,6.99,,,,Pro Day,,,,24,34,"9'2""",,,74.0,70,78,73,73
Johnny Jolly,Johnny,Jolly,Packers,Texas AM,DT,Sr/2006,6,14,183,157,NFL Combine,6032,317,5.45,3.15,1.83,,,"08'08""",,,,,,Pro Day,,,,,,,,,74.0,60,82,72,75
*Winston Justice,Winston,Justice,Eagles,Southern California,OT,Jr/2006,2,7,39,12,NFL Combine,6061,319,,,,,35,"09'02""",4.53,7.31,,,,Pro Day,5.16,,,38,39,,4.43,,73.7,77,76,66,77
Max Jean-Gilles,Max,Jean-Gilles,Eagles,Georgia,OG,Sr/2006,4,2,99,45,NFL Combine,6036,355,5.5,3.16,1.88,27,24 1/2,"07'11""",5.08,8.56,,,,Pro Day,,,,31,,,,,73.7,74,80,69,72
David Thomas,David,Thomas,Patriots,Texas,TE,Sr/2006,3,22,86,105,NFL Combine,6031,252,4.73,2.73,1.64,19,37 1/2,"09'05""",4.34,7.05,,,,Pro Day,,,,,,,,,73.6,73,78,65,78
Eric Smith,Eric,Smith,Jets,Michigan State,SS,Sr/2006,3,33,97,189,NFL Combine,6010,209,4.67,2.64,1.64,21,40,"10'07""",4.1,6.89,,,,Pro Day,4.59,,,,,,3.97,,73.4,72,77,67,77
*John McCargo,John,McCargo,Bills,North Carolina State,DT,Jr/2006,1,26,26,38,NFL Combine,6014,302,5.19,2.96,1.75,25,30 1/2,"09'02""",4.48,7.79,,,,Pro Day,,,,,,,,,73.3,77,83,70,65
Brad Butler,Brad,Butler,Bills,Virginia,OT,Sr/2006,5,10,143,278,NFL Combine,6071,310,,,,,,,,,,,,Pro Day,,,,,,,4.75,7.51,73.3,75,83,76,60
Guy Whimper,Guy,Whimper,Giants,East Carolina,OT,Sr/2006,4,32,129,96,NFL Combine,6046,304,4.95,2.88,1.74,26,29,"08'06""",4.59,7.38,,,,Pro Day,,,,,,,,,73.1,70,75,73,73
Ryan O'Callaghan,Ryan,O'Callaghan,Patriots,California,OT,Sr/2006,5,3,136,64,NFL Combine,6065,344,5.37,3.1,1.86,21,25,"07'08""",,,,,,Pro Day,5.32,,,,26,"8'0""",4.83,7.97,73.0,75,77,65,76
Tarvaris Jackson,Tarvaris,Jackson,Vikings,Alabama State,QB,Sr/2006,2,32,64,277,NFL Combine,6020,226,4.68,2.74,1.65,22,31 1/2,"08'11""",4.38,7.4,,,,Pro Day,,,,,,,,,72.9,76,79,67,71
Kedric Golston,Kedric,Golston,Redskins,Georgia,DT,Sr/2006,6,27,196,163,NFL Combine,6040,300,4.94,2.9,1.71,31,33,"09'03""",4.45,7.6,,,,Pro Day,,,,,,,,,72.7,75,75,69,73
Kellen Clemens,Kellen,Clemens,Jets,Oregon,QB,Sr/2006,2,17,49,126,NFL Combine,6015,224,,,,,,,,,,,,Pro Day,,,,,,,,,72.6,76,77,69,70
Daniel Bullocks,Daniel,Bullocks,Lions,Nebraska,SS,Sr/2006,2,8,40,44,NFL Combine,6004,212,4.41,2.57,1.5,18,38,"10'04""",4.16,6.91,,,,Pro Day,,,,,,,,,72.3,82,82,70,60
Kevin Boothe,Kevin,Boothe,Raiders,Cornell,OT,Sr/2006,6,7,176,158,NFL Combine,6046,316,5.41,3.07,1.8,23,31 1/2,"08'02""",5.07,8.36,,,,Pro Day,,,,,,,,,72.3,78,78,66,70
Naufahu Tahi,Naufahu,Tahi,Undrafted,Brigham Young,FB,Sr/2006,,,Undrafted,275,NFL Combine,5117,254,4.9,2.81,1.69,35,29,"08'05""",4.7,7.72,,,,Pro Day,4.81,,,,33 1/2,"8'11""",4.61,7.27,72.3,60,60,78,76
Gabe Watson,Gabe,Watson,Cardinals,Michigan,DT,Sr/2006,4,10,107,55,NFL Combine,6034,339,5.28,3.05,1.82,36,25,"08'00""",4.8,8.28,,,,Pro Day,,,,,27,"8'6""",,,72.1,73,80,68,68
Bobby Carpenter,Bobby,Carpenter,Cowboys,Ohio State,OLB,Sr/2006,1,18,18,21,NFL Combine,6024,256,,,,,,,,,,,,Pro Day,4.65,,,20,,,4.31,6.88,71.7,78,80,62,70
Ryan Cook,Ryan,Cook,Vikings,New Mexico,OT,Sr/2006,2,19,51,220,NFL Combine,6065,328,5.45,3.1,1.83,28,26 1/2,"08'01""",4.66,7.93,,,,Pro Day,,,,,,,,,71.7,74,87,67,60
Maurice Stovall,Maurice,Stovall,Bucs,Notre Dame,WR,Sr/2006,3,26,90,59,NFL Combine,6043,217,4.58,2.68,1.62,,35,"10'02""",4.14,6.81,,,,Pro Day,4.55,,,,32 1/2,"10'4""",,,71.7,78,79,62,71
Jason Avant,Jason,Avant,Eagles,Michigan,WR,Sr/2006,4,12,109,98,NFL Combine,6004,212,,,,20,37,"09'10""",,,,,,Pro Day,4.62,,,,36,"10'4""",4.19,7.02,71.7,68,76,65,76
Leon Williams,Leon,Williams,Browns,Miami (FL),ILB,Sr/2006,4,13,110,186,NFL Combine,6030,245,4.61,2.67,1.56,25,,,,,,,,Pro Day,,,,,34,"9'9""",4.05,7.06,71.7,74,83,71,60
Pat Watkins,Pat,Watkins,Cowboys,Florida State,FS,Sr/2006,5,5,138,77,NFL Combine,6046,211,4.44,2.56,1.49,14,41,"11'01""",,,,,,Pro Day,,,,,,,,,71.7,78,76,67,68
Keith Ellison,Keith,Ellison,Bills,Oregon State,OLB,Sr/2006,6,9,178,150,NFL Combine,6014,235,4.84,2.81,1.65,24,32 1/2,"09'07""",4.16,7.22,,,,Pro Day,4.74,,,23,34,"9'5""",4.25,6.75,71.7,70,79,68,69
Tim Jennings,Tim,Jennings,Colts,Georgia,CB,Sr/2006,2,30,62,80,NFL Combine,5076,185,4.34,2.54,1.47,17,37 1/2,"09'09""",,,,,,Pro Day,,,,,,,4.34,,71.6,75,77,68,68
Victor Adeyanju,Victor,Adeyanju,Rams,Indiana,DE,Sr/2006,4,16,113,67,NFL Combine,6042,274,4.9,2.88,1.71,22,32,"09'04""",4.41,7.37,,,,Pro Day,4.69,,,,,,,,71.6,71,76,70,69
Mike Bell,Mike,Bell,Undrafted,Arizona,RB,Sr/2006,,,Undrafted,188,NFL Combine,6002,221,4.63,2.66,1.55,19,31 1/2,"09'04""",4.21,7.16,,,,Pro Day,4.64,,,21,33,"9'6""",4.16,6.91,71.1,78,78,55,77
Jason Allen,Jason,Allen,Dolphins,Tennessee,FS,Sr/2006,1,16,16,24,NFL Combine,6007,209,4.41,2.56,1.51,17,39 1/2,"10'11""",3.81,6.75,,,,Pro Day,,,,,,,,,70.7,80,77,65,64
Michael Robinson,Michael,Robinson,49ers,Penn State,WR,Sr/2006,4,3,100,92,NFL Combine,6013,227,,,,,,,,,,,,Pro Day,4.57,,,12,33,"9'11""",4.41,6.95,70.6,74,77,65,68
Jonathan Scott,Jonathan,Scott,Lions,Texas,OT,Sr/2006,5,8,141,118,NFL Combine,6063,315,5.35,3.06,1.84,,24 1/2,"08'05""",4.85,7.73,,,,Pro Day,,,,,,,,,70.6,72,77,65,69
Joe Klopfenstein,Joe,Klopfenstein,Rams,Colorado,TE,Sr/2006,2,14,46,65,NFL Combine,6056,255,4.65,2.67,1.58,27,36,"09'04""",4.21,7.39,,,,Pro Day,4.56,,,,,,,,70.4,77,75,72,60
Demetrius Williams,Demetrius,Williams,Ravens,Oregon,WR,Sr/2006,4,14,111,50,NFL Combine,6016,197,,,,,38,"10'07""",4.08,6.84,,,,Pro Day,,,,,,,,,70.3,70,78,66,67
Rashad Butler,Rashad,Butler,Panthers,Miami (FL),OT,Sr/2006,3,25,89,237,NFL Combine,6045,293,,,,16,28,"08'10""",4.55,7.9,,,,Pro Day,5.3,,,,,,,,70.1,71,72,69,69
Abdul Hodge,Abdul,Hodge,Packers,Iowa,ILB,Sr/2006,3,3,67,40,NFL Combine,6003,236,4.79,2.78,1.64,,31,"09'00""",4.3,7.09,,,,Pro Day,4.67,,,25,,,,,69.6,73,75,66,66
Brad Smith,Brad,Smith,Jets,Missouri,WR,Sr/2006,4,6,103,120,NFL Combine,6021,213,4.54,2.64,1.58,,39 1/2,"10'08""",4.33,7,,,,Pro Day,4.49,,,,,,,,69.6,65,76,66,69
Domenik Hixon,Domenik,Hixon,Broncos,Akron,WR,Sr/2006,4,33,130,226,NFL Combine,6021,192,,,,,,,,,,,,Pro Day,4.39,,,,,,,,69.4,60,70,70,72
Dusty Dvoracek,Dusty,Dvoracek,Bears,Oklahoma,DT,Sr/2006,3,9,73,115,NFL Combine,6026,306,5.07,2.96,1.74,31,34,"09'02""",4.35,7.62,,,,Pro Day,4.83,,,,,"9'6""",4.47,7.59,69.0,67,79,69,60
Ryan Plackemeier,Ryan,Plackemeier,Seahawks,Wake Forest,P,Sr/2006,7,31,239,203,NFL Combine,6033,253,,,,,,,,,,,,Pro Day,,,,,,,,,68.4,87,75,55,60
Hank Baskett,Hank,Baskett,Undrafted,New Mexico,WR,Sr/2006,,,Undrafted,190,NFL Combine,6027,224,4.49,2.64,1.59,,35,"09'11""",4.17,6.79,,,,Pro Day,,,,,,,,,68.3,72,74,64,65
Steve Weatherford,Steve,Weatherford,Undrafted,Illinois,P,Sr/2006,,,Undrafted,279,NFL Combine,6021,217,,,,,,,,,,,,Pro Day,,,,,,,,,68.0,80,78,55,64
Brodie Croyle,Brodie,Croyle,Chiefs,Alabama,QB,Sr/2006,3,21,85,114,NFL Combine,6024,205,4.9,2.83,1.69,,30 1/2,"08'08""",4.25,7.34,,,,Pro Day,,,,,,,,,67.9,77,78,56,65
Reed Doughty,Reed,Doughty,Redskins,Northern Colorado,FS,Sr/2006,6,4,173,236,NFL Combine,6004,209,4.68,2.67,1.59,15,37,"10'01""",4.17,6.66,,,,Pro Day,4.62,,,,,,4.3,,67.7,60,75,63,69
Will Montgomery,Will,Montgomery,Panthers,Virginia Tech,C,Sr/2006,7,26,234,292,NFL Combine,6030,312,5.09,2.88,1.69,35,29 1/2,"08'08""",4.43,7.4,,,,Pro Day,4.98,,,,27,"8'4""",4.46,7.3,67.6,65,71,68,65
*Ashton Youboty,Ashton,Youboty,Bills,Ohio State,CB,Jr/2006,3,6,70,26,NFL Combine,5116,189,,,,,,,,,,,,Pro Day,4.44,,,11,36,"10'0""",4.18,6.96,67.3,73,71,62,65
Charlie Whitehurst,Charlie,Whitehurst,Chargers,Clemson,QB,Sr/2006,3,17,81,153,NFL Combine,6046,223,4.77,2.79,1.65,,33,"09'04""",4.11,7,,,,Pro Day,,,,,,,,,67.3,73,73,55,71
Delanie Walker,Delanie,Walker,49ers,Central Missouri,WR,Sr/2006,6,6,175,161,NFL Combine,6012,240,4.54,2.67,1.61,,36 1/2,"09'10""",,,,,,Pro Day,4.53,,,,36,"10'7""",4.6,7.23,67.1,60,73,66,66
Frostee Rucker,Frostee,Rucker,Bengals,Southern California,DE,Sr/2006,3,27,91,173,NFL Combine,6032,267,4.89,2.85,1.69,,29 1/2,"09'02""",,,,,,Pro Day,4.8,,,19,35,"9'8""",,,67.0,69,73,60,67
Jeff Webb,Jeff,Webb,Chiefs,San Diego State,WR,Sr/2006,6,21,190,244,NFL Combine,6021,211,4.44,2.59,1.54,,37,"10'06""",4.08,6.81,,,,Pro Day,,,,,,,,,67.0,65,76,66,60
*Stanley McClover,Stanley,McClover,Panthers,Auburn,DE,rJr/2006,7,29,237,104,NFL Combine,6023,262,4.71,2.73,1.63,19,39,"09'06""",4.5,7.87,,,,Pro Day,4.63,,,,,,,,67.0,73,76,62,60
Jimmy Williams,Jimmy,Williams,Falcons,Virginia Tech,CB,Sr/2006,2,5,37,13,NFL Combine,6023,213,,,,,,,,,,,,Pro Day,4.44,,,12,33,"9'6""",4.15,6.69,66.7,80,77,55,60
James Anderson,James,Anderson,Panthers,Virginia Tech,OLB,Sr/2006,3,24,88,165,NFL Combine,6026,229,4.64,2.67,1.56,,41,"10'01""",4.07,6.67,,,,Pro Day,,,,,,,,,66.6,60,73,61,69
Nate Salley,Nate,Salley,Panthers,Ohio State,FS,Sr/2006,4,24,121,196,NFL Combine,6016,216,4.67,2.71,1.6,14,40,"10'03""",4.15,6.79,,,,Pro Day,4.53,,,,,,,,66.6,70,77,61,60
Calvin Lowry,Calvin,Lowry,Titans,Penn State,SS,Sr/2006,4,5,102,128,NFL Combine,5110,200,4.49,2.6,1.56,15,36,"10'00""",4.2,7.16,,,,Pro Day,4.5,,,16,,,4.19,7.14,66.3,60,77,65,60
Bruce Gradkowski,Bruce,Gradkowski,Bucs,Toledo,QB,Sr/2006,6,25,194,177,NFL Combine,6013,217,4.61,2.72,1.63,,34,"08'11""",4.16,7.12,,,,Pro Day,,,,,,,,,66.3,72,74,55,67
Anthony Smith,Anthony,Smith,Steelers,Syracuse,FS,Sr/2006,3,19,83,130,NFL Combine,6001,194,4.71,2.71,1.62,18,41,"10'05""",4.35,6.75,,,,Pro Day,4.64,,,,,,4.29,6.63,66.1,75,75,55,64
Oliver Hoyte,Oliver,Hoyte,Undrafted,North Carolina State,ILB,Sr/2006,,,Undrafted,217,NFL Combine,6025,245,5.01,2.9,1.75,19,32,"09'04""",4.3,7.47,,,,Pro Day,,,,,,,,,66.1,77,78,55,60
Ricky Brown,Ricky,Brown,Undrafted,Boston College,OLB,Sr/2006,,,Undrafted,266,NFL Combine,6016,230,,,,,,,,,,,,Pro Day,4.48,,,18,32,"9'0""",3.96,6.99,66.0,60,62,65,70
*Chad Jackson,Chad,Jackson,Patriots,Florida,WR,Jr/2006,2,4,36,17,NFL Combine,6007,213,4.34,2.55,1.54,,38 1/2,"10'02""",3.97,6.73,,,,Pro Day,,,,,38 1/2,,,,65.9,73,78,56,60
Quinn Sypniewski,Quinn,Sypniewski,Ravens,Colorado,TE,Sr/2006,5,33,166,271,NFL Combine,6064,268,4.81,2.78,1.64,20,32 1/2,"09'06""",4.52,7.09,,,,Pro Day,,,,,,,,,65.7,64,73,65,60
Devin Aromashodu,Devin,Aromashodu,Dolphins,Auburn,WR,Sr/2006,7,25,233,76,NFL Combine,6024,201,4.35,2.55,1.53,,39,"10'00""",4.16,7.04,,,,Pro Day,,,,,,,,,65.7,60,75,55,70
Rob Ninkovich,Rob,Ninkovich,Saints,Purdue,DE,Sr/2006,5,2,135,155,NFL Combine,6031,260,4.93,2.86,1.69,23,34 1/2,"09'08""",4.18,6.96,,,,Pro Day,4.8,,,,,,,,65.6,68,68,55,71
Garrett Mills,Garrett,Mills,Patriots,Tulsa,FB,Sr/2006,4,9,106,222,NFL Combine,6011,241,4.66,2.69,1.6,23,35 1/2,"09'03""",4.05,6.81,,,,Pro Day,,,,,,,,,65.4,60,71,68,60
Will Blackmon,Will,Blackmon,Packers,Boston College,CB,Sr/2006,4,18,115,134,NFL Combine,6002,198,4.46,2.6,1.55,,41,"11'01""",4.23,6.67,,,,Pro Day,4.55,,,,40,"10'5""",4.2,,65.3,69,70,61,63
Derek Hagan,Derek,Hagan,Dolphins,Arizona State,WR,Sr/2006,3,18,82,102,NFL Combine,6016,208,4.46,2.58,1.52,,36,"10'04""",4.07,,,,,Pro Day,,,,15,40,,,,65.1,72,72,55,65
*Tony McDaniel,Tony,McDaniel,Undrafted,Tennessee,DT,Jr/2006,,,Undrafted,286,NFL Combine,6067,300,,,,,,,,,,,,Pro Day,,,,,,,,,65.0,60,60,67,67
Gerris Wilkinson,Gerris,Wilkinson,Giants,Georgia Tech,ILB,Sr/2006,3,32,96,62,NFL Combine,6030,233,4.65,2.71,1.56,19,39,"10'02""",4.17,7.21,,,,Pro Day,4.62,,,20,41,"10'11""",4.08,7.34,64.9,70,77,55,60
Brandon Johnson,Brandon,Johnson,Cardinals,Louisville,OLB,Sr/2006,5,9,142,176,NFL Combine,6047,228,4.47,2.61,1.56,11,37,"09'10""",4.34,7.17,,,,Pro Day,,,,,,,,,64.9,61,67,55,72
Sinorice Moss,Sinorice,Moss,Giants,Miami (FL),WR,Sr/2006,2,12,44,41,NFL Combine,5080,185,4.41,2.58,1.55,,,,,,,,,Pro Day,,,,,42,"10'3""",,,64.7,69,72,60,60
*Brian Calhoun,Brian,Calhoun,Lions,Wisconsin,RB,Jr/2006,3,10,74,73,NFL Combine,5092,201,4.58,2.64,1.56,18,31 1/2,"10'04""",4.2,7.05,,,,Pro Day,,,,,,,,,64.6,72,75,55,60
Jason Hunter,Jason,Hunter,Undrafted,Appalachian State,DE,Sr/2006,,,Undrafted,259,NFL Combine,6041,232,,,,,,,,,,,,Pro Day,4.54,,,22,35,"10'2""",4.23,6.93,64.6,66,66,55,70
Greg Blue,Greg,Blue,Vikings,Georgia,FS,Sr/2006,5,16,149,135,NFL Combine,6022,216,4.62,2.7,1.6,16,37 1/2,"10'00""",,,,,,Pro Day,4.55,,,,,,4.28,7.09,64.4,73,74,55,60
Jason Hatcher,Jason,Hatcher,Cowboys,Grambling State,DE,Jr/2006,3,28,92,169,NFL Combine,6057,284,4.92,2.88,1.69,28,35 1/2,"09'05""",4.49,7.67,,,,Pro Day,,,,,,,,,64.3,70,71,59,60
Tyrone Culver,Tyrone,Culver,Packers,Fresno State,FS,Sr/2006,6,16,185,295,NFL Combine,6006,200,,,,,,,,,,,,Pro Day,4.62,,,23,39 1/2,"10'9""",4.35,7.25,64.3,64,60,64,66
Charles Spencer,Charles,Spencer,Texans,Pittsburgh,OG,Sr/2006,3,1,65,90,NFL Combine,6046,352,5.32,3.03,1.83,30,,,,,,,,Pro Day,,,,,,,,,64.1,73,73,55,60
Isaac Sowells,Isaac,Sowells,Browns,Indiana,OG,Sr/2006,4,15,112,218,NFL Combine,6034,324,5.21,3.03,1.82,20,28 1/2,"08'05""",4.98,8.13,,,,Pro Day,,,,,,,4.78,7.58,64.0,60,69,65,60
Travis Wilson,Travis,Wilson,Browns,Oklahoma,WR,Sr/2006,3,14,78,72,NFL Combine,6020,214,4.52,2.65,1.6,,36 1/2,"10'00""",3.99,6.7,,,,Pro Day,,,,,,,,,63.9,73,71,55,60
Zach Strief,Zach,Strief,Saints,Northwestern,OT,Sr/2006,7,2,210,249,NFL Combine,6075,330,5.41,3.1,1.85,19,21,"07'10""",4.83,8.01,,,,Pro Day,,,,,,,,,63.9,65,60,62,66
Orien Harris,Orien,Harris,Steelers,Miami (FL),DT,Sr/2006,4,36,133,66,NFL Combine,6032,301,,,,25,,,,,,,,Pro Day,5.27,,,,30,"8'6""",4.51,7.43,63.7,68,60,65,60
Tim Dobbins,Tim,Dobbins,Chargers,Iowa State,ILB,Sr/2006,5,18,151,88,NFL Combine,6011,246,4.61,2.65,1.62,23,35 1/2,"09'02""",4.39,7.25,,,,Pro Day,,,,,,,,,63.6,60,60,65,65
Montavious Stanley,Montavious,Stanley,Cowboys,Louisville,DT,Sr/2006,6,13,182,61,NFL Combine,6021,313,5.2,3.04,1.82,,29,"08'10""",4.6,8.06,,,,Pro Day,,,,,,,,,63.4,68,73,55,60
*Fred Matua,Fred,Matua,Lions,Southern California,OG,Jr/2006,7,9,217,108,NFL Combine,6023,306,,,,28,24 1/2,"07'09""",4.76,7.87,,,,Pro Day,5,,,25,31,"8'7""",4.8,,63.4,77,60,55,60
*Charles Gordon,Charles,Gordon,Undrafted,Kansas,CB,Jr/2006,,,Undrafted,162,NFL Combine,5101,183,4.69,2.74,1.66,12,35 1/2,"09'07""",4.2,6.95,,,,Pro Day,4.59,,,19,,,4.19,6.84,63.4,60,77,55,60
Ben Obomanu,Ben,Obomanu,Seahawks,Auburn,WR,Sr/2006,7,41,249,144,NFL Combine,6010,205,4.45,2.62,1.59,,38,"09'08""",4.21,7.17,,,,Pro Day,4.44,,,,41,"10'1""",4.44,6.98,63.3,61,73,58,60
Dominique Byrd,Dominique,Byrd,Rams,Southern California,TE,Sr/2006,3,29,93,69,NFL Combine,6025,255,,,,,,,,,,,,Pro Day,4.79,,,16,36,"9'8""",4.44,,63.1,71,70,55,60
Willie Reid,Willie,Reid,Steelers,Florida State,WR,Sr/2006,3,31,95,251,NFL Combine,5104,188,4.37,2.59,1.53,,37 1/2,"09'09""",4.26,7.06,,,,Pro Day,,,,,,,,,63.1,68,72,55,60
Brent Hawkins,Brent,Hawkins,Jags,Illinois State,DE,Sr/2006,5,27,160,229,NFL Combine,6022,244,,,,,,,,,,,,Pro Day,,,,,,,,,63.1,60,76,55,60
Michael Toudouze,Michael,Toudouze,Colts,Texas Christian,OT,Sr/2006,5,29,162,185,NFL Combine,6056,303,5.1,2.93,1.76,23,26 1/2,"08'04""",4.7,7.45,,,,Pro Day,,,,,,,,,63.1,66,68,60,60
Wali Lundy,Wali,Lundy,Texans,Virginia,RB,Sr/2006,6,1,170,282,NFL Combine,5110,214,4.55,2.63,1.55,18,35,"09'03""",4.36,6.99,,,,Pro Day,,,,,,,,,63.1,76,60,55,60
*Darnell Bing,Darnell,Bing,Raiders,Southern California,SS,Jr/2006,4,4,101,33,NFL Combine,6020,227,,,,17,34,"10'00""",4.07,7.25,,,,Pro Day,4.53,,,21,38,"10'4""",4.18,,62.9,70,70,55,60
Joe Toledo,Joe,Toledo,Dolphins,Washington,OT,Sr/2006,4,17,114,140,NFL Combine,6054,337,5.17,3.02,1.81,32,,,,,,,,Pro Day,,,,,29,"8'3""",4.65,7.9,62.9,75,60,55,60
Marvin Philip,Marvin,Philip,Steelers,California,C,Sr/2006,6,32,201,156,NFL Combine,6010,307,5.27,2.98,1.78,27,27,"08'00""",4.69,7.85,,,,Pro Day,5.26,,,25,,,4.75,7.59,62.9,60,68,62,60
T.J. Rushing,T.J.,Rushing,Colts,Stanford,CB,Sr/2006,7,30,238,247,NFL Combine,5103,180,,,,,,,,,,,,Pro Day,4.41,,,20,40,"10'0""",4.34,7.12,62.9,64,73,55,60
Andre Hall,Andre,Hall,Undrafted,South Florida,RB,Sr/2006,,,Undrafted,95,NFL Combine,5084,208,4.45,2.57,1.5,18,33,"09'05""",,7.38,,,,Pro Day,,,,,,,4.2,,62.9,60,75,55,60
Anthony Mix,Anthony,Mix,Undrafted,Auburn,WR,Sr/2006,,,Undrafted,213,NFL Combine,6042,235,4.49,2.65,1.6,,31 1/2,"09'03""",,,,,,Pro Day,,,,,32,"9'7""",4.43,7.18,62.9,60,75,55,60
Jason Carter,Jason,Carter,Undrafted,Texas AM,WR,Sr/2006,,,Undrafted,240,NFL Combine,5115,211,4.65,2.71,1.6,,33,"09'08""",4.21,6.89,,,,Pro Day,4.63,,,17,33,"9'9""",4.02,7.15,62.9,60,75,55,60
Jon Alston,Jon,Alston,Rams,Stanford,OLB,Sr/2006,3,13,77,111,NFL Combine,6006,223,4.5,2.57,1.56,30,40,"11'00""",4.13,6.9,,,,Pro Day,,,,,,,,,62.7,65,67,55,65
Matt Lentz,Matt,Lentz,Undrafted,Michigan,OG,Sr/2006,,,Undrafted,280,NFL Combine,6057,320,,,,,,,,,,,,Pro Day,5.38,,,36,23,"7'8""",4.88,7.98,62.7,70,69,55,60
Paul Carrington,Paul,Carrington,Undrafted,Central Florida,DE,Sr/2006,,,Undrafted,288,NFL Combine,6067,267,,,,,,,,,,,,Pro Day,4.65,,,21,34,"10'2""",4.48,7.22,62.6,74,60,55,60
Claude Wroten,Claude,Wroten,Rams,LSU,DT,Sr/2006,3,4,68,53,NFL Combine,6020,302,,,,,,,,,,,,Pro Day,,,,24,28 1/2,"8'10""",,,62.4,69,69,55,60
Adam Jennings,Adam,Jennings,Falcons,Fresno State,WR,Sr/2006,6,15,184,146,NFL Combine,5091,181,4.48,2.56,1.57,,37 1/2,"09'10""",4.12,6.88,,,,Pro Day,4.47,,,,,,,,62.4,65,71,55,60
Jeremy Mincey,Jeremy,Mincey,Patriots,Florida,DE,Sr/2006,6,22,191,139,NFL Combine,6034,259,4.76,2.79,1.64,27,33 1/2,"09'08""",4.25,6.99,,,,Pro Day,4.68,,,,,"10'1""",,,62.4,69,69,55,60
David Pittman,David,Pittman,Ravens,Northwestern State,CB,Sr/2006,3,23,87,119,NFL Combine,5112,182,4.51,2.62,1.58,14,36,"10'08""",4.23,,,,,Pro Day,,,,16,,,4.12,6.96,62.3,67,60,61,60
*Derrick Martin,Derrick,Martin,Ravens,Wyoming,CB,Jr/2006,6,39,208,83,NFL Combine,5100,202,4.53,2.57,1.58,17,40,"10'07""",3.95,6.72,,,,Pro Day,,,,,,,,,62.3,68,60,55,65
Brian Iwuh,Brian,Iwuh,Undrafted,Colorado,OLB,Sr/2006,,,Undrafted,201,NFL Combine,6000,234,,,,20,,,,,,,,Pro Day,4.66,,,,34,"9'10""",4.32,7.27,62.3,60,73,55,60
Jesse Mahelona,Jesse,Mahelona,Titans,Tennessee,DT,Sr/2006,5,36,169,143,NFL Combine,6004,311,,,,,,,,,,,,Pro Day,5.37,,,27,27,"7'6""",4.84,7.63,62.0,72,60,55,60
Marcus Hudson,Marcus,Hudson,49ers,North Carolina State,FS,Sr/2006,6,23,192,164,NFL Combine,6011,194,,,,11,,,,,,,,Pro Day,,,,,,,,,62.0,64,70,55,60
Melvin Oliver,Melvin,Oliver,49ers,LSU,DE,Sr/2006,6,28,197,267,NFL Combine,6026,276,,,,,,,,,,,,Pro Day,,,,,,,,,62.0,72,60,55,60
D.J. Shockley,D.J.,Shockley,Falcons,Georgia,QB,Sr/2006,7,15,223,293,NFL Combine,6011,214,4.57,2.67,1.58,,37 1/2,"10'01""",4.17,7.07,,,,Pro Day,,,,,,,,,62.0,68,68,55,60
Rodrique Wright,Rodrique,Wright,Dolphins,Texas,DT,Sr/2006,7,18,226,84,NFL Combine,6051,300,5.13,2.92,1.7,31,32,"09'02""",4.51,7.84,,,,Pro Day,,,,,,,,,61.7,66,68,55,60
Marcus Maxey,Marcus,Maxey,Chiefs,Miami (FL),CB,Sr/2006,5,21,154,131,NFL Combine,6014,198,4.51,2.61,1.56,14,41 1/2,"10'09""",,,,,,Pro Day,4.42,,,17,,,4.23,7.58,61.4,70,60,55,60
Willie Andrews,Willie,Andrews,Patriots,Baylor,SS,Sr/2006,7,21,229,179,NFL Combine,5093,193,4.38,2.57,1.54,7,36 1/2,"10'04""",4.27,6.99,,,,Pro Day,,,,,,,,,61.4,70,60,55,60
William Kershaw,William,Kershaw,Undrafted,Maryland,OLB,Sr/2006,,,Undrafted,298,NFL Combine,6026,240,4.69,2.76,1.7,21,37,"09'03""",4.17,6.95,,,,Pro Day,,,,,,,,,61.1,66,60,58,60
Jonathan Lewis,Jonathan,Lewis,Cardinals,Virginia Tech,DT,Sr/2006,6,8,177,112,NFL Combine,6011,309,5.04,2.9,1.7,24,33 1/2,"09'03""",4.4,7.4,,,,Pro Day,,,,,,,,,60.9,68,60,55,60
Tim McGarigle,Tim,McGarigle,Rams,Northwestern,ILB,Sr/2006,7,13,221,256,NFL Combine,6005,242,4.76,2.77,1.63,,38,"09'10""",4.07,7.09,,,,Pro Day,,,,,,,,,60.9,60,68,55,60
Charles Bennett,Charles,Bennett,Bucs,Clemson,DE,Sr/2006,7,33,241,208,NFL Combine,6035,258,4.73,2.76,1.62,19,33 1/2,"09'07""",4.52,7.48,,,,Pro Day,,,,,,,,,60.9,68,60,55,60
Charlie Peprah,Charlie,Peprah,Giants,Alabama,SS,Sr/2006,5,25,158,294,NFL Combine,5107,206,4.68,2.74,1.64,15,37 1/2,"09'11""",4.09,6.81,,,,Pro Day,4.55,,,17,37,"9'9""",4.19,6.69,60.6,60,67,55,60
*Dee Webb,Dee,Webb,Jags,Florida,CB,Jr/2006,7,28,236,70,NFL Combine,5106,183,4.45,2.59,1.57,,36 1/2,"10'01""",,,,,,Pro Day,4.44,,,,,,4.1,6.92,60.6,67,60,55,60
Brandon Williams,Brandon,Williams,49ers,Wisconsin,WR,Sr/2006,3,20,84,106,NFL Combine,5093,179,4.51,2.6,1.56,,34 1/2,"09'07""",4.07,6.87,,,,Pro Day,,,,,,,,,60.3,60,66,55,60
Babatunde Oshinowo,Babatunde,Oshinowo,Browns,Stanford,DT,Sr/2006,6,12,181,79,NFL Combine,6015,304,5.34,3.06,1.79,33,32,"08'09""",4.54,7.87,,,,Pro Day,,,,,,,,7.63,60.0,60,60,60,60
Skyler Green,Skyler,Green,Cowboys,LSU,WR,Sr/2006,4,28,125,212,NFL Combine,5091,192,4.53,2.65,1.58,,34,"09'10""",,,,,,Pro Day,4.51,,,,34,"10'0""",4.2,6.84,59.7,64,60,55,60
Justin Hamilton,Justin,Hamilton,Browns,Virginia Tech,FS,Sr/2006,7,14,222,245,NFL Combine,6031,218,,,,,,,,,,,,Pro Day,4.52,,,19,43,"10'6""",4.04,6.65,59.4,63,60,55,60
Spencer Havner,Spencer,Havner,Undrafted,UCLA,ILB,Sr/2006,,,Undrafted,117,NFL Combine,6033,242,4.73,2.76,1.66,,39,"09'08""",4.07,6.81,,,,Pro Day,4.63,,,,,,,,59.4,60,60,55,62
Anthony Schlegel,Anthony,Schlegel,Jets,Ohio State,ILB,Sr/2006,3,12,76,265,NFL Combine,6004,250,4.86,2.83,1.69,21,32,"09'03""",4.38,7.41,,,,Pro Day,4.78,,,,,,,,58.6,60,60,55,60
Freddy Keiaho,Freddy,Keiaho,Colts,San Diego State,ILB,Sr/2006,3,30,94,109,NFL Combine,5112,224,,,,15,36,"09'05""",4.12,7.01,,,,Pro Day,4.68,,,,,,,,58.6,60,60,55,60
*Cory Rodgers,Cory,Rodgers,Packers,Texas Christian,WR,Jr/2006,4,7,104,210,NFL Combine,5117,188,4.65,2.7,1.63,,33 1/2,"09'02""",4.19,7.37,,,,Pro Day,,,,,,,,,58.6,60,60,55,60
Alan Zemaitis,Alan,Zemaitis,Bucs,Penn State,CB,Sr/2006,4,25,122,57,NFL Combine,6012,194,,,,,,,,,,,,Pro Day,4.57,,,10,30,"9'9""",4.18,6.68,58.6,60,60,55,60
P.J. Daniels,P.J.,Daniels,Ravens,Georgia Tech,RB,Sr/2006,4,35,132,243,NFL Combine,5101,214,4.61,2.65,1.55,21,33,"09'08""",4.4,7.13,,,,Pro Day,4.67,,,,35,"9'11""",4.47,7.23,58.6,60,60,55,60
Terna Nande,Terna,Nande,Titans,Miami (OH),OLB,Sr/2006,5,4,137,159,NFL Combine,6001,232,4.53,2.63,1.59,41,39,"10'04""",4.11,6.97,,,,Pro Day,,,,,,,,,58.6,60,60,55,60
Jeremy Bloom,Jeremy,Bloom,Eagles,Colorado,WR,Sr/2006,5,14,147,149,NFL Combine,5090,173,4.53,2.62,1.57,,,,,,,,,Pro Day,,,,,,,,,58.6,60,60,55,60
DeMario Minter,DeMario,Minter,Browns,Georgia,CB,Sr/2006,5,19,152,91,NFL Combine,5111,190,4.52,2.6,1.58,10,38 1/2,"10'11""",4.1,6.87,,,,Pro Day,4.49,,,,,,4.32,,58.6,60,60,55,60
Julian Jenkins,Julian,Jenkins,Bucs,Stanford,DE,Sr/2006,5,23,156,124,NFL Combine,6035,277,5.04,2.88,1.65,25,34 1/2,"09'02""",4.23,7.11,,,,Pro Day,4.95,,,,,,,,58.6,60,60,55,60
A.J. Nicholson,A.J.,Nicholson,Bengals,Florida State,OLB,Sr/2006,5,24,157,122,NFL Combine,6006,252,4.91,2.84,1.7,25,,"09'08""",4.43,7.37,,,,Pro Day,4.74,,,25,,"9'10""",4.54,7.34,58.6,60,60,55,60
David Kirtman,David,Kirtman,Seahawks,Southern California,FB,Sr/2006,5,30,163,264,NFL Combine,5114,233,4.75,2.74,1.6,,29 1/2,"08'10""",4.31,7.18,,,,Pro Day,4.74,,,26,34 1/2,"9'8""",,,58.6,60,60,55,60
*Omar Jacobs,Omar,Jacobs,Steelers,Bowling Green,QB,Jr/2006,5,31,164,204,NFL Combine,6037,232,4.84,2.83,1.69,,32 1/2,"09'00""",4.29,7.47,,,,Pro Day,,,,,,,,,58.6,60,60,55,60
Charles Davis,Charles,Davis,Steelers,Purdue,TE,Sr/2006,5,34,167,250,NFL Combine,6054,263,4.91,2.86,1.69,27,31 1/2,"09'00""",4.37,7.53,,,,Pro Day,4.85,,,,33,"9'7""",4.46,7.38,58.6,60,60,55,60
Mike Hass,Mike,Hass,Saints,Oregon State,WR,Sr/2006,6,2,171,100,NFL Combine,6005,208,4.61,2.62,1.59,,32,"09'08""",4.14,6.97,,,,Pro Day,4.58,,,,36 1/2,"9'7""",,6.52,58.6,60,60,55,60
Jonathan Orr,Jonathan,Orr,Titans,Wisconsin,WR,Sr/2006,6,3,172,89,NFL Combine,6021,198,4.41,2.62,1.56,,35 1/2,"09'11""",4.16,7.31,,,,Pro Day,,,,,,,,,58.6,60,60,55,60
Josh Lay,Josh,Lay,Saints,Pittsburgh,CB,Sr/2006,6,5,174,142,NFL Combine,6000,197,4.47,2.61,1.53,16,40 1/2,"10'00""",,,,,,Pro Day,,,,,,,,,58.6,60,60,55,60
Reggie McNeal,Reggie,McNeal,Bengals,Texas AM,QB,Sr/2006,6,24,193,223,NFL Combine,6020,198,4.35,2.6,1.6,,32,"10'01""",4.25,6.96,,,,Pro Day,,,,,,,,,58.6,60,60,55,60
Greg Eslinger,Greg,Eslinger,Broncos,Minnesota,C,Sr/2006,6,29,198,132,NFL Combine,6031,292,5.19,2.98,1.74,28,30,"08'05""",4.68,7.59,,,,Pro Day,,,,,,,,,58.6,60,60,55,60
LeKevin Smith,LeKevin,Smith,Patriots,Michigan State,DT,Sr/2006,6,37,206,147,NFL Combine,6027,316,5.06,2.97,1.8,30,30 1/2,"09'01""",4.92,7.93,,,,Pro Day,,,,,,,,,58.6,60,60,55,60
James Wyche,James,Wyche,Jags,Syracuse,DE,Sr/2006,7,5,213,211,NFL Combine,6053,262,4.65,2.75,1.62,27,33,"09'08""",4.51,7.75,,,,Pro Day,4.65,,,,,"10'0""",,,58.6,60,60,55,60
Todd Watkins,Todd,Watkins,Cardinals,Brigham Young,WR,Sr/2006,7,10,218,74,NFL Combine,6023,202,4.44,2.57,1.54,15,36,"09'10""",4.24,7.13,,,,Pro Day,,,,,,,4.06,6.74,58.6,60,60,55,60
Ryan LaCasse,Ryan,LaCasse,Ravens,Syracuse,DE,Sr/2006,7,11,219,269,NFL Combine,6023,257,4.54,2.64,1.56,34,34,"09'05""",4.3,7.25,,,,Pro Day,4.57,,,,,"9'11""",4.28,7.01,58.6,60,60,55,60
Titus Adams,Titus,Adams,Jets,Nebraska,DT,Sr/2006,7,12,220,242,NFL Combine,6033,306,5.13,2.96,1.73,15,30 1/2,"08'07""",4.54,7.49,,,,Pro Day,5.1,,,,,,4.73,7.69,58.6,60,60,55,60
E.J. Whitley,E.J.,Whitley,Cowboys,Texas Tech,OT,Sr/2006,7,16,224,253,NFL Combine,6050,309,5.38,3.09,1.85,16,25,"08'05""",4.79,7.53,,,,Pro Day,,,,,,,,,58.6,60,60,55,60
Jimmy Martin,Jimmy,Martin,Chargers,Virginia Tech,OT,Sr/2006,7,19,227,202,NFL Combine,6050,303,5.14,2.97,1.75,25,31,"08'05""",,,,,,Pro Day,,,,26,32,"8'9""",,,58.6,60,60,55,60
Gerrick McPhearson,Gerrick,McPhearson,Giants,Maryland,CB,Sr/2006,7,24,232,145,NFL Combine,5101,196,4.42,2.58,1.52,18,41 1/2,"10'09""",,,,,,Pro Day,4.36,,,,,,4.07,6.65,58.6,60,60,55,60
Cedric Humes,Cedric,Humes,Steelers,Virginia Tech,RB,Sr/2006,7,32,240,123,NFL Combine,6007,227,4.65,2.71,1.62,18,30 1/2,"08'10""",4.22,7.07,,,,Pro Day,4.59,,,,32,"9'3""",4.25,6.78,58.6,60,60,55,60
Quinton Ganther,Quinton,Ganther,Titans,Utah,RB,Sr/2006,7,38,246,160,NFL Combine,5094,218,4.56,2.64,1.56,29,35,"09'11""",,7.19,,,,Pro Day,,,,,,,,,58.6,60,60,55,60
Pat Ross,Pat,Ross,Undrafted,Boston College,C,Sr/2006,,,Undrafted,197,NFL Combine,6034,301,4.96,2.86,1.71,23,,,,,,,,Pro Day,,,,25,27,"8'7""",4.5,,58.6,60,60,55,60
Mike Degory,Mike,Degory,Undrafted,Florida,C,Sr/2006,,,Undrafted,284,NFL Combine,6054,305,5.43,3.07,1.81,24,26,"08'02""",4.67,8.03,,,,Pro Day,5.43,,,29,26,"8'5""",4.65,7.9,58.6,60,60,55,60
Donovan Raiola,Donovan,Raiola,Undrafted,Wisconsin,C,Sr/2006,,,Undrafted,289,NFL Combine,6021,300,5.53,3.11,1.82,20,25,"07'06""",4.97,8.17,,,,Pro Day,,,,,,,,,58.6,60,60,55,60
Anwar Phillips,Anwar,Phillips,Undrafted,Penn State,CB,Sr/2006,,,Undrafted,99,NFL Combine,5115,193,,,,,,,,,,,,Pro Day,4.6,,,10,36,"10'2""",4.09,6.8,58.6,60,60,55,60
Darrell Hunter,Darrell,Hunter,Undrafted,Miami (OH),CB,Sr/2006,,,Undrafted,154,NFL Combine,5117,206,4.48,2.62,1.56,8,36,"10'03""",4.11,,,,,Pro Day,,,,,,,,,58.6,60,60,55,60
Chijioke Onyenegecha,Chijioke,Onyenegecha,Undrafted,Oklahoma,CB,Sr/2006,,,Undrafted,182,NFL Combine,6013,215,4.52,2.67,1.64,16,34 1/2,"09'10""",,,,,,Pro Day,4.47,,,,35 1/2,"10'2""",4.34,7.23,58.6,60,60,55,60
Dion Byrum,Dion,Byrum,Undrafted,Ohio,CB,Sr/2006,,,Undrafted,195,NFL Combine,5110,192,,,,,,,,,,,,Pro Day,,,,,,,,,58.6,60,60,55,60
Justin Wyatt,Justin,Wyatt,Undrafted,Southern California,CB,Sr/2006,,,Undrafted,198,NFL Combine,5091,189,,,,14,,,,,,,,Pro Day,4.72,,,,,,,,58.6,60,60,55,60
Gabriel Fulbright,Gabriel,Fulbright,Undrafted,New Mexico,CB,Sr/2006,,,Undrafted,233,NFL Combine,5095,169,,,,,,,,,,,,Pro Day,4.53,,,12,32 1/2,"9'7""",4.39,7.21,58.6,60,60,55,60
Antonio Malone,Antonio,Malone,Undrafted,Toledo,CB,Sr/2006,,,Undrafted,234,NFL Combine,5116,200,4.59,2.68,1.6,10,34,"09'03""",4.1,7.05,,,,Pro Day,,,,,,,,,58.6,60,60,55,60
Brett Bell,Brett,Bell,Undrafted,Wisconsin,CB,Sr/2006,,,Undrafted,261,NFL Combine,6002,190,,,,,,,,,,,,Pro Day,,,,,,,,,58.6,60,60,55,60
Reuben Houston,Reuben,Houston,Undrafted,Georgia Tech,CB,Sr/2006,,,Undrafted,263,NFL Combine,5117,192,4.64,2.7,1.59,21,41 1/2,"10'07""",4.42,,,,,Pro Day,4.59,,,21,,,4.12,6.81,58.6,60,60,55,60
Chris Hawkins,Chris,Hawkins,Undrafted,Marshall,CB,Sr/2006,,,Undrafted,274,NFL Combine,5101,183,4.5,2.62,1.55,16,37,"09'08""",4.18,,,,,Pro Day,,,,,,"9'9""",4.1,6.78,58.6,60,60,55,60
Eric Henderson,Eric,Henderson,Undrafted,Georgia Tech,DE,Sr/2006,,,Undrafted,107,NFL Combine,6017,270,,,,30,,,,,,,,Pro Day,,,,28,,,,,58.6,60,60,55,60
Mike Kudla,Mike,Kudla,Undrafted,Ohio State,DE,Sr/2006,,,Undrafted,170,NFL Combine,6015,265,4.75,2.77,1.63,45,37,"09'06""",4.45,7.21,,,,Pro Day,,,,,,,,,58.6,60,60,55,60
Brandon Guillory,Brandon,Guillory,Undrafted,Louisiana-Monroe,DE,Sr/2006,,,Undrafted,200,NFL Combine,6033,252,,,,,,,,,,,,Pro Day,4.54,,,19,37,"10'3""",4.27,7.16,58.6,60,60,55,60
Ben Ishola,Ben,Ishola,Undrafted,Indiana,DE,Sr/2006,,,Undrafted,241,NFL Combine,6031,248,,,,,,,,,,,,Pro Day,4.5,,,30,34,"10'1""",4.12,7.3,58.6,60,60,55,60
Matthew Rice,Matthew,Rice,Undrafted,Penn State,DE,Sr/2006,,,Undrafted,248,NFL Combine,6040,271,,,,,,,4.34,7.6,,,,Pro Day,4.89,,,19,29,"9'2""",4.28,7.08,58.6,60,60,55,60
Sir Henry Anderson,Sir,Henry Anderson,Undrafted,Oregon State,DT,Sr/2006,,,Undrafted,174,NFL Combine,6037,306,5.23,3.07,1.8,27,28 1/2,"08'04""",4.55,7.69,,,,Pro Day,,,,,,,,,58.6,60,60,55,60
Marcus Green,Marcus,Green,Undrafted,Ohio State,DT,Sr/2006,,,Undrafted,184,NFL Combine,6012,295,5.24,3.09,1.83,33,31,"09'00""",4.86,7.62,,,,Pro Day,,,,,,,,,58.6,60,60,55,60
Steve Fifita,Steve,Fifita,Undrafted,Utah,DT,Sr/2006,,,Undrafted,209,NFL Combine,5112,322,,,,,,,,,,,,Pro Day,,,,,,,,,58.6,60,60,55,60
Manaia Brown,Manaia,Brown,Undrafted,Brigham Young,DT,Sr/2006,,,Undrafted,230,NFL Combine,6027,301,5.07,2.9,1.67,21,34 1/2,"09'03""",4.47,7.63,,,,Pro Day,,,,,,,,,58.6,60,60,55,60
Steve Williams,Steve,Williams,Undrafted,Northwest Missouri State,DT,Sr/2006,,,Undrafted,255,NFL Combine,6026,300,,,,,,,,,,,,Pro Day,,,,,,,,,58.6,60,60,55,60
Kader Drame,Kader,Drame,Undrafted,Syracuse,DT,Sr/2006,,,Undrafted,272,NFL Combine,6050,290,5.34,3.1,1.8,17,30 1/2,"09'00""",,8.12,,,,Pro Day,5.29,,,29,31,"8'11""",4.7,7.9,58.6,60,60,55,60
McKinley Boykin,McKinley,Boykin,Undrafted,Mississippi,DT,Sr/2006,,,Undrafted,290,NFL Combine,6010,289,5.01,2.91,1.67,30,30 1/2,"09'01""",4.75,,,,,Pro Day,4.86,,,,36,"8'0""",,,58.6,60,60,55,60
Matt Bernstein,Matt,Bernstein,Undrafted,Wisconsin,FB,Sr/2006,,,Undrafted,215,NFL Combine,6003,260,4.94,2.88,1.72,22,29 1/2,"09'02""",4.5,7.46,,,,Pro Day,,,,,,,,,58.6,60,60,55,60
Quadtrine Hill,Quadtrine,Hill,Undrafted,Miami (FL),FB,Sr/2006,,,Undrafted,235,NFL Combine,6020,221,,,,,,,,,,,,Pro Day,,,,,,,,,58.6,60,60,55,60
Dwayne Slay,Dwayne,Slay,Undrafted,Texas Tech,FS,Sr/2006,,,Undrafted,216,NFL Combine,6034,216,4.82,2.8,1.66,,32 1/2,"09'04""",,,,,,Pro Day,,,,,,,,,58.6,60,60,55,60
Marcus Demps,Marcus,Demps,Undrafted,San Diego State,FS,Sr/2006,,,Undrafted,231,NFL Combine,5116,198,4.77,2.79,1.67,17,31,"09'09""",4.09,6.91,,,,Pro Day,,,,,,,,,58.6,60,60,55,60
Terryl Fenton,Terryl,Fenton,Undrafted,Louisiana,FS,Sr/2006,,,Undrafted,252,NFL Combine,6010,206,,,,,,,,,,,,Pro Day,4.49,2.64,1.53,15,33,"9'8""",4.23,7.37,58.6,60,60,55,60
Jahmile Addae,Jahmile,Addae,Undrafted,West Virginia,FS,Sr/2006,,,Undrafted,258,NFL Combine,5102,214,4.75,2.79,1.65,,38 1/2,"10'02""",,,,,,Pro Day,,,,,,,,,58.6,60,60,55,60
Darrell Brooks,Darrell,Brooks,Undrafted,Arizona,FS,Sr/2006,,,Undrafted,276,NFL Combine,6003,198,4.69,2.7,1.6,7,36 1/2,"10'05""",4.36,6.97,,,,Pro Day,4.66,,,12,38,"8'5""",4.12,,58.6,60,60,55,60
Dale Robinson,Dale,Robinson,Undrafted,Arizona State,ILB,Sr/2006,,,Undrafted,151,NFL Combine,6003,231,4.86,2.84,1.72,18,33,"09'00""",4.3,7.29,,,,Pro Day,4.84,,,21,,,,,58.6,60,60,55,60
*Kai Parham,Kai,Parham,Undrafted,Virginia,ILB,Jr/2006,,,Undrafted,171,NFL Combine,6030,256,5.03,2.87,1.76,30,35,"09'08""",4.33,7.35,,,,Pro Day,4.93,,,,33 1/2,"9'9""",4.79,7.54,58.6,60,60,55,60
Freddie Roach,Freddie,Roach,Undrafted,Alabama,ILB,Sr/2006,,,Undrafted,175,NFL Combine,6017,257,5.01,2.93,1.76,,34,"09'03""",4.42,7.49,,,,Pro Day,4.87,,,18,32,"9'1""",,,58.6,60,60,55,60
Trent Bray,Trent,Bray,Undrafted,Oregon State,ILB,Sr/2006,,,Undrafted,191,NFL Combine,6005,231,4.9,2.84,1.7,18,32,"09'01""",4.41,7.15,,,,Pro Day,4.88,,,,,,4.36,6.68,58.6,60,60,55,60
Nick Reid,Nick,Reid,Undrafted,Kansas,ILB,Sr/2006,,,Undrafted,257,NFL Combine,6024,230,,,,,,,,,,,,Pro Day,4.72,,,23,40,"9'6""",4.42,7.28,58.6,60,60,55,60
Troy Reddick,Troy,Reddick,Undrafted,Auburn,OG,Sr/2006,,,Undrafted,225,NFL Combine,6047,334,5.6,3.17,1.89,21,,,4.82,7.92,,,,Pro Day,,,,,28,"7'5""",,,58.6,60,60,55,60
Adam Stenavich,Adam,Stenavich,Undrafted,Michigan,OG,Sr/2006,,,Undrafted,232,NFL Combine,6040,310,,,,24,,,,,,,,Pro Day,5.6,,,,25,"7'9""",4.82,7.91,58.6,60,60,55,60
Robin Meadow,Robin,Meadow,Undrafted,Michigan State,OG,Sr/2006,,,Undrafted,273,NFL Combine,6047,324,5.41,3.12,1.89,29,24,"08'03""",4.73,7.94,,,,Pro Day,,,,,,,4.85,8.09,58.6,60,60,55,60
Charlton Keith,Charlton,Keith,Undrafted,Kansas,OLB,Sr/2006,,,Undrafted,219,NFL Combine,6043,237,4.82,2.79,1.67,12,30 1/2,"09'01""",4.36,7.03,,,,Pro Day,,,,,,,4.15,6.93,58.6,60,60,55,60
Cameron Vaughn,Cameron,Vaughn,Undrafted,LSU,OLB,Sr/2006,,,Undrafted,254,NFL Combine,6036,235,4.75,2.77,1.65,17,32,"09'09""",4.22,7.24,,,,Pro Day,4.81,,,17,30 1/2,"9'10""",4.21,7.02,58.6,60,60,55,60
Anthony Trucks,Anthony,Trucks,Undrafted,Oregon,OLB,Sr/2006,,,Undrafted,287,NFL Combine,6007,233,4.78,2.81,1.72,22,37,"10'05""",4.14,7,,,,Pro Day,,,,,,,,,58.6,60,60,55,60
John Chick,John,Chick,Undrafted,Utah State,OLB,Sr/2006,,,Undrafted,300,NFL Combine,6032,265,,,,,,,,,,,,Pro Day,4.62,,,30,36 1/2,"10'1""",4.26,7.07,58.6,60,60,55,60
*Derek Morris,Derek,Morris,Undrafted,North Carolina State,OT,Jr/2006,,,Undrafted,227,NFL Combine,6060,328,,,,,,,,,,,,Pro Day,,,,,,,,,58.6,60,60,55,60
Albert Toeaina,Albert,Toeaina,Undrafted,Tennessee,OT,Sr/2006,,,Undrafted,268,NFL Combine,6047,338,,,,,,,,,,,,Pro Day,,,,,,,,,58.6,60,60,55,60
Seppo Evwaraye,Seppo,Evwaraye,Undrafted,Nebraska,OT,Sr/2006,,,Undrafted,296,NFL Combine,6044,319,,,,,,,,,,,,Pro Day,5.03,,,24,27 1/2,,4.69,7.68,58.6,60,60,55,60
John Torp,John,Torp,Undrafted,Colorado,P,Sr/2006,,,Undrafted,221,NFL Combine,6015,212,,,,,,,,,,,,Pro Day,,,,,,,,,58.6,60,60,55,60
Joel Stelly,Joel,Stelly,Undrafted,Louisiana-Monroe,P,Sr/2006,,,Undrafted,270,NFL Combine,5100,197,,,,,,,,,,,,Pro Day,,,,,,,,,58.6,60,60,55,60
Erik Meyer,Erik,Meyer,Undrafted,Eastern Washington,QB,Sr/2006,,,Undrafted,187,NFL Combine,6010,210,4.7,2.72,1.61,,32 1/2,"09'04""",4.12,6.83,,,,Pro Day,,,,,,,,,58.6,60,60,55,60
Drew Olson,Drew,Olson,Undrafted,UCLA,QB,Sr/2006,,,Undrafted,214,NFL Combine,6015,222,5.15,2.99,1.77,,23,"08'01""",4.42,,,,,Pro Day,5.19,,,,,,,7.64,58.6,60,60,55,60
Darrell Hackney,Darrell,Hackney,Undrafted,Alabama-Birmingham,QB,Sr/2006,,,Undrafted,238,NFL Combine,5115,239,4.83,2.82,1.68,,33,"09'02""",4.69,7.62,,,,Pro Day,,,,,,,,,58.6,60,60,55,60
Travis Lulay,Travis,Lulay,Undrafted,Montana State,QB,Sr/2006,,,Undrafted,260,NFL Combine,6023,216,4.75,2.74,1.62,,35,"09'03""",4.07,6.93,,,,Pro Day,4.69,,,,37 1/2,"9'7""",4.08,6.82,58.6,60,60,55,60
Justin Holland,Justin,Holland,Undrafted,Colorado State,QB,Sr/2006,,,Undrafted,291,NFL Combine,6023,219,,,,,,,,,,,,Pro Day,4.99,,,,29,"8'9""",4.46,7.46,58.6,60,60,55,60
Taurean Henderson,Taurean,Henderson,Undrafted,Texas Tech,RB,Sr/2006,,,Undrafted,127,NFL Combine,5094,204,4.63,2.72,1.61,,32 1/2,"09'04""",4.4,7.01,,,,Pro Day,,,,,,,,,58.6,60,60,55,60
Derrick Ross,Derrick,Ross,Undrafted,Tarleton State,RB,Sr/2006,,,Undrafted,141,NFL Combine,5104,226,4.53,2.59,1.53,20,35,"09'04""",4.35,7,,,,Pro Day,,,,,,,,,58.6,60,60,55,60
De'Arrius Howard,De'Arrius,Howard,Undrafted,Arkansas,RB,Sr/2006,,,Undrafted,178,NFL Combine,5105,229,,,,,,,,,,,,Pro Day,4.5,,,20,36,"9'11""",4.2,6.98,58.6,60,60,55,60
Wendell Mathis,Wendell,Mathis,Undrafted,Fresno State,RB,Sr/2006,,,Undrafted,194,NFL Combine,5113,210,4.53,2.62,1.6,20,33,"09'09""",4.22,6.93,,,,Pro Day,,,,,36 1/2,"9'11""",4.17,6.8,58.6,60,60,55,60
Gerald Riggs,Gerald,Riggs,Undrafted,Michigan State,RB,Sr/2006,,,Undrafted,205,NFL Combine,5107,232,,,,,,,,,,,,Pro Day,4.62,,,17,36 1/2,"9'7""",4.25,7.15,58.6,60,60,55,60
DonTrell Moore,DonTrell,Moore,Undrafted,New Mexico,RB,Sr/2006,,,Undrafted,228,NFL Combine,5096,210,4.62,2.67,1.59,18,32,"09'08""",4.32,7.1,,,,Pro Day,,,,,33,"9'11""",,,58.6,60,60,55,60
Terrence Whitehead,Terrence,Whitehead,Undrafted,Oregon,RB,Sr/2006,,,Undrafted,239,NFL Combine,5101,209,4.75,2.74,1.64,,30 1/2,"09'00""",4.27,7.21,,,,Pro Day,,,,,,,,,58.6,60,60,55,60
A.J. Harris,A.J.,Harris,Undrafted,Northern Illinois,RB,Sr/2006,,,Undrafted,283,NFL Combine,6005,231,,,,,,,,,,,,Pro Day,4.4,,,24,33,"9'4""",4.2,6.69,58.6,60,60,55,60
Scott Ware,Scott,Ware,Undrafted,Southern California,SS,Sr/2006,,,Undrafted,281,NFL Combine,6011,218,4.72,2.7,1.57,15,37,"09'07""",4.25,7.05,,,,Pro Day,,,,,,,,,58.6,60,60,55,60
Tyler Everett,Tyler,Everett,Undrafted,Ohio State,SS,Sr/2006,,,Undrafted,297,NFL Combine,5111,200,,,,,,,,,,,,Pro Day,,,,,,,,,58.6,60,60,55,60
Tim Day,Tim,Day,Undrafted,Oregon,TE,Sr/2006,,,Undrafted,129,NFL Combine,6032,256,4.74,2.69,1.56,24,35,"09'01""",4.2,7.03,,,,Pro Day,,,,,,,,,58.6,60,60,55,60
Martin Nance,Martin,Nance,Undrafted,Miami (OH),WR,Sr/2006,,,Undrafted,168,NFL Combine,6042,213,4.58,2.65,1.59,,33 1/2,"09'04""",4.08,6.91,,,,Pro Day,,,,,,,,,58.6,60,60,55,60
*Greg Lee,Greg,Lee,Undrafted,Pittsburgh,WR,Jr/2006,,,Undrafted,181,NFL Combine,6015,201,4.64,2.71,1.61,,35 1/2,"09'06""",4.09,6.8,,,,Pro Day,,,,,,,,,58.6,60,60,55,60
Eric Bassey,Eric,Bassey,Undrafted,Oklahoma,CB,Sr/2006,,,Undrafted,285,NFL Combine,5117,195,,,,,,,,,,,,Pro Day,4.36,,,17,37 1/2,"9'8""",3.96,7.05,58.6,60,60,55,60
