full_name,first_name,last_name,draft_team,college,position,class/year,round,pick,overall,ds_rank,category,ht,wt,yd40,yd20,yd10,bench,vert,broad,shut20,cone3,hand_size,arm_length,wingspan,category,yd40,yd20,yd10,bench,vert,broad,shut20,cone3,rating,madden09,madden10,madden11,madden12
Patrick Willis,Patrick,Willis,49ers,Mississippi,ILB,Sr/2007,1,11,11,12,NFL Combine,6011,242,4.56,2.68,1.61,22,39,"09'11""",4.46,7.23,,,,Pro Day,4.37,2.54,1.52,,,,4.37,7.1,98.1,96,98,99,98
*Adrian Peterson,Adrian,Peterson,Vikings,Oklahoma,RB,Jr/2007,1,7,7,4,NFL Combine,6014,217,4.41,2.6,1.57,,38 1/2,"10'07""",4.4,7.09,,,,Pro Day,,,,,,,,,97.1,95,97,98,97
*Darrelle Revis,Darrelle,Revis,Jets,Pittsburgh,CB,Jr/2007,1,14,14,16,NFL Combine,5114,204,,,,16,,,,,,,,Pro Day,4.38,2.49,1.46,,38,"10'5""",4.08,6.56,96.3,88,91,99,99
Joe Thomas,Joe,Thomas,Browns,Wisconsin,OT,Sr/2007,1,3,3,3,NFL Combine,6065,311,5,2.93,1.79,28,33,"09'02""",4.88,7.95,,,,Pro Day,,,,,,,,,95.9,97,97,95,95
*Jon Beason,Jon,Beason,Panthers,Miami (FL),OLB,Jr/2007,1,25,25,29,NFL Combine,6002,237,4.78,2.77,1.64,19,,"09'03""",,,,,,Pro Day,,,,,,,,,95.4,93,92,96,97
Ben Grubbs,Ben,Grubbs,Ravens,Auburn,OG,Sr/2007,1,29,29,27,NFL Combine,6026,311,5.2,3.01,1.79,29,26 1/2,"08'07""",4.72,7.99,,,,Pro Day,5.1,2.95,1.65,35,,,4.78,7.7,92.1,88,84,94,95
*Calvin Johnson,Calvin,Johnson,Lions,Georgia Tech,WR,Jr/2007,1,2,2,1,NFL Combine,6050,239,4.4,2.58,1.55,,,,,,,,,Pro Day,,,,,42 1/2,"11'7""",,,92.0,91,92,91,93
Michael Griffin,Michael,Griffin,Titans,Texas,SS,Sr/2007,1,19,19,34,NFL Combine,5116,202,4.47,2.63,1.6,16,36,"10'00""",4.1,6.6,,,,Pro Day,4.4,2.52,1.51,,39 1/2,,,,90.3,88,95,86,91
LeRon McClain,LeRon,McClain,Ravens,Michigan State,FB,Sr/2007,4,38,137,235,NFL Combine,6001,256,4.92,2.86,1.72,14,29 1/2,"09'05""",4.47,7.14,,,,Pro Day,4.75,2.76,1.64,15,,"9'7""",,7.08,90.0,86,92,90,90
LaMarr Woodley,LaMarr,Woodley,Steelers,Michigan,DE,Sr/2007,2,14,46,43,NFL Combine,6014,266,,,,,,,,,,,,Pro Day,4.74,2.72,1.65,29,38 1/2,"9'9""",4.42,,89.7,79,88,91,93
LaRon Landry,LaRon,Landry,Redskins,LSU,FS,Sr/2007,1,6,6,7,NFL Combine,6004,213,4.37,2.57,1.55,,37 1/2,"10'03""",,,,,,Pro Day,,,,,38,"10'6""",4.36,7.11,89.4,93,86,87,90
David Harris,David,Harris,Jets,Michigan,ILB,Sr/2007,2,15,47,40,NFL Combine,6022,243,4.62,2.69,1.6,23,33,"08'11""",4.29,7.25,,,,Pro Day,,,,,,"9'2""",,,88.9,90,74,91,92
Dwayne Bowe,Dwayne,Bowe,Chiefs,LSU,WR,Sr/2007,1,23,23,18,NFL Combine,6022,221,4.57,2.69,1.64,,33,"10'05""",4.35,6.81,,,,Pro Day,4.4,2.52,1.52,,,,,,88.1,90,86,84,91
Leon Hall,Leon,Hall,Bengals,Michigan,CB,Sr/2007,1,18,18,11,NFL Combine,5112,193,4.41,2.54,,15,37 1/2,"10'05""",4.07,6.5,,,,Pro Day,,,,,,,,,87.3,80,75,92,90
Joe Staley,Joe,Staley,49ers,Central Michigan,OT,Sr/2007,1,28,28,23,NFL Combine,6057,306,,,,27,,,,,,,,Pro Day,4.79,2.73,1.64,,32,"9'4""",4.4,7.09,87.0,86,85,87,88
*Zach Miller,Zach,Miller,Raiders,Arizona State,TE,Jr/2007,2,6,38,49,NFL Combine,6043,256,4.86,2.83,1.68,,34,"09'07""",4.42,7.01,,,,Pro Day,4.72,2.73,1.61,16,,,4.36,,86.9,83,86,86,89
Ryan Kalil,Ryan,Kalil,Panthers,Southern California,C,Sr/2007,2,27,59,31,NFL Combine,6026,299,5.01,2.91,1.77,34,26,"08'08""",4.34,7.5,,,,Pro Day,,,,,,,,,86.6,82,82,90,86
Tanard Jackson,Tanard,Jackson,Bucs,Syracuse,FS,Sr/2007,4,7,106,58,NFL Combine,6000,200,4.53,2.63,1.58,12,32 1/2,"10'01""",4.28,6.89,,,,Pro Day,4.49,2.59,1.54,,34,,,,85.4,87,81,88,83
Paul Posluszny,Paul,Posluszny,Bills,Penn State,OLB,Sr/2007,2,2,34,25,NFL Combine,6015,238,4.7,2.74,1.63,22,37,"09'08""",4.2,6.94,,,,Pro Day,4.58,2.61,1.53,,,,,,85.3,82,82,86,87
Brandon Meriweather,Brandon,Meriweather,Patriots,Miami (FL),FS,Sr/2007,1,24,24,28,NFL Combine,5105,195,4.56,2.68,1.64,11,35,"09'03""",4.33,7.06,,,,Pro Day,,,,,,"9'0""",4.42,,85.0,86,79,88,83
*Sidney Rice,Sidney,Rice,Vikings,South Carolina,WR,rSo/2007,2,12,44,52,NFL Combine,6034,200,4.53,2.64,1.58,,39 1/2,"09'11""",4.34,7.09,,,,Pro Day,,,,,,,,,84.9,83,71,90,85
*Greg Olsen,Greg,Olsen,Bears,Miami (FL),TE,Jr/2007,1,31,31,24,NFL Combine,6057,254,4.55,2.66,1.62,23,35 1/2,"09'06""",4.48,7.04,,,,Pro Day,,,,,37 1/2,"9'11""",4.41,,84.7,85,82,84,86
Eric Weddle,Eric,Weddle,Chargers,Utah,SS,Sr/2007,2,5,37,55,NFL Combine,5112,203,4.56,2.64,1.58,11,33 1/2,"09'05""",4.12,6.78,,,,Pro Day,,,,,35,"9'6""",,,84.6,79,84,84,87
*Marshawn Lynch,Marshawn,Lynch,Bills,California,RB,Jr/2007,1,12,12,15,NFL Combine,5111,215,4.52,2.67,1.6,20,35 1/2,"10'05""",4.55,7.05,,,,Pro Day,,,,,,,,,84.4,90,87,81,81
Steve Smith,Steve,Smith,Giants,Southern California,WR,Sr/2007,2,19,51,35,NFL Combine,5116,197,4.45,2.58,1.54,,38,"10'00""",4.19,6.68,,,,Pro Day,,,,,,,4.31,,84.4,83,76,88,84
*Lawrence Timmons,Lawrence,Timmons,Steelers,Florida State,OLB,Jr/2007,1,15,15,33,NFL Combine,6007,234,4.7,2.77,1.66,25,35,"10'03""",4.32,6.89,,,,Pro Day,4.63,2.69,1.56,,,,4.34,,83.3,75,74,82,90
*Eric Wright,Eric,Wright,Browns,UNLV,CB,Jr/2007,2,21,53,54,NFL Combine,5105,192,4.42,2.59,1.57,16,36 1/2,"10'03""",4.23,6.93,,,,Pro Day,,,,,,,,,83.3,84,79,86,81
Brandon Mebane,Brandon,Mebane,Seahawks,California,DT,Sr/2007,3,21,85,80,NFL Combine,6011,309,5.19,3.02,1.81,24,24,"08'10""",4.65,7.94,,,,Pro Day,,,,,,,,,82.7,80,71,86,85
Justin Durant,Justin,Durant,Jaguars,Hampton,ILB,Sr/2007,2,16,48,71,NFL Combine,6007,230,4.6,2.68,1.6,25,36,"10'01""",4.09,6.77,,,,Pro Day,,,,,,,,,82.3,83,72,85,83
Ryan Harris,Ryan,Harris,Broncos,Notre Dame,OT,Sr/2007,3,6,70,96,NFL Combine,6044,305,5.11,2.98,1.81,22,25 1/2,"08'04""",4.52,7.78,,,,Pro Day,,,,25,,,,,82.3,78,73,85,85
Brent Celek,Brent,Celek,Eagles,Cincinnati,TE,Sr/2007,5,25,162,240,NFL Combine,6037,255,,,,,,,,,,,,Pro Day,4.79,2.75,1.64,19,33,"9'4""",4.31,7.2,82.3,73,73,88,83
*Reggie Nelson,Reggie,Nelson,Jaguars,Florida,FS,Jr/2007,1,21,21,19,NFL Combine,5113,198,4.56,2.68,1.62,,34 1/2,,,,,,,Pro Day,4.35,2.51,1.46,,35,"10'6""",4.15,6.67,81.6,92,83,77,75
Justin Blalock,Justin,Blalock,Falcons,Texas,OG,Sr/2007,2,7,39,37,NFL Combine,6032,320,5.2,2.97,1.77,40,28 1/2,"08'05""",4.72,7.75,,,,Pro Day,,,,,,,,,81.6,77,73,85,83
Marshal Yanda,Marshal,Yanda,Ravens,Florida State,OT,Sr/2007,3,22,86,76,NFL Combine,6037,307,,,,,,,,,,,,Pro Day,5.15,2.88,1.69,23,27,"8'5""",4.58,7.36,81.6,79,77,80,85
Anthony Spencer,Anthony,Spencer,Cowboys,Purdue,DE,Sr/2007,1,26,26,38,NFL Combine,6027,261,4.73,2.78,1.68,30,32 1/2,"09'04""",4.43,7.14,,,,Pro Day,4.69,2.76,1.56,,,,,,81.1,80,72,84,82
Aaron Ross,Aaron,Ross,Giants,Texas,CB,Sr/2007,1,20,20,20,NFL Combine,6004,193,4.54,2.63,1.58,17,34,"09'10""",4.15,6.67,,,,Pro Day,,,,,,,,,81.0,86,81,78,79
*Ahmad Bradshaw,Ahmad,Bradshaw,Giants,Marshall,RB,Jr/2007,7,40,250,199,NFL Combine,5094,198,4.66,2.75,1.66,,34,"09'04""",4.09,6.7,,,,Pro Day,,,,,,,,,80.9,82,73,78,85
Adam Carriker,Adam,Carriker,Rams,Nebraska,DE,Sr/2007,1,13,13,13,NFL Combine,6060,296,4.9,2.83,1.7,33,33 1/2,"09'02""",4.18,7.06,,,,Pro Day,4.72,2.7,1.58,,,,,,80.6,89,82,74,78
Josh Wilson,Josh,Wilson,Seahawks,Maryland,CB,Sr/2007,2,23,55,82,NFL Combine,5092,189,4.42,2.58,1.56,20,36 1/2,"10'00""",4.43,7.07,,,,Pro Day,,,,,,,4.26,,80.6,77,77,82,82
Kevin Boss,Kevin,Boss,Giants,Western Oregon,TE,Sr/2007,5,16,153,133,NFL Combine,6064,252,4.78,2.81,1.67,,35,"09'08""",4.41,6.96,,,,Pro Day,4.71,2.71,1.63,15,35 1/2,"10'0""",,,80.3,80,83,81,77
Amobi Okoye,Amobi,Okoye,Texans,Louisville,DT,Sr/2007,1,10,10,8,NFL Combine,6020,302,5.06,2.96,1.81,29,30,"09'03""",,7.46,,,,Pro Day,4.88,2.82,1.62,,,,4.44,,80.1,92,81,74,74
Doug Free,Doug,Free,Cowboys,Northern Illinois,OT,Sr/2007,4,23,122,69,NFL Combine,6062,324,5.22,3.01,1.82,22,30,"09'03""",4.53,7.38,,,,Pro Day,5.21,2.98,1.76,,,,4.53,7.47,80.1,78,71,80,84
Samson Satele,Samson,Satele,Dolphins,Hawaii,C,Sr/2007,2,28,60,64,NFL Combine,6025,300,5.25,3.02,1.83,25,33,"08'05""",4.29,7.47,,,,Pro Day,,,,,,,,,80.0,88,82,79,72
Stewart Bradley,Stewart,Bradley,Eagles,Nebraska,OLB,Sr/2007,3,23,87,57,NFL Combine,6036,254,4.77,2.79,1.65,28,35 1/2,"09'04""",4.17,7.29,,,,Pro Day,4.74,2.72,1.6,,,,,,79.6,79,77,79,81
Nick Folk,Nick,Folk,Cowboys,Arizona,K,Sr/2007,6,4,178,248,NFL Combine,6013,225,,,,,,,,,,,,Pro Day,,,,14,,,,,79.0,89,87,73,71
*Charles Johnson,Charles,Johnson,Panthers,Georgia,DE,Jr/2007,3,19,83,62,NFL Combine,6022,270,4.86,2.83,1.72,33,34,"09'10""",,7.5,,,,Pro Day,4.75,2.74,1.58,,,,,,78.6,78,68,70,88
Levi Brown,Levi,Brown,Cardinals,Penn State,OT,Sr/2007,1,5,5,9,NFL Combine,6054,323,5.39,3.11,1.89,31,25 1/2,"08'01""",4.89,7.87,,,,Pro Day,,,,,,,,,78.4,85,81,79,70
Kevin Kolb,Kevin,Kolb,Eagles,Houston,QB,Sr/2007,2,4,36,105,NFL Combine,6031,218,4.85,2.83,1.73,,32 1/2,"09'04""",4.44,6.94,,,,Pro Day,,,,,,,,,78.3,78,68,75,84
Daniel Sepulveda,Daniel,Sepulveda,Steelers,Baylor,P,Sr/2007,4,13,112,147,NFL Combine,6027,229,,,,,,,,,,,,Pro Day,,,,,,,,,78.0,79,72,79,79
Steve Breaston,Steve,Breaston,Cardinals,Michigan,WR,Sr/2007,5,5,142,193,NFL Combine,6003,193,4.41,2.55,1.55,,33,"10'04""",4.29,6.9,,,,Pro Day,,,,,,,,,78.0,71,79,80,78
Uche Nwaneri,Uche,Nwaneri,Jaguars,Purdue,OG,Sr/2007,5,12,149,230,NFL Combine,6031,325,5.44,3.13,1.87,24,,,,,,,,Pro Day,,,,,27 1/2,"8'1""",,,78.0,72,66,78,84
Mike Sims-Walker,Mike,Sims-Walker,Jaguars,Missouri,WR,Sr/2007,3,15,79,89,NFL Combine,6016,209,4.45,2.59,1.58,18,36 1/2,"10'01""",4.39,6.92,,,,Pro Day,,,,,,,,,77.9,71,59,85,80
Leroy Harris,Leroy,Harris,Titans,North Carolina State,C,Sr/2007,4,16,115,112,NFL Combine,6024,302,5.33,3.06,1.83,29,24 1/2,"08'00""",4.8,8,,,,Pro Day,,,,,,,4.73,7.63,77.7,77,71,78,80
Paul Soliai,Paul,Soliai,Dolphins,Utah,DT,Sr/2007,4,9,108,113,NFL Combine,6040,344,5.14,2.98,1.78,,29 1/2,"08'07""",4.69,7.66,,,,Pro Day,5.02,2.86,1.69,,30 1/2,,4.53,7.77,77.6,70,63,76,86
Clint Session,Clint,Session,Colts,Pittsburgh,OLB,Sr/2007,4,37,136,247,NFL Combine,5111,236,,,,,,,,,,,,Pro Day,4.57,2.62,1.56,36,30 1/2,"9'6""",4.15,,76.9,70,65,80,81
James Jones,James,Jones,Packers,San Jose State,WR,Sr/2007,3,14,78,179,NFL Combine,6006,207,4.6,2.67,1.63,22,34,"09'11""",4.2,7.06,,,,Pro Day,4.58,2.62,1.49,21,35,"10'6""",,,76.7,84,71,73,76
Mario Henderson,Mario,Henderson,Raiders,Florida State,OT,Sr/2007,3,27,91,153,NFL Combine,6064,302,5.15,3,1.84,20,28 1/2,"09'01""",4.87,7.6,,,,Pro Day,,,,,,,,,76.7,70,74,79,78
*Michael Bush,Michael,Bush,Raiders,Louisville,RB,Sr/2007,4,1,100,84,NFL Combine,6013,243,,,,,,,,,,,,Pro Day,,,,,,,,,76.7,79,75,77,75
*Robert Meachem,Robert,Meachem,Saints,Tennessee,WR,Jr/2007,1,27,27,17,NFL Combine,6020,214,4.42,2.54,1.53,,37 1/2,"10'01""",4.31,6.97,,,,Pro Day,4.41,2.52,1.49,,37 1/2,"10'8""",4.19,,76.6,77,59,82,77
Dashon Goldson,Dashon,Goldson,49ers,Washington,FS,Sr/2007,4,27,126,130,NFL Combine,6020,205,4.69,2.73,1.67,12,34 1/2,"09'07""",4.46,7.37,,,,Pro Day,4.54,2.64,1.54,12,36,"9'9""",4.52,7.04,76.4,75,62,80,79
Tony Ugoh,Tony,Ugoh,Colts,Arkansas,OT,Sr/2007,2,10,42,36,NFL Combine,6052,301,5.07,2.92,1.75,32,32 1/2,"09'09""",,,,,,Pro Day,,,,,,,,,76.3,88,76,72,69
Mason Crosby,Mason,Crosby,Packers,Colorado,K,Sr/2007,6,19,193,91,NFL Combine,6012,212,,,,,,,,,,,,Pro Day,,,,,,,,,76.3,88,72,71,72
Melvin Bullitt,Melvin,Bullitt,Undrafted,Texas AM,SS,Sr/2007,,,Undrafted,276,NFL Combine,6011,201,,,,,,,,,,,,Pro Day,4.48,2.55,1.5,15,40 1/2,"10'5""",3.97,6.9,76.3,75,64,79,79
*Chris Houston,Chris,Houston,Falcons,Arkansas,CB,Jr/2007,2,9,41,21,NFL Combine,5097,185,4.39,2.58,1.58,27,36,"10'02""",4.12,6.94,,,,Pro Day,,,,,,,,,75.6,78,75,71,78
Jermon Bushrod,Jermon,Bushrod,Saints,Towson,OG,Sr/2007,4,26,125,178,NFL Combine,6045,315,,,,,,,,,,,,Pro Day,4.92,2.82,1.61,22,30 1/2,"8'6""",4.72,,75.6,72,67,75,80
Jacob Ford,Jacob,Ford,Titans,Central Arkansas,DE,Sr/2007,6,30,204,170,NFL Combine,6035,249,4.68,2.7,1.61,19,,,,,,,,Pro Day,,,,,,,,,75.4,70,79,79,71
*Jamaal Anderson,Jamaal,Anderson,Falcons,Arkansas,DE,Jr/2007,1,8,8,10,NFL Combine,6053,288,,,,,,,,,,,,Pro Day,4.75,2.73,1.59,22,32 1/2,"9'8""",4.22,6.88,75.1,83,70,70,75
Ted Ginn,Ted,Ginn,Dolphins,Maryland,WR,Jr/2007,1,9,9,22,NFL Combine,5112,178,,,,,,,,,,,,Pro Day,4.38,2.48,1.47,,,,,,75.1,82,78,70,72
*Anthony Gonzalez,Anthony,Gonzalez,Colts,Ohio State,WR,Jr/2007,1,32,32,44,NFL Combine,6000,193,4.46,2.59,1.57,,38,"10'03""",4.08,6.54,,,,Pro Day,,,,16,,,,,75.0,80,75,75,70
Kasey Studdard,Kasey,Studdard,Texans,Texas,OG,Sr/2007,6,9,183,232,NFL Combine,6024,303,5.22,3.02,1.84,32,,,,,,,,Pro Day,,,,,,,,,75.0,73,64,78,77
Gerald Alexander,Gerald,Alexander,Lions,Boise State,FS,Sr/2007,2,29,61,236,NFL Combine,6003,210,4.58,2.65,1.61,15,41,"10'04""",4.21,7.24,,,,Pro Day,,,,,,,4.12,6.97,74.9,80,68,74,74
Michael Johnson,Michael,Johnson,Giants,Arizona,SS,Sr/2007,7,14,224,81,NFL Combine,6025,205,4.66,2.7,1.62,15,33,"09'06""",4.32,7.04,,,,Pro Day,4.53,2.61,1.53,18,35 1/2,"9'9""",4.11,7.08,74.9,77,74,73,75
Brady Quinn,Brady,Quinn,Browns,Notre Dame,QB,Sr/2007,1,22,22,5,NFL Combine,6036,232,,,,24,,,,,,,,Pro Day,4.73,2.75,1.62,,36,"9'7""",4.22,6.79,74.4,82,71,71,72
Trent Edwards,Trent,Edwards,Bills,Stanford,QB,Sr/2007,3,28,92,75,NFL Combine,6041,231,4.81,2.83,1.74,19,,,4.46,7.14,,,,Pro Day,4.74,2.67,1.65,,,,,,74.3,79,76,70,73
Stephen Nicholas,Stephen,Nicholas,Falcons,South Florida,OLB,Sr/2007,4,10,109,109,NFL Combine,6013,232,,,,29,33 1/2,"09'02""",4.45,7.29,,,,Pro Day,4.64,2.68,1.58,,,,,,74.3,76,66,75,76
Desmond Bishop,Desmond,Bishop,Packers,California,ILB,Sr/2007,6,18,192,237,NFL Combine,6017,239,4.77,2.77,1.66,33,,,,,,,,Pro Day,4.81,2.78,1.6,,32 1/2,"9'4""",4.65,7.14,74.1,73,60,70,82
Brandon Fields,Brandon,Fields,Dolphins,Michigan State,P,Sr/2007,7,15,225,299,NFL Combine,6047,239,,,,,,,,,,,,Pro Day,,,,,,,,,74.1,76,60,67,83
Kyle Cook,Kyle,Cook,Undrafted,Michigan State,C,Sr/2007,,,Undrafted,233,NFL Combine,6035,291,,,,,,,,,,,,Pro Day,5.28,3.07,1.82,40,28,"8'5""",4.51,7.56,74.1,60,71,77,78
Antwan Barnes,Antwan,Barnes,Ravens,Florida International,OLB,Sr/2007,4,35,134,136,NFL Combine,6005,240,4.45,2.58,1.55,31,35,"10'02""",4.32,7.29,,,,Pro Day,,,,,,,,,74.0,81,70,72,71
*Brandon Jackson,Brandon,Jackson,Packers,Nebraska,RB,Jr/2007,2,31,63,106,NFL Combine,5097,210,4.55,2.64,1.56,21,37,"10'02""",4.14,7,,,,Pro Day,4.41,2.52,1.49,,,,,,73.7,81,70,70,72
Marcus Thomas,Marcus,Thomas,Broncos,Florida,DT,Sr/2007,4,22,121,88,NFL Combine,6026,314,,,,27,,,,,,,,Pro Day,5.23,2.97,1.75,,26 1/2,"8'5""",4.81,8.03,73.6,79,71,69,74
Laurent Robinson,Laurent,Robinson,Falcons,Illinois State,WR,Sr/2007,3,11,75,148,NFL Combine,6020,199,4.41,2.5,1.53,19,39,"10'07""",4.28,6.83,,,,Pro Day,,,,,,,,,73.4,80,72,70,71
*Brandon Siler,Brandon,Siler,Chargers,Florida,ILB,Jr/2007,7,30,240,59,NFL Combine,6016,241,4.7,2.73,1.62,,30 1/2,"09'01""",,7.34,,,,Pro Day,,,,23,,"9'8""",4.39,7.7,73.4,70,61,76,77
Victor Abiamiri,Victor,Abiamiri,Eagles,Notre Dame,DE,Sr/2007,2,25,57,60,NFL Combine,6042,267,4.85,2.77,1.67,25,,,,,,,,Pro Day,,,,,,,,,73.0,75,69,73,73
Matt Moore,Matt,Moore,Undrafted,Oregon State,QB,Sr/2007,,,Undrafted,289,NFL Combine,6033,192,,,,,,,,,,,,Pro Day,4.92,2.81,1.7,,26,"8'5""",4.46,7.25,73.0,79,55,76,73
Sabby Piscitelli,Sabby,Piscitelli,Bucs,Oregon State,SS,Sr/2007,2,32,64,111,NFL Combine,6026,224,4.52,2.64,1.59,19,34 1/2,"10'02""",3.9,6.84,,,,Pro Day,4.43,2.55,1.5,,,,,,72.7,74,67,74,73
Brandon McDonald,Brandon,McDonald,Browns,Memphis,CB,Sr/2007,5,3,140,159,NFL Combine,5107,181,4.61,2.68,1.61,17,33,"09'10""",4.76,7.44,,,,Pro Day,4.47,2.53,1.49,,36,"10'3""",4.05,6.91,72.7,82,71,68,69
Jason Snelling,Jason,Snelling,Falcons,Virginia,FB,Sr/2007,7,34,244,239,NFL Combine,5111,230,4.8,2.78,1.67,,30,"09'03""",4.37,7.06,,,,Pro Day,4.73,2.73,1.64,15,,"9'5""",,,72.7,75,63,74,74
Quincy Black,Quincy,Black,Bucs,New Mexico,OLB,Sr/2007,3,4,68,94,NFL Combine,6015,240,4.45,2.62,1.53,24,41 1/2,"10'04""",4.34,6.86,,,,Pro Day,,,,,,,,,72.3,74,61,70,77
Buster Davis,Buster,Davis,Chargers,Georgia Tech,WR,Sr/2007,1,30,30,42,NFL Combine,6013,207,4.49,2.63,1.61,,,,,,,,,Pro Day,4.41,2.54,1.49,,,"10'1""",,,72.0,79,68,68,71
Buster Davis,Buster,Davis,Cardinals,Florida State,ILB,Sr/2007,3,5,69,103,NFL Combine,5093,239,4.77,2.84,1.74,24,31,"08'08""",4.37,7.28,,,,Pro Day,4.74,2.72,1.62,11,,,,,72.0,79,68,68,71
Antonio Johnson,Antonio,Johnson,Titans,Mississippi State,DT,Sr/2007,5,15,152,100,NFL Combine,6030,310,5.15,2.97,1.79,28,29,"09'00""",4.49,7.47,,,,Pro Day,5.08,2.91,1.72,,29,,,,72.0,71,55,78,72
Brian Leonard,Brian,Leonard,Rams,Rutgers,RB,Sr/2007,2,20,52,45,NFL Combine,6014,226,4.56,2.66,1.59,28,34 1/2,"10'02""",4.22,6.88,,,,Pro Day,,,,,,,,,71.9,83,65,70,66
Jacoby Jones,Jacoby,Jones,Texans,Lane (TN),WR,Sr/2007,3,9,73,107,NFL Combine,6025,210,4.53,2.66,1.65,,34,"10'09""",4.31,7.03,,,,Pro Day,4.5,2.58,1.52,,,,,,71.9,76,63,70,74
Tank Tyler,Tank,Tyler,Chiefs,North Carolina State,DT,Sr/2007,3,18,82,53,NFL Combine,6022,306,5.35,3.12,1.87,42,28 1/2,,,,,,,Pro Day,5.24,2.96,1.75,,,"8'1""",4.76,7.47,71.9,78,67,70,70
Ray McDonald,Ray,McDonald,49ers,Florida,DE,Sr/2007,3,34,97,41,NFL Combine,6033,276,,,,,,,,,,,,Pro Day,4.88,2.77,1.62,,29,"9'6""",4.97,7.41,71.9,75,67,71,72
Stephon Heyer,Stephon,Heyer,Undrafted,Maryland,OT,Sr/2007,,,Undrafted,246,NFL Combine,6063,334,5.67,3.34,2.08,30,,"07'10""",,,,,,Pro Day,5.38,3.05,1.89,,30,"07'11""",5.16,7.77,71.9,76,67,66,76
Fred Bennett,Fred,Bennett,Texans,South Carolina,CB,Sr/2007,4,24,123,102,NFL Combine,6007,196,4.52,2.68,1.62,17,38 1/2,"10'05""",4.3,6.67,,,,Pro Day,,,,,,,4.37,,71.6,82,73,66,66
Jason Hill,Jason,Hill,49ers,Washington State,WR,Sr/2007,3,12,76,56,NFL Combine,6004,204,4.38,2.51,1.53,,37,"10'03""",4.22,7.02,,,,Pro Day,,,,,,,,,71.4,77,66,69,71
Zak DeOssie,Zak,DeOssie,Giants,Brown,ILB,Sr/2007,4,17,116,125,NFL Combine,6045,250,4.63,2.67,1.58,26,34 1/2,"10'02""",4.22,6.89,,,,Pro Day,,,,,,,4.03,,71.1,72,72,70,71
Mansfield Wrotto,Mansfield,Wrotto,Seahawks,Georgia Tech,OG,Sr/2007,4,25,124,127,NFL Combine,6030,317,5.44,3.11,1.87,27,,"07'08""",4.92,8.34,,,,Pro Day,,,,,25,,,7.99,70.7,76,69,69,68
Josh Beekman,Josh,Beekman,Bears,Boston College,OG,Sr/2007,4,31,130,90,NFL Combine,6015,313,5.43,3.06,1.86,24,25 1/2,"07'09""",4.81,8.24,,,,Pro Day,,,,,,,,,70.7,78,75,72,60
Jay Richardson,Jay,Richardson,Raiders,Ohio State,DE,Sr/2007,5,1,138,176,NFL Combine,6055,279,5.04,2.9,1.73,20,33,"09'04""",4.54,7.5,,,,Pro Day,4.9,2.84,1.69,,,,4.63,7.26,70.7,72,69,71,70
Gaines Adams,Gaines,Adams,Bucs,Clemson,DE,Sr/2007,1,4,4,6,NFL Combine,6046,258,4.66,2.73,1.64,,35,"09'11""",4.36,7.17,,,,Pro Day,,,,21,,,,,70.6,88,78,60,60
*Jarvis Moss,Jarvis,Moss,Broncos,Florida,DE,Jr/2007,1,17,17,30,NFL Combine,6064,250,4.78,2.79,1.71,16,30 1/2,"10'00""",,,,,,Pro Day,4.7,2.68,1.52,,,,4.41,7.21,70.6,81,66,66,67
Tim Crowder,Tim,Crowder,Broncos,Texas,DE,Sr/2007,2,24,56,47,NFL Combine,6035,272,4.7,2.78,1.69,32,30 1/2,"09'03""",4.32,7.28,,,,Pro Day,,,,,,,,,70.6,80,66,68,66
Ryan McBean,Ryan,McBean,Steelers,Oklahoma State,DT,Sr/2007,4,33,132,139,NFL Combine,6043,286,5,2.92,1.76,27,28,"09'00""",4.46,7.79,,,,Pro Day,4.96,2.88,1.71,,28 1/2,,4.62,8.09,70.6,68,55,73,75
Legedu Naanee,Legedu,Naanee,Chargers,Boise State,WR,Sr/2007,5,35,172,217,NFL Combine,6022,225,4.45,2.59,1.56,19,40,"09'11""",,,,,,Pro Day,,,,,,"9'10""",4.2,6.73,70.6,73,64,69,73
Arron Sears,Arron,Sears,Bucs,Tennessee,OG,Sr/2007,2,3,35,39,NFL Combine,6032,319,,,,21,,,,,,,,Pro Day,5.09,2.95,1.74,,30 1/2,"8'7""",4.5,7.63,70.4,85,83,60,60
Andy Alleman,Andy,Alleman,Saints,Akron,OG,Sr/2007,3,24,88,67,NFL Combine,6040,305,5.04,2.91,1.76,27,30,"08'10""",4.65,7.8,,,,Pro Day,,,,30,,,4.38,7.43,70.4,79,73,71,60
Brian Robison,Brian,Robison,Vikings,Texas,DE,Sr/2007,4,3,102,149,NFL Combine,6031,259,4.74,2.74,1.66,27,40 1/2,"10'01""",4.26,6.89,,,,Pro Day,,,,,,,,,70.1,82,69,60,69
*Alan Branch,Alan,Branch,Cardinals,Michigan,DT,Jr/2007,2,1,33,14,NFL Combine,6056,324,5.07,2.92,1.75,33,27 1/2,"08'11""",,,,,,Pro Day,,,,,,,4.79,7.56,70.0,79,60,65,71
Tarell Brown,Tarell,Brown,49ers,Texas,CB,Sr/2007,5,10,147,92,NFL Combine,5105,190,4.53,2.64,1.62,17,33 1/2,"09'03""",4.37,7,,,,Pro Day,4.42,2.54,1.56,,,,,,69.9,67,59,73,72
Jay Alford,Jay,Alford,Giants,Penn State,DT,Sr/2007,3,17,81,140,NFL Combine,6033,304,5.19,3.01,1.86,,25 1/2,"08'07""",4.83,7.81,,,,Pro Day,5.07,2.9,1.73,24,,,4.53,7.48,69.7,75,65,76,60
Alan Ball,Alan,Ball,Cowboys,Illinois,CB,Sr/2007,7,27,237,293,NFL Combine,6015,183,,,,,,,,,,,,Pro Day,4.52,2.58,1.57,11,36,"10'4""",4.18,6.75,69.7,67,55,69,76
Turk McBride,Turk,McBride,Chiefs,Tennessee,DT,Sr/2007,2,22,54,66,NFL Combine,6023,277,4.83,2.8,1.69,27,31,"09'00""",4.12,7.1,,,,Pro Day,,,,30,,,,,69.3,75,67,68,66
Dante Rosario,Dante,Rosario,Panthers,Oregon,TE,Sr/2007,5,18,155,226,NFL Combine,6032,244,4.88,2.8,1.73,20,36,"09'07""",4.47,6.96,,,,Pro Day,,,,,,"9'10""",4.21,6.91,69.3,70,69,70,68
Herb Taylor,Herb,Taylor,Chiefs,Texas Christian,OT,Sr/2007,6,22,196,227,NFL Combine,6037,296,5.23,3.08,1.9,26,27,"08'04""",4.64,7.78,,,,Pro Day,,,,,,,4.54,7.65,69.3,76,71,60,71
Derek Landri,Derek,Landri,Jaguars,Notre Dame,DT,Sr/2007,5,29,166,180,NFL Combine,6024,288,,,,24,,,,,,,,Pro Day,,,,,,,,,69.1,77,68,60,71
Kevin Payne,Kevin,Payne,Bears,Louisiana-Monroe,FS,Sr/2007,5,30,167,166,NFL Combine,6002,220,4.63,2.68,1.6,20,35,"08'10""",4.3,7,,,,Pro Day,4.53,2.61,1.54,,,"9'0""",4.34,,69.1,70,76,71,60
Steve Vallos,Steve,Vallos,Seahawks,Wake Forest,OT,Sr/2007,7,22,232,253,NFL Combine,6027,305,,,,,,,,,,,,Pro Day,5.12,2.94,1.71,32,26,"8'10""",4.61,7.73,69.1,68,55,73,71
Troy Smith,Troy,Smith,Ravens,Ohio State,QB,Sr/2007,5,37,174,123,NFL Combine,6000,225,,,,,,,,,,,,Pro Day,4.72,2.73,1.6,,36 1/2,"10'2""",4.23,6.93,69.0,73,59,67,72
Matt Toeaina,Matt,Toeaina,Bengals,Oregon,DT,Sr/2007,6,13,187,257,NFL Combine,6020,307,,,,26,,,,,,,,Pro Day,5.11,2.96,1.74,,30 1/2,"8'10""",4.5,7.41,69.0,77,55,60,77
Ben Patrick,Ben,Patrick,Cardinals,Delaware,TE,Sr/2007,7,5,215,93,NFL Combine,6031,252,4.76,2.74,1.62,,34 1/2,"09'03""",4.31,7.21,,,,Pro Day,4.75,2.73,1.6,,,,,,69.0,73,55,70,71
Ikaika Alama-Francis,Ikaika,Alama-Francis,Lions,Hawaii,DE,Sr/2007,2,26,58,46,NFL Combine,6050,280,,,,,,,,,,,,Pro Day,4.85,2.83,1.73,,35,"9'6""",4.62,7.31,68.9,76,64,60,73
Kolby Smith,Kolby,Smith,Chiefs,Louisville,RB,Sr/2007,5,11,148,169,NFL Combine,5112,220,4.57,2.63,1.56,18,38,"09'06""",4.34,7.22,,,,Pro Day,4.53,2.62,1.53,,,,4.42,,68.9,79,68,68,60
Derek Schouman,Derek,Schouman,Bills,Boise State,FB,Sr/2007,7,12,222,266,NFL Combine,6022,247,4.74,2.75,1.66,27,37 1/2,"10'02""",4.27,7,,,,Pro Day,,,,,,,,,68.6,72,66,70,65
*JaMarcus Russell,JaMarcus,Russell,Raiders,LSU,QB,Jr/2007,1,1,1,2,NFL Combine,6054,265,,,,,,,,,,,,Pro Day,4.83,2.78,1.67,,,,,,68.3,83,72,60,60
Matt Spaeth,Matt,Spaeth,Steelers,Minnesota,TE,Sr/2007,3,13,77,146,NFL Combine,6071,270,,,,,,,,,,,,Pro Day,,,,,,,,,68.3,73,66,66,67
Usama Young,Usama,Young,Saints,Kent State,CB,Sr/2007,3,2,66,200,NFL Combine,5111,196,,,,,,,,,,,,Pro Day,4.39,2.51,1.46,15,43,"10'11""",4.31,6.65,68.1,70,55,68,72
James Marten,James,Marten,Cowboys,Boston College,OT,Sr/2007,3,3,67,98,NFL Combine,6074,309,5.08,2.97,1.78,,30 1/2,"08'04""",4.54,7.68,,,,Pro Day,,,,25,,,,,68.1,77,55,69,65
Marvin White,Marvin,White,Bengals,Texas Christian,FS,Sr/2007,4,15,114,122,NFL Combine,6012,199,4.6,2.72,1.65,17,33 1/2,,,,,,,Pro Day,4.52,,,,,"9'6""",,,68.1,76,63,66,65
Adam Koets,Adam,Koets,Giants,Oregon State,OT,Sr/2007,6,15,189,141,NFL Combine,6051,298,5.07,2.92,1.76,20,32,"08'10""",4.47,7.44,,,,Pro Day,,,,,,,,,68.1,69,69,68,67
Chansi Stuckey,Chansi,Stuckey,Jets,Clemson,WR,Sr/2007,7,25,235,171,NFL Combine,5105,197,4.6,2.67,1.61,,35,"10'00""",4.14,6.91,,,,Pro Day,4.49,2.58,1.52,,,,,,68.1,69,67,68,68
John Wendling,John,Wendling,Bills,Wyoming,FS,Sr/2007,6,10,184,154,NFL Combine,6012,222,4.49,2.63,1.57,22,38 1/2,"10'09""",4.16,6.96,,,,Pro Day,4.48,2.56,1.51,,36 1/2,"10'4""",,,67.7,79,64,60,66
Johnnie Lee Higgins,Johnnie Lee,Higgins,Raiders,Texas-El Paso,WR,Sr/2007,3,36,99,70,NFL Combine,5113,186,4.53,2.63,1.58,,36 1/2,"10'02""",4.32,6.62,,,,Pro Day,,,,,,,,,67.6,72,69,70,60
Adam Podlesh,Adam,Podlesh,Jaguars,Maryland,P,Sr/2007,4,2,101,163,NFL Combine,5110,202,,,,,,,,,,,,Pro Day,,,,,,,,,67.4,77,64,64,63
Jonathan Wade,Jonathan,Wade,Rams,Tennessee,CB,Sr/2007,3,20,84,48,NFL Combine,5100,195,4.46,2.64,1.62,,40 1/2,"10'06""",4.4,7.07,,,,Pro Day,4.44,2.56,1.48,8,,"10'6""",,,67.3,75,55,65,68
Garrett Wolfe,Garrett,Wolfe,Bears,Northern Illinois,RB,Sr/2007,3,29,93,187,NFL Combine,5074,186,,,,22,35 1/2,"09'08""",4.08,6.69,,,,Pro Day,4.39,2.51,1.46,,,,,,67.3,72,69,64,65
Lorenzo Booker,Lorenzo,Booker,Dolphins,Florida State,RB,Sr/2007,3,7,71,79,NFL Combine,5103,191,4.5,2.61,1.56,26,35 1/2,"10'01""",,,,,,Pro Day,,,,,,,4.37,7.04,67.1,76,66,60,66
Dante Hughes,Dante,Hughes,Colts,Texas Tech,CB,Sr/2007,3,31,95,61,NFL Combine,5101,190,4.74,2.74,1.65,16,28 1/2,"09'06""",4.43,7.28,,,,Pro Day,4.56,2.65,1.55,,,,4.36,7.03,67.1,76,64,64,63
Manny Ramirez,Manny,Ramirez,Lions,Baylor,OG,Sr/2007,4,18,117,116,NFL Combine,6030,326,,,,40,,,,,,,,Pro Day,,,,,,,,,67.1,75,68,65,61
Drew Stanton,Drew,Stanton,Lions,Michigan State,QB,Sr/2007,2,11,43,63,NFL Combine,6032,226,4.79,2.75,1.67,,30 1/2,"09'00""",4.41,6.77,,,,Pro Day,,,,,,,,,66.7,77,55,61,68
Clifton Ryan,Clifton,Ryan,Rams,Michigan State,DT,Sr/2007,5,17,154,208,NFL Combine,6026,310,5.1,2.97,1.77,25,26 1/2,"08'06""",4.69,7.49,,,,Pro Day,5.14,2.92,1.71,25,29,"8'4""",4.83,7.36,66.6,60,55,60,77
Marcus McCauley,Marcus,McCauley,Vikings,Fresno State,CB,Sr/2007,3,8,72,50,NFL Combine,6006,203,4.48,2.61,1.59,17,36,"10'09""",4.17,6.61,,,,Pro Day,,,,,36 1/2,"10'8""",,,66.3,79,66,60,60
*Antonio Pittman,Antonio,Pittman,Saints,Ohio State,RB,Jr/2007,4,8,107,51,NFL Combine,5106,207,4.44,2.57,1.54,16,35 1/2,"10'03""",4.16,6.84,,,,Pro Day,,,,,,,,,66.3,77,70,60,60
Justin Harrell,Justin,Harrell,Packers,Tennessee,DT,Sr/2007,1,16,16,26,NFL Combine,6043,300,5.08,2.97,1.77,24,30 1/2,"09'00""",4.79,7.63,,,,Pro Day,,,,31,,,,,66.1,77,63,62,61
John Beck,John,Beck,Dolphins,Brigham Young,QB,Sr/2007,2,8,40,87,NFL Combine,6021,215,4.77,2.71,1.63,,29 1/2,"09'03""",4.17,6.81,,,,Pro Day,,,,,,,,,66.1,78,55,60,66
*Dwayne Jarrett,Dwayne,Jarrett,Panthers,Southern California,WR,Jr/2007,2,13,45,32,NFL Combine,6040,219,,,,,,,,,,,,Pro Day,4.62,2.64,1.58,,36 1/2,"10'1""",4.2,7.28,66.1,76,65,63,60
Jackie Battle,Jackie,Battle,Undrafted,Houston,RB,Sr/2007,,,Undrafted,223,NFL Combine,6017,235,,,,,,,,,,,,Pro Day,4.42,2.55,1.52,19,41,"10'11""",4.11,6.54,66.1,73,55,65,66
Selvin Young,Selvin,Young,Undrafted,Texas,RB,Sr/2007,,,Undrafted,283,NFL Combine,5110,207,,,,,,,,,,,,Pro Day,4.58,2.65,1.56,,,,,,66.1,84,55,60,60
Daniel Coats,Daniel,Coats,Undrafted,Brigham Young,TE,Sr/2007,,,Undrafted,261,NFL Combine,6025,257,4.99,2.87,1.73,34,30,"09'03""",4.43,7.07,,,,Pro Day,4.78,,,,36 1/2,"9'8""",4.38,,66.1,72,67,66,60
Gijon Robinson,Gijon,Robinson,Undrafted,Missouri Western,FB,Sr/2007,,,Undrafted,281,NFL Combine,6006,255,4.76,2.76,1.66,21,33,"09'08""",4.43,7.23,,,,Pro Day,,,,,,,,,66.0,60,70,70,61
Corey Hilliard,Corey,Hilliard,Patriots,Oklahoma State,OT,Sr/2007,6,35,209,197,NFL Combine,6052,308,5.38,3.09,1.86,28,27,"08'10""",4.65,7.45,,,,Pro Day,,,,,29,"8'5""",,,65.9,67,61,60,71
Aaron Rouse,Aaron,Rouse,Packers,Virginia Tech,SS,Sr/2007,3,25,89,78,NFL Combine,6040,223,4.55,2.64,1.59,16,35,,,,,,,Pro Day,4.53,2.6,1.53,,,"10'1""",4.19,6.81,65.7,77,66,60,60
*Chris Henry,Chris,Henry,Titans,Arizona,RB,Jr/2007,2,18,50,132,NFL Combine,5112,230,4.41,2.57,1.56,26,36,"10'07""",4.14,6.96,,,,Pro Day,,,,,,,,,65.6,78,63,60,60
David Clowney,David,Clowney,Packers,Virginia Tech,WR,Sr/2007,5,20,157,97,NFL Combine,6002,188,4.4,2.54,1.57,,32 1/2,"10'03""",4.15,7,,,,Pro Day,,,,,32 1/2,,,6.69,65.4,60,66,68,64
DeShawn Wynn,DeShawn,Wynn,Packers,Florida,RB,Sr/2007,7,18,228,126,NFL Combine,5103,232,4.55,2.64,1.59,,31 1/2,"09'07""",,,,,,Pro Day,,,,18,,,4.37,7.26,65.3,77,61,60,61
Baraka Atkins,Baraka,Atkins,Seahawks,Miami (FL),DE,Sr/2007,4,21,120,110,NFL Combine,6044,271,4.76,2.79,1.69,22,33,"09'03""",,,,,,Pro Day,,,,,32,"9'4""",4.67,7.02,65.1,77,62,60,60
Brandon Frye,Brandon,Frye,Texans,Virginia Tech,OT,Sr/2007,5,26,163,185,NFL Combine,6041,301,5.13,2.95,1.81,34,32 1/2,"08'07""",4.4,7.5,,,,Pro Day,,,,,,,,,65.1,73,70,60,60
Allen Barbre,Allen,Barbre,Packers,Missouri Southern,OT,Sr/2007,4,20,119,138,NFL Combine,6040,300,4.88,2.85,1.72,28,32,"08'09""",4.63,7.4,,,,Pro Day,,,,,,,,,65.0,72,71,60,60
Aundrae Allison,Aundrae,Allison,Vikings,East Carolina,WR,Sr/2007,5,9,146,86,NFL Combine,6002,198,4.39,2.53,1.51,,37,"10'07""",,,,,,Pro Day,,,,,,,4.25,6.81,65.0,76,61,61,60
Corey Graham,Corey,Graham,Bears,New Hampshire,CB,Sr/2007,5,31,168,182,NFL Combine,5117,195,,,,10,,,,,,,,Pro Day,,,,,,,,,65.0,65,60,66,66
Jacob Bender,Jacob,Bender,Jets,Nicholls State,OT,Sr/2007,6,3,177,205,NFL Combine,6056,296,,,,,,,,,,,,Pro Day,5.18,2.96,1.81,27,25,"8'6""",4.6,7.84,64.6,73,66,60,60
H.B. Blades,H.B.,Blades,Redskins,Pittsburgh,ILB,Sr/2007,6,5,179,120,NFL Combine,5106,236,,,,22,,,,,,,,Pro Day,4.69,2.7,1.58,,32,"9'5""",4.36,6.98,64.6,74,58,61,62
Kenny Irons,Kenny,Irons,Bengals,Auburn,RB,Sr/2007,2,17,49,72,NFL Combine,5105,203,4.54,2.62,1.56,,38,"10'03""",4.17,7,,,,Pro Day,,,,17,,,,,64.4,78,55,60,60
Will Herring,Will,Herring,Seahawks,Auburn,OLB,Sr/2007,5,24,161,273,NFL Combine,6025,229,,,,,,,,,,,,Pro Day,4.57,2.62,1.55,18,35,"10'5""",3.99,6.56,64.1,69,55,60,68
Tim Shaw,Tim,Shaw,Panthers,Penn State,OLB,Sr/2007,5,27,164,77,NFL Combine,6014,236,4.55,2.73,1.67,26,36 1/2,"09'08""",4.12,7.01,,,,Pro Day,4.46,2.54,1.49,,,"10'6""",4.28,6.9,64.1,73,63,60,60
Eric Frampton,Eric,Frampton,Raiders,Washington State,SS,Sr/2007,5,28,165,143,NFL Combine,5110,204,4.67,2.69,1.63,10,34 1/2,"10'02""",4.17,6.84,,,,Pro Day,4.53,2.55,1.52,,36 1/2,"10'2""",,,64.0,71,60,60,63
Kenneth Darby,Kenneth,Darby,Bucs,Alabama,RB,Sr/2007,7,36,246,287,NFL Combine,5103,211,4.81,2.83,1.73,19,30,"09'00""",4.53,7.25,,,,Pro Day,4.61,2.65,1.58,,,,4.38,6.99,64.0,60,66,66,62
Dan Bazuin,Dan,Bazuin,Bears,Central Michigan,DE,Sr/2007,2,30,62,95,NFL Combine,6027,266,4.81,2.79,1.68,25,30,"09'01""",4.75,7.09,,,,Pro Day,4.79,2.78,1.63,25,,"9'7""",4.52,6.97,63.9,76,55,60,60
David Irons,David,Irons,Falcons,Auburn,CB,Sr/2007,6,20,194,68,NFL Combine,5102,190,4.54,2.67,1.67,11,29 1/2,"09'03""",4.3,7.18,,,,Pro Day,,,,,,,,,63.9,76,55,60,60
*Darius Walker,Darius,Walker,Undrafted,Notre Dame,RB,Jr/2007,,,Undrafted,144,NFL Combine,5100,206,4.61,2.67,1.6,19,40 1/2,"10'03""",4.39,7.18,,,,Pro Day,4.56,2.63,1.53,,,,,,63.9,76,55,60,60
Tony Hunt,Tony,Hunt,Eagles,Penn State,RB,Sr/2007,3,26,90,65,NFL Combine,6015,233,,,,24,,,,,,,,Pro Day,4.68,2.72,1.6,,31 1/2,"9'2""",4.72,7.39,63.6,75,55,60,60
Jay Moore,Jay,Moore,49ers,Nebraska,DE,Sr/2007,4,5,104,129,NFL Combine,6046,274,4.97,2.84,1.7,26,34,"09'10""",4.35,7.19,,,,Pro Day,4.74,2.7,1.59,,,,,,63.6,72,61,60,60
Scott Chandler,Scott,Chandler,Chargers,Iowa,TE,Sr/2007,4,30,129,108,NFL Combine,6070,270,4.87,2.84,1.73,16,30,"09'03""",4.32,7.26,,,,Pro Day,4.87,2.81,1.67,17,32,"9'1""",4.22,7.12,63.6,72,55,60,63
Mike Otto,Mike,Otto,Titans,Purdue,OT,Sr/2007,7,13,223,114,NFL Combine,6054,308,5.28,3.06,1.84,20,26 1/2,"08'09""",4.67,7.62,,,,Pro Day,,,,21,,,,,63.6,60,55,60,70
*Dwayne Wright,Dwayne,Wright,Bills,Fresno State,RB,rJr/2007,4,12,111,155,NFL Combine,5114,228,4.73,2.75,1.68,14,34,"09'07""",4.43,7.23,,,,Pro Day,,,,,,,,,63.3,74,55,60,60
Chris Davis,Chris,Davis,Titans,Florida State,WR,Sr/2007,4,29,128,128,NFL Combine,5102,181,4.52,2.63,1.57,,35 1/2,"09'07""",4.14,6.66,,,,Pro Day,4.52,2.62,1.55,,36,"9'7""",4.08,,63.3,73,57,60,60
Daren Stone,Daren,Stone,Falcons,Maine,SS,Sr/2007,6,29,203,165,NFL Combine,6032,218,4.63,2.71,1.64,13,39,"11'00""",4.44,7.13,,,,Pro Day,4.47,2.54,1.51,15,39 1/2,"11'5""",,,63.3,74,55,60,60
Quinn Pitcock,Quinn,Pitcock,Colts,Ohio State,DT,Sr/2007,3,35,98,117,NFL Combine,6024,299,4.96,2.88,1.75,,34,"09'04""",,,,,,Pro Day,,,,23,,,,,63.0,73,55,60,60
Isaiah Stanback,Isaiah,Stanback,Cowboys,Washington,QB,Sr/2007,4,4,103,152,NFL Combine,6023,216,,,,22,,,,,,,,Pro Day,,,,,,,,,63.0,66,63,60,63
Ryne Robinson,Ryne,Robinson,Panthers,Miami (OH),WR,Sr/2007,4,19,118,194,NFL Combine,5091,179,4.54,2.65,1.61,,35,"10'03""",4.21,6.71,,,,Pro Day,4.49,2.59,1.52,,,,,,63.0,72,57,60,60
Brandon Harrison,Brandon,Harrison,Texans,Stanford,SS,Sr/2007,5,7,144,186,NFL Combine,6017,227,,,,23,,,,,,,,Pro Day,,,,,,,,,63.0,72,57,60,60
Josh Gattis,Josh,Gattis,Jaguars,Wake Forest,FS,Sr/2007,5,13,150,73,NFL Combine,6010,206,4.57,2.69,1.64,22,34 1/2,"10'01""",4.27,6.72,,,,Pro Day,4.47,2.56,1.5,22,35,"10'4""",4.35,6.99,63.0,73,55,60,60
Kareem Brown,Kareem,Brown,Patriots,Miami (FL),DT,Sr/2007,4,28,127,156,NFL Combine,6040,290,,,,,26 1/2,"08'00""",,,,,,Pro Day,5.38,3.08,1.81,,28,"8'5""",4.71,7.49,62.9,72,56,60,60
Quentin Moses,Quentin,Moses,Raiders,Georgia,DE,Sr/2007,3,1,65,74,NFL Combine,6052,261,4.85,2.79,1.68,17,32,"09'07""",4.53,7.38,,,,Pro Day,4.75,2.72,1.6,,,,,,62.7,72,55,60,60
Brannon Condren,Brannon,Condren,Colts,Troy,SS,Sr/2007,4,32,131,225,NFL Combine,6007,208,,,,,,,,,,,,Pro Day,4.47,2.53,1.49,24,43,"11'3""",4.1,6.94,62.7,72,55,60,60
Doug Datish,Doug,Datish,Falcons,Ohio State,C,Sr/2007,6,24,198,134,NFL Combine,6041,302,5.17,3.02,1.81,31,26,"08'06""",4.65,7.51,,,,Pro Day,,,,,,,,,62.7,72,55,60,60
Dallas Baker,Dallas,Baker,Steelers,Florida,WR,Sr/2007,7,17,227,151,NFL Combine,6031,208,4.59,2.66,1.58,,36,"10'09""",4.19,6.69,,,,Pro Day,4.6,2.72,1.55,,,,,,62.7,72,55,60,60
Michael Allan,Michael,Allan,Chiefs,Whitworth,TE,Sr/2007,7,21,231,164,NFL Combine,6061,255,4.71,2.74,1.68,19,36,"10'03""",4.52,7.31,,,,Pro Day,,,,,,,4.38,7.37,62.7,72,55,60,60
D.J. Ware,D.J.,Ware,Undrafted,Illinois,RB,Jr/2007,,,Undrafted,271,NFL Combine,6000,225,,,,21,,,,,,,,Pro Day,4.61,2.64,1.57,25,35,"10'1""",,6.96,62.7,60,55,66,63
Tim Duckworth,Tim,Duckworth,Undrafted,Auburn,OG,Sr/2007,,,Undrafted,158,NFL Combine,6030,306,5.45,3.1,1.85,20,25,"07'10""",4.78,8.26,,,,Pro Day,5.38,3.12,1.84,19,,,4.67,7.72,62.6,69,60,60,60
Michael Okwo,Michael,Okwo,Bears,Stanford,ILB,Sr/2007,3,30,94,99,NFL Combine,5113,232,4.77,2.75,1.66,20,35 1/2,"10'01""",4.43,7.12,,,,Pro Day,4.65,2.66,1.54,,,"10'1""",4.54,7.25,62.4,70,57,60,60
Brian Smith,Brian,Smith,Jaguars,Missouri,OLB,Sr/2007,4,14,113,242,NFL Combine,6034,235,,,,,,,,,,,,Pro Day,,,,,,,,,62.4,71,55,60,60
Rufus Alexander,Rufus,Alexander,Vikings,Oklahoma,OLB,Sr/2007,6,2,176,104,NFL Combine,6007,228,4.8,2.82,1.72,25,35,"09'09""",4.3,7.06,,,,Pro Day,4.69,2.68,1.56,26,,,4.27,,62.4,71,55,60,60
Tyler Palko,Tyler,Palko,Undrafted,Pittsburgh,QB,Sr/2007,,,Undrafted,204,NFL Combine,6013,215,4.85,2.86,1.75,,31 1/2,"09'04""",4.36,7.05,,,,Pro Day,,,,,,,,,62.4,69,55,60,62
Anthony Waters,Anthony,Waters,Chargers,Clemson,ILB,Sr/2007,3,33,96,135,NFL Combine,6025,245,,,,25,,,,,,,,Pro Day,,,,,,,,,62.1,70,55,60,60
Jeff Rowe,Jeff,Rowe,Bengals,Nevada,QB,Sr/2007,5,14,151,258,NFL Combine,6052,226,4.95,2.85,1.73,,29 1/2,"09'06""",4.42,7.16,,,,Pro Day,,,,,31 1/2,,,,62.1,70,55,60,60
C.J. Ah You,C.J.,Ah You,Bills,Oklahoma,DE,Sr/2007,7,29,239,245,NFL Combine,6036,274,4.72,2.75,1.63,26,36 1/2,"09'00""",4.4,7.06,,,,Pro Day,,,,,,"9'7""",4.26,,62.0,60,55,65,62
Michael Coe,Michael,Coe,Colts,Alabama State,CB,Sr/2007,5,36,173,101,NFL Combine,6005,190,4.6,2.66,1.63,17,35,"10'02""",4.31,6.78,,,,Pro Day,4.49,2.59,1.54,,,,,,61.9,69,55,60,60
Courtney Taylor,Courtney,Taylor,Seahawks,Auburn,WR,Sr/2007,6,23,197,118,NFL Combine,6016,204,4.51,2.56,1.52,,36,"10'02""",4.28,7.22,,,,Pro Day,4.55,2.64,1.56,,35,"10'7""",,,61.9,69,55,60,60
Drew Mormino,Drew,Mormino,Dolphins,Central Michigan,C,Sr/2007,6,25,199,262,NFL Combine,6032,299,5.36,3.06,1.85,27,28,"08'09""",4.53,7.48,,,,Pro Day,5.2,2.98,1.75,,,,,,61.9,69,55,60,60
Courtney Brown,Courtney,Brown,Cowboys,Cal Poly,CB,Sr/2007,7,2,212,121,NFL Combine,6013,200,,,,,,,,,,,,Pro Day,4.32,2.48,1.46,15,41 1/2,"10'11""",4.07,7.1,61.7,67,58,60,60
Paul Williams,Paul,Williams,Titans,Fresno State,WR,Sr/2007,3,16,80,115,NFL Combine,6012,205,4.53,2.62,1.61,,38 1/2,"10'05""",4.24,7.03,,,,Pro Day,4.49,2.58,1.51,,37,"10'7""",,,61.6,68,55,60,60
A.J. Davis,A.J.,Davis,Lions,North Carolina State,CB,Sr/2007,4,6,105,85,NFL Combine,5100,193,,,,16,,,,,,,,Pro Day,4.56,2.64,1.57,,,,,7.1,61.6,68,55,60,60
Justin Medlock,Justin,Medlock,Chiefs,UCLA,K,Sr/2007,5,23,160,173,NFL Combine,5115,201,,,,,,,,,,,,Pro Day,,,,,,,,,61.6,68,55,60,60
Prescott Burgess,Prescott,Burgess,Ravens,Michigan,OLB,Sr/2007,6,33,207,219,NFL Combine,6033,240,4.9,2.88,1.72,19,32 1/2,"08'10""",4.31,7.01,,,,Pro Day,4.77,2.75,1.63,,31,"9'2""",4.45,7.34,61.6,68,55,60,60
Marvin Mitchell,Marvin,Mitchell,Saints,Tennessee,ILB,Sr/2007,7,10,220,288,NFL Combine,6030,249,4.86,2.83,1.67,22,32,"09'00""",4.25,7.29,,,,Pro Day,4.79,2.74,1.63,,32,"9'8""",4.42,7.31,61.6,64,55,60,64
Dan Santucci,Dan,Santucci,Bengals,Notre Dame,OG,Sr/2007,7,20,230,212,NFL Combine,6034,301,5.15,2.99,1.77,23,29,"08'06""",4.74,7.47,,,,Pro Day,,,,,,,,,61.6,68,55,60,60
Enoka Lucas,Enoka,Lucas,Undrafted,Oregon,C,Sr/2007,,,Undrafted,183,NFL Combine,6025,303,5.44,3.12,1.85,34,27 1/2,"08'08""",4.84,8.1,,,,Pro Day,5.37,3.05,1.82,,,,4.93,8.1,61.6,68,55,60,60
Chase Pittman,Chase,Pittman,Browns,LSU,DE,Sr/2007,7,3,213,252,NFL Combine,6045,270,,,,,,,,,,,,Pro Day,5.03,2.88,1.68,23,27 1/2,"8'6""",4.64,7.58,61.3,67,55,60,60
Elliot Vallejo,Elliot,Vallejo,Undrafted,California-Davis,OT,Sr/2007,,,Undrafted,256,NFL Combine,6070,327,5.42,3.13,1.9,24,26,"07'10""",5.14,7.95,,,,Pro Day,,,,,,,,,61.3,65,59,60,60
Yamon Figurs,Yamon,Figurs,Ravens,Kansas State,WR,Sr/2007,3,10,74,137,NFL Combine,5112,174,4.35,2.55,1.56,,,"10'03""",4.21,6.85,,,,Pro Day,,,,,32 1/2,,,,61.0,66,55,60,60
Martrez Milner,Martrez,Milner,Falcons,Georgia,TE,Sr/2007,4,34,133,142,NFL Combine,6037,252,4.82,2.81,1.68,19,34,"09'09""",4.49,7.35,,,,Pro Day,4.67,2.65,1.54,19,34 1/2,"9'7""",,,61.0,66,55,60,60
Chad Nkang,Chad,Nkang,Jaguars,Elon,SS,Sr/2007,7,41,251,214,NFL Combine,5114,220,4.55,2.67,1.62,23,36 1/2,"09'10""",4.34,7.1,,,,Pro Day,4.41,2.52,1.49,,,,,6.99,61.0,66,55,60,60
Andrew Carnahan,Andrew,Carnahan,Jaguars,Arizona State,OT,Sr/2007,7,42,252,274,NFL Combine,6071,306,,,,22,,,,,,,,Pro Day,,,,27,,,,,61.0,66,55,60,60
Nate Harris,Nate,Harris,Undrafted,Louisville,OLB,Sr/2007,,,Undrafted,150,NFL Combine,6003,230,4.69,2.75,1.66,26,32,"08'11""",4.52,7.19,,,,Pro Day,4.46,2.59,1.52,,36,"9'3""",4.49,7.41,60.7,65,55,60,60
Tony Taylor,Tony,Taylor,Undrafted,Georgia,OLB,Sr/2007,,,Undrafted,221,NFL Combine,6004,236,4.95,2.86,1.71,26,32,"09'00""",4.36,7.17,,,,Pro Day,4.88,2.8,1.62,,,,,,60.7,65,55,60,60
Julius Wilson,Julius,Wilson,Undrafted,Alabama-Birmingham,OT,Sr/2007,,,Undrafted,174,NFL Combine,6043,327,5.5,3.26,1.99,,27,"08'07""",5,8.33,,,,Pro Day,5.29,3.08,1.83,17,30,"8'9""",4.97,7.79,60.7,65,55,60,60
Dustin Fry,Dustin,Fry,Rams,Clemson,C,Sr/2007,5,2,139,83,NFL Combine,6025,314,5.47,3.15,1.94,34,,,,,,,,Pro Day,,,,,,,,,60.4,64,55,60,60
Keith Jackson,Keith,Jackson,Rams,Arkansas,DT,Sr/2007,7,38,248,222,NFL Combine,6002,305,5.06,2.95,1.72,33,30,,4.56,7.65,,,,Pro Day,4.85,2.81,1.65,,,,,,60.4,64,55,60,60
Jordan Palmer,Jordan,Palmer,Redskins,Texas-El Paso,QB,Sr/2007,6,31,205,215,NFL Combine,6055,231,4.99,2.91,1.75,,30 1/2,"08'08""",4.58,7.32,,,,Pro Day,,,,,,,,,60.1,60,55,60,62
Chris Denman,Chris,Denman,Bucs,Fresno State,OT,Sr/2007,7,4,214,161,NFL Combine,6064,315,5.62,3.21,1.92,21,27 1/2,"08'01""",4.92,8.1,,,,Pro Day,5.48,3.07,1.82,,27,,4.7,7.97,60.1,63,55,60,60
Jeremy Clark,Jeremy,Clark,Undrafted,Alabama,DT,Sr/2007,,,Undrafted,267,NFL Combine,6024,309,5.04,2.93,1.77,29,29,"08'08""",4.82,7.78,,,,Pro Day,,,,,31,"9'2""",,,60.1,60,55,60,62
Dallas Sartz,Dallas,Sartz,Redskins,Southern California,OLB,Sr/2007,5,6,143,177,NFL Combine,6047,235,4.72,2.75,1.65,20,33 1/2,"09'03""",4.13,6.85,,,,Pro Day,4.57,2.58,1.54,,33,"9'6""",,,59.3,60,55,60,60
Cameron Stephenson,Cameron,Stephenson,Steelers,Rutgers,OG,Sr/2007,5,19,156,145,NFL Combine,6032,306,5.45,3.13,1.88,34,28 1/2,"08'05""",4.81,7.72,,,,Pro Day,,,,33,,,,,59.3,60,55,60,60
*C.J. Gaddis,C.J.,Gaddis,Eagles,Clemson,FS,Jr/2007,5,22,159,192,NFL Combine,5114,203,4.54,2.63,1.59,20,36 1/2,"10'01""",4.3,7.28,,,,Pro Day,4.43,2.58,1.52,,39 1/2,"10'1""",4.33,7.13,59.3,60,55,60,60
Joel Filani,Joel,Filani,Titans,Texas Tech,WR,Sr/2007,6,14,188,216,NFL Combine,6021,211,4.55,2.66,1.63,17,32 1/2,"09'09""",,,,,,Pro Day,,,,,,,4.1,6.81,59.3,60,55,60,60
*Ryan Smith,Ryan,Smith,Titans,Florida,CB,Jr/2007,6,32,206,157,NFL Combine,5102,174,4.72,2.8,1.75,11,,,,,,,,Pro Day,,,,,,,4.12,7.07,59.3,60,55,60,60
Jordan Kent,Jordan,Kent,Seahawks,Oregon,WR,Sr/2007,6,36,210,228,NFL Combine,6041,217,,,,,,,,,,,,Pro Day,,,,,,,,,59.3,60,55,60,60
Oscar Lua,Oscar,Lua,Patriots,Southern California,ILB,Sr/2007,7,1,211,284,NFL Combine,6006,236,,,,,,,,,,,,Pro Day,4.81,2.76,1.63,22,33,"9'6""",4.43,7.22,59.3,60,55,60,60
Kelvin Smith,Kelvin,Smith,Dolphins,Syracuse,ILB,Sr/2007,7,9,219,264,NFL Combine,6020,240,4.82,2.8,1.65,26,32,"09'02""",4.42,7.19,,,,Pro Day,4.7,2.69,1.58,,33 1/2,"9'4""",,,59.3,60,55,60,60
Syndric Steptoe,Syndric,Steptoe,Browns,Arizona,WR,Sr/2007,7,24,234,296,NFL Combine,5085,194,4.61,2.68,1.65,17,33,,,,,,,Pro Day,4.55,2.62,1.53,,36 1/2,"10'4""",4.17,7.05,59.3,60,55,60,60
Nate Ilaoa,Nate,Ilaoa,Eagles,Hawaii,RB,Sr/2007,7,26,236,244,NFL Combine,5087,245,4.84,2.81,1.68,25,30,"08'07""",4.42,7.1,,,,Pro Day,,,,,,,,,59.3,60,55,60,60
Clark Harris,Clark,Harris,Packers,Rutgers,TE,Sr/2007,7,33,243,181,NFL Combine,6054,261,4.83,2.81,1.7,21,32,"09'04""",4.4,,,,,Pro Day,4.78,2.82,1.65,,33 1/2,"9'3""",4.34,7.21,59.3,60,55,60,60
Scott Stephenson,Scott,Stephenson,Undrafted,Iowa State,C,Sr/2007,,,Undrafted,210,NFL Combine,6032,297,5.21,3.04,1.85,21,29 1/2,"08'03""",4.57,7.62,,,,Pro Day,5.11,2.95,1.74,22,30,"8'7""",4.73,,59.3,60,55,60,60
Mark Fenton,Mark,Fenton,Undrafted,Colorado,C,Sr/2007,,,Undrafted,282,NFL Combine,6042,290,,,,22,,,,,,,,Pro Day,,,,,36,"8'8""",4.9,7.92,59.3,60,55,60,60
Kenny Scott,Kenny,Scott,Undrafted,Georgia Tech,CB,Sr/2007,,,Undrafted,119,NFL Combine,6007,179,4.43,2.6,1.58,10,40,"10'07""",,,,,,Pro Day,,,,,,,4.34,6.91,59.3,60,55,60,60
Anthony Arline,Anthony,Arline,Undrafted,Baylor,CB,Sr/2007,,,Undrafted,124,NFL Combine,6016,199,4.47,2.63,1.59,12,34 1/2,"10'04""",4.46,7.02,,,,Pro Day,,,,,36,"10'5""",,,59.3,60,55,60,60
Travarous Bain,Travarous,Bain,Undrafted,Hampton,CB,Sr/2007,,,Undrafted,175,NFL Combine,6002,182,4.48,2.62,,10,,,,,,,,Pro Day,4.48,2.62,1.48,,,,,,59.3,60,55,60,60
DeAndre Jackson,DeAndre,Jackson,Undrafted,Iowa State,CB,Sr/2007,,,Undrafted,206,NFL Combine,5113,193,,,,14,,,,,,,,Pro Day,,,,13,,,,,59.3,60,55,60,60
Reggie Lewis,Reggie,Lewis,Undrafted,Florida,CB,Sr/2007,,,Undrafted,218,NFL Combine,5100,204,4.6,2.66,1.6,14,34,"09'11""",,7.13,,,,Pro Day,4.57,2.62,1.53,17,35 1/2,"10'1""",4,6.75,59.3,60,55,60,60
Geoff Pope,Geoff,Pope,Undrafted,Howard,CB,Sr/2007,,,Undrafted,234,NFL Combine,5115,186,,,,,,,,,,,,Pro Day,4.27,2.46,1.43,15,35,"9'11""",4.17,7.13,59.3,60,55,60,60
Larry Anam,Larry,Anam,Undrafted,Michigan State,CB,Sr/2007,,,Undrafted,259,NFL Combine,5113,190,,,,,,,,,,,,Pro Day,4.37,2.53,1.48,12,39 1/2,"10'11""",4.19,6.89,59.3,60,55,60,60
Bo Smith,Bo,Smith,Undrafted,Weber State,CB,Sr/2007,,,Undrafted,265,NFL Combine,5102,193,4.53,2.66,1.63,14,33 1/2,,,,,,,Pro Day,,,,,36 1/2,"9'7""",4.23,6.96,59.3,60,55,60,60
Joe Porter,Joe,Porter,Undrafted,Rutgers,CB,Sr/2007,,,Undrafted,272,NFL Combine,5101,198,,,,,,,,,,,,Pro Day,4.33,2.48,1.47,21,36,"10'3""",4.23,6.62,59.3,60,55,60,60
Noland Burchette,Noland,Burchette,Undrafted,Virginia Tech,DE,Sr/2007,,,Undrafted,191,NFL Combine,6017,259,,2.9,1.76,15,,,,,,,,Pro Day,,,,19,31,"9'4""",,,59.3,60,55,60,60
Xzavie Jackson,Xzavie,Jackson,Undrafted,Missouri,DE,Sr/2007,,,Undrafted,213,NFL Combine,6026,278,4.96,2.88,1.76,18,33,"09'02""",,,,,,Pro Day,,,,24,34,"9'3""",,,59.3,60,55,60,60
Edgar Jones,Edgar,Jones,Undrafted,Southeast Missouri,DE,Sr/2007,,,Undrafted,269,NFL Combine,6031,263,,,,,,,,,,,,Pro Day,,,,,,,,,59.3,60,55,60,60
Victor DeGrate,Victor,DeGrate,Undrafted,Oklahoma State,DE,Sr/2007,,,Undrafted,275,NFL Combine,6025,249,4.81,2.79,1.68,19,,,,,,,,Pro Day,,,,18,32,"9'1""",,7.72,59.3,60,55,60,60
Mkristo Bruce,Mkristo,Bruce,Undrafted,Washington State,DE,Sr/2007,,,Undrafted,292,NFL Combine,6056,268,5.23,3.04,1.85,21,29,"08'10""",4.8,7.38,,,,Pro Day,4.93,2.88,1.67,,33,"8'11""",4.52,7.47,59.3,60,55,60,60
*Walter Thomas,Walter,Thomas,Undrafted,Northwest Mississippi,DT,Sr/2007,,,Undrafted,207,NFL Combine,6043,374,,,,,,,,,,,,Pro Day,5.11,2.96,1.73,27,24 1/2,"8'4""",4.84,7.76,59.3,60,55,60,60
Joe Anoai,Joe,Anoai,Undrafted,Georgia Tech,DT,Sr/2007,,,Undrafted,229,NFL Combine,6025,303,,,,,,,,,,,,Pro Day,4.91,2.83,1.61,,34,"9'5""",,7.29,59.3,60,55,60,60
David Patterson,David,Patterson,Undrafted,Ohio State,DT,Sr/2007,,,Undrafted,254,NFL Combine,6021,285,5.15,3.01,1.82,21,32 1/2,"09'10""",4.43,7.47,,,,Pro Day,,,,,,,,,59.3,60,55,60,60
Ola Dagunduro,Ola,Dagunduro,Undrafted,Nebraska,DT,Sr/2007,,,Undrafted,270,NFL Combine,6017,313,,,,,,,,,,,,Pro Day,5.15,2.89,1.68,26,26 1/2,"8'5""",4.73,7.53,59.3,60,55,60,60
Cory Anderson,Cory,Anderson,Undrafted,Tennessee,FB,Sr/2007,,,Undrafted,184,NFL Combine,6022,247,4.72,2.75,1.63,19,37,"09'07""",4.35,7.37,,,,Pro Day,4.66,2.69,1.63,21,,"10'0""",4.43,7.2,59.3,60,55,60,60
Brandon Sharp,Brandon,Sharp,Undrafted,Louisville,FS,Sr/2007,,,Undrafted,188,NFL Combine,5100,194,4.61,2.72,1.64,18,37 1/2,,,,,,,Pro Day,4.47,2.54,1.49,,,"10'4""",4.03,6.81,59.3,60,55,60,60
Andrew Shanle,Andrew,Shanle,Undrafted,Nebraska,FS,Sr/2007,,,Undrafted,211,NFL Combine,6006,212,,,,,,,,,,,,Pro Day,4.42,2.55,1.52,16,38 1/2,"9'11""",4.09,6.8,59.3,60,55,60,60
Marcus Paschal,Marcus,Paschal,Undrafted,Iowa,FS,Sr/2007,,,Undrafted,286,NFL Combine,6002,201,4.74,2.79,1.68,15,33,,4.72,7.31,,,,Pro Day,,,,,,,,,59.3,60,55,60,60
Willis Barringer,Willis,Barringer,Undrafted,Michigan,FS,Sr/2007,,,Undrafted,295,NFL Combine,5107,208,,,,,,,,,,,,Pro Day,,,,,,,,,59.3,60,55,60,60
*Jon Abbate,Jon,Abbate,Undrafted,Wake Forest,ILB,Jr/2007,,,Undrafted,201,NFL Combine,5096,231,5.04,2.91,1.77,26,38 1/2,"09'07""",4.33,7.12,,,,Pro Day,,,,,36,"9'10""",,,59.3,60,55,60,60
Zach Latimer,Zach,Latimer,Undrafted,Oklahoma,ILB,Sr/2007,,,Undrafted,224,NFL Combine,6016,237,4.84,2.82,1.7,19,34,"09'01""",4.45,7.27,,,,Pro Day,4.7,2.69,1.57,,,,4.46,7.43,59.3,60,55,60,60
Matt Muncy,Matt,Muncy,Undrafted,Ohio,ILB,Sr/2007,,,Undrafted,290,NFL Combine,6005,242,,,,,,,,,,,,Pro Day,4.58,2.65,1.56,26,37,"9'8""",4.22,7.18,59.3,60,55,60,60
Nick Leeson,Nick,Leeson,Undrafted,Virginia Tech,LS,Sr/2007,,,Undrafted,250,NFL Combine,6014,255,,,,,,,,,,,,Pro Day,5.08,2.9,1.68,21,28 1/2,"8'3""",4.15,7.32,59.3,60,55,60,60
Mike Jones,Mike,Jones,Undrafted,Iowa,OG,Sr/2007,,,Undrafted,189,NFL Combine,6050,309,5.46,3.09,1.79,28,25 1/2,"08'02""",4.88,7.8,,,,Pro Day,5.5,3.14,1.78,26,30,"8'3""",4.73,7.77,59.3,60,55,60,60
Nate Bennett,Nate,Bennett,Undrafted,Michigan State,OG,Sr/2007,,,Undrafted,209,NFL Combine,6043,316,5.68,3.26,1.95,34,26 1/2,"07'06""",5.04,8.15,,,,Pro Day,5.47,3.06,1.82,,,"7'9""",4.85,7.9,59.3,60,55,60,60
Rob Turner,Rob,Turner,Undrafted,North Carolina State,OG,Sr/2007,,,Undrafted,238,NFL Combine,6037,318,,,,,,,,,,,,Pro Day,,,,,,,,,59.3,60,55,60,60
T.J. Downing,T.J.,Downing,Undrafted,Ohio State,OG,Sr/2007,,,Undrafted,260,NFL Combine,6045,298,,,,,,,,,,,,Pro Day,5.19,3.02,1.81,31,28 1/2,"9'0""",4.63,7.81,59.3,60,55,60,60
Steve Rissler,Steve,Rissler,Undrafted,Florida,OG,Sr/2007,,,Undrafted,277,NFL Combine,6027,305,,,,,,,,,,,,Pro Day,,,,,,,,,59.3,60,55,60,60
Cory Niblock,Cory,Niblock,Undrafted,Florida State,OG,Sr/2007,,,Undrafted,285,NFL Combine,6033,290,,,,,,,,,,,,Pro Day,5.14,2.91,1.71,,29,"8'0""",4.6,7.93,59.3,60,55,60,60
Earl Everett,Earl,Everett,Undrafted,Florida,OLB,Sr/2007,,,Undrafted,131,NFL Combine,6024,238,4.94,2.89,1.71,19,32,"09'05""",,,,,,Pro Day,4.73,2.75,1.62,,,,4.46,7.39,59.3,60,55,60,60
*Rory Johnson,Rory,Johnson,Undrafted,Mississippi,OLB,Jr/2007,,,Undrafted,160,NFL Combine,6001,232,4.68,2.77,1.69,19,38,"09'08""",4.07,,,,,Pro Day,4.54,2.61,1.56,,,,,7.25,59.3,60,55,60,60
Sam Olajubutu,Sam,Olajubutu,Undrafted,Arkansas,OLB,Sr/2007,,,Undrafted,195,NFL Combine,5086,227,4.77,2.76,1.65,24,34 1/2,"09'10""",4.34,7.33,,,,Pro Day,4.61,2.65,1.57,,36,,4.34,,59.3,60,55,60,60
Juwan Simpson,Juwan,Simpson,Undrafted,Alabama,OLB,Sr/2007,,,Undrafted,202,NFL Combine,6023,225,4.56,2.67,1.61,15,34 1/2,"10'03""",4.42,7.22,,,,Pro Day,4.58,2.63,1.56,15,,,,,59.3,60,55,60,60
Justin Hickman,Justin,Hickman,Undrafted,UCLA,OLB,Sr/2007,,,Undrafted,241,NFL Combine,6013,254,4.81,2.79,1.67,23,29 1/2,"09'07""",4.43,7.06,,,,Pro Day,4.75,2.72,1.58,,30 1/2,,,,59.3,60,55,60,60
Kyle Shotwell,Kyle,Shotwell,Undrafted,Cal Poly,OLB,Sr/2007,,,Undrafted,298,NFL Combine,6010,235,,,,,,,,,,,,Pro Day,4.52,2.63,1.54,23,35 1/2,"10'1""",4.36,6.96,59.3,60,55,60,60
Tala Esera,Tala,Esera,Undrafted,Hawaii,OT,Sr/2007,,,Undrafted,172,NFL Combine,6032,312,,,,,,,,,,,,Pro Day,,,,,,,,,59.3,60,55,60,60
Gabe Hall,Gabe,Hall,Undrafted,Texas Tech,OT,Sr/2007,,,Undrafted,203,NFL Combine,6037,313,4.94,2.92,1.8,22,29,"08'08""",4.68,7.59,,,,Pro Day,,,,,,,,,59.3,60,55,60,60
Dane Uperesa,Dane,Uperesa,Undrafted,Hawaii,OT,Sr/2007,,,Undrafted,220,NFL Combine,6043,309,,3.07,1.86,,,,,,,,,Pro Day,5.25,2.97,1.76,28,33,"9'6""",4.58,7.66,59.3,60,55,60,60
Jonathan Palmer,Jonathan,Palmer,Undrafted,Auburn,OT,Sr/2007,,,Undrafted,279,NFL Combine,6041,326,,,,,,,,,,,,Pro Day,5.25,2.97,1.76,,25,"8'2""",4.87,8.07,59.3,60,55,60,60
Adam Graessle,Adam,Graessle,Undrafted,Pittsburgh,P,Sr/2007,,,Undrafted,291,NFL Combine,6043,215,,,,,,,,,,,,Pro Day,,,,,,,,,59.3,60,55,60,60
Jared Zabransky,Jared,Zabransky,Undrafted,Boise State,QB,Sr/2007,,,Undrafted,167,NFL Combine,6021,219,4.57,2.65,1.62,,35 1/2,"09'03""",4.08,6.78,,,,Pro Day,,,,,,,,,59.3,60,55,60,60
Chris Leak,Chris,Leak,Undrafted,Florida,QB,Sr/2007,,,Undrafted,231,NFL Combine,5117,209,4.79,2.71,1.66,,32 1/2,"09'05""",4.41,7.03,,,,Pro Day,,,,,,,,,59.3,60,55,60,60
Zac Taylor,Zac,Taylor,Undrafted,Nebraska,QB,Sr/2007,,,Undrafted,280,NFL Combine,6023,216,5.01,2.85,1.71,,30 1/2,"09'02""",4.6,7.39,,,,Pro Day,,,,,,,,,59.3,60,55,60,60
Jessie Daniels,Jessie,Daniels,Undrafted,LSU,SS,Sr/2007,,,Undrafted,243,NFL Combine,5107,216,,,,25,,,,,,,,Pro Day,4.54,2.6,1.55,20,33 1/2,"10'0""",4.25,7.12,59.3,60,55,60,60
Joe Newton,Joe,Newton,Undrafted,Oregon State,TE,Sr/2007,,,Undrafted,162,NFL Combine,6071,257,4.92,2.84,1.69,20,31,"09'01""",4.57,7.35,,,,Pro Day,4.76,2.74,1.63,,,,4.38,6.96,59.3,60,55,60,60
Jonny Harline,Jonny,Harline,Undrafted,Brigham Young,TE,Sr/2007,,,Undrafted,198,NFL Combine,6036,248,4.86,2.83,1.7,15,28 1/2,"08'10""",4.68,7.05,,,,Pro Day,4.72,,,17,32 1/2,"9'1""",4.69,,59.3,60,55,60,60
Samuel Smith,Samuel,Smith,Undrafted,Florida International,TE,Sr/2007,,,Undrafted,263,NFL Combine,6021,245,,,,,,,,,,,,Pro Day,,,,,,,,,59.3,60,55,60,60
Chad Upshaw,Chad,Upshaw,Undrafted,Buffalo,TE,Sr/2007,,,Undrafted,297,NFL Combine,6043,252,4.99,2.88,1.74,16,33 1/2,"09'00""",4.58,7.23,,,,Pro Day,4.69,2.72,1.59,,34 1/2,"9'10""",4.46,7,59.3,60,55,60,60
Braden Jones,Braden,Jones,Undrafted,Southern Illinois,TE,Sr/2007,,,Undrafted,300,NFL Combine,6031,260,,,,,,,,,,,,Pro Day,4.58,2.62,1.58,20,39,"10'6""",4.28,7.19,59.3,60,55,60,60
Rhema McKnight,Rhema,McKnight,Undrafted,Notre Dame,WR,Sr/2007,,,Undrafted,168,NFL Combine,6012,211,,,,,34,"09'10""",4.16,6.84,,,,Pro Day,4.53,2.63,1.52,,,,,,59.3,60,55,60,60
Brandon Myles,Brandon,Myles,Undrafted,West Virginia,WR,Sr/2007,,,Undrafted,190,NFL Combine,6007,189,,,,,,,,,,,,Pro Day,4.41,2.53,1.49,,35 1/2,"10'11""",4.31,6.98,59.3,60,55,60,60
Jemalle Cornelius,Jemalle,Cornelius,Undrafted,Florida,WR,Sr/2007,,,Undrafted,196,NFL Combine,5106,184,4.62,2.66,1.63,,34 1/2,"10'03""",4.3,6.99,,,,Pro Day,4.42,2.55,1.54,,,,,,59.3,60,55,60,60
David Ball,David,Ball,Undrafted,New Hampshire,WR,Sr/2007,,,Undrafted,249,NFL Combine,6007,196,,,,,,,4.21,6.94,,,,Pro Day,4.7,2.67,1.56,,33,"10'0""",3.97,6.59,59.3,60,55,60,60
Ryan Moore,Ryan,Moore,Undrafted,Miami (FL),WR,Sr/2007,,,Undrafted,251,NFL Combine,6022,217,4.56,2.65,1.6,,32,"09'02""",4.35,6.87,,,,Pro Day,4.58,2.6,1.47,,,,,,59.3,60,55,60,60
Brad Ekwerekwu,Brad,Ekwerekwu,Undrafted,Missouri,WR,Sr/2007,,,Undrafted,255,NFL Combine,6035,209,,,,,,,,,,,,Pro Day,4.47,2.58,1.53,17,37 1/2,"10'6""",4.02,6.78,59.3,60,55,60,60
Aaron Fairooz,Aaron,Fairooz,Undrafted,Central Arkansas,WR,Sr/2007,,,Undrafted,268,NFL Combine,6056,209,4.49,2.57,1.57,,36,"10'05""",4.27,6.89,,,,Pro Day,,,,,,,,,59.3,60,55,60,60
Matt Trannon,Matt,Trannon,Undrafted,Michigan State,WR,Sr/2007,,,Undrafted,278,NFL Combine,6060,216,4.58,2.66,1.59,13,36 1/2,"09'10""",4.34,7.09,,,,Pro Day,,,,,,,,6.82,59.3,60,55,60,60
Syvelle Newton,Syvelle,Newton,Undrafted,South Carolina,WR,Sr/2007,,,Undrafted,294,NFL Combine,6006,218,4.7,2.7,1.64,20,,,,,,,,Pro Day,4.77,,,,,,4.47,7.44,59.3,60,55,60,60
