full_name,first_name,last_name,draft_team,college,position,class/year,round,pick,overall,ds_rank,category,ht,wt,yd40,yd20,yd10,bench,vert,broad,shut20,cone3,hand_size,arm_length,wingspan,category,yd40,yd20,yd10,bench,vert,broad,shut20,cone3,rating,madden10,madden11,madden12,madden13
Jake Long,Jake,Long,Dolphins,Michigan,OT,rSr/2008,1,1,1,4,NFL Combine,6070,313,5.22,2.97,1.76,37,27 1/2,"08'06""",4.73,7.44,,,,Pro Day,,,,,,,,,95.4,91,96,97,95
Chris Johnson,Chris,Johnson,Titans,East Carolina,RB,Sr/2008,1,24,24,33,NFL Combine,5110,197,4.24,2.41,1.4,,35,"10'10""",,,,,,Pro Day,,,,,,,,,94.0,88,99,96,90
Carl Nicks,Carl,Nicks,Saints,Nebraska,OT,Sr/2008,5,31,164,121,NFL Combine,6047,341,5.22,2.98,1.8,31,25 1/2,"09'01""",4.68,7.91,,,,Pro Day,,,,,,,,,93.1,78,91,96,97
*Ryan Clady,Ryan,Clady,Broncos,Boise State,OT,rJr/2008,1,12,12,8,NFL Combine,6061,309,,,,24,,,,,,,,Pro Day,5.18,2.96,1.81,,31,"09'00""",4.73,7.07,91.7,88,98,92,87
*Ray Rice,Ray,Rice,Ravens,Rutgers,RB,Jr/2008,2,24,55,60,NFL Combine,5080,199,4.47,2.52,1.51,23,31 1/2,"09'11""",4.2,6.65,,,,Pro Day,,,,,39 1/2,"10'01""",4.17,,91.0,78,90,92,95
Matt Forte,Matt,Forte,Bears,Tulane,RB,Sr/2008,2,13,44,63,NFL Combine,6013,217,4.46,2.55,1.49,23,33,"09'10""",4.23,6.84,,,,Pro Day,,,,,,,,,90.3,89,86,89,93
*Jerod Mayo,Jerod,Mayo,Patriots,Tennessee,ILB,rJr/2008,1,10,10,23,NFL Combine,6012,242,4.54,2.58,1.51,,32,"09'06""",4.29,7.31,,,,Pro Day,,,,22,40 1/2,,,,90.0,88,86,92,90
*Brandon Flowers,Brandon,Flowers,Chiefs,Virginia Tech,CB,rJr/2008,2,4,35,44,NFL Combine,5096,189,4.55,2.6,1.52,14,30,"09'09""",,,,,,Pro Day,4.54,2.6,1.53,,,,4.08,6.72,89.0,77,85,91,93
Jamaal Charles,Jamaal,Charles,Chiefs,Texas,RB,Jr/2008,3,10,73,41,NFL Combine,5110,200,4.38,2.56,1.53,,30 1/2,"10'02""",4.22,6.8,,,,Pro Day,,,,,,,,,88.9,68,87,95,91
Matt Ryan,Matt,Ryan,Falcons,Boston College,QB,rSr/2008,1,3,3,7,NFL Combine,6046,228,4.95,2.86,1.67,,,,4.51,7.4,,,,Pro Day,,,,,,,,,88.4,85,86,90,89
*Curtis Lofton,Curtis,Lofton,Falcons,Oklahoma,ILB,Jr/2008,2,6,37,42,NFL Combine,6000,246,4.79,2.73,1.61,23,24 1/2,"08'09""",4.56,7.69,,,,Pro Day,4.67,2.65,1.55,,32,"09'04""",4.54,7.52,88.3,80,88,90,90
*DeSean Jackson,DeSean,Jackson,Eagles,California,WR,Jr/2008,2,18,49,21,NFL Combine,5096,169,4.35,2.53,1.55,,,"10'00""",,,,,,Pro Day,,,,,34 1/2,"10'02""",4.19,6.82,88.1,81,91,91,86
Chris Long,Chris,Long,Rams,Virginia,DE,Sr/2008,1,2,2,1,NFL Combine,6030,272,4.75,2.7,1.6,,34,"10'04""",4.21,7.02,,,,Pro Day,,,,,,,,,86.9,82,75,89,91
Joe Flacco,Joe,Flacco,Ravens,Delaware,QB,rSr/2008,1,18,18,39,NFL Combine,6063,236,4.86,2.79,1.71,,28 1/2,"09'02""",4.27,6.82,,,,Pro Day,,,,,,,,,86.9,81,87,88,88
*Darren McFadden,Darren,McFadden,Raiders,Arkansas,RB,Jr/2008,1,4,4,3,NFL Combine,6012,211,4.33,2.53,1.51,,33,"10'08""",,,,,,Pro Day,,,,13,35 1/2,,4.1,6.86,86.1,79,77,87,91
*Aqib Talib,Aqib,Talib,Bucs,Kansas,CB,rJr/2008,1,20,20,36,NFL Combine,6006,202,4.44,2.56,1.51,10,38,"10'11""",4.22,6.82,,,,Pro Day,4.42,2.52,1.47,,,,,,86.0,82,87,86,87
*Branden Albert,Branden,Albert,Chiefs,Virginia,OG,Jr/2008,1,15,15,12,NFL Combine,6055,309,5.17,2.97,1.77,23,26,"09'03""",4.78,7.97,,,,Pro Day,,,,,,,,,85.9,84,78,86,89
Peyton Hillis,Peyton,Hillis,Broncos,Arkansas,FB,Sr/2008,7,20,227,169,NFL Combine,6006,240,4.66,2.68,1.63,26,30 1/2,"09'09""",,7.15,,,,Pro Day,4.57,2.64,1.56,,35,,4.24,,85.7,84,77,91,83
Sedrick Ellis,Sedrick,Ellis,Saints,Southern California,DT,rSr/2008,1,7,7,6,NFL Combine,6004,309,5.32,3.06,1.85,34,26 1/2,"08'09""",4.73,7.78,,,,Pro Day,5.05,2.91,1.69,36,30,,,,85.6,85,88,86,83
Dominique Rodgers-Cromartie,Dominique,Rodgers-Cromartie,Cardinals,Tennessee State,CB,Sr/2008,1,16,16,16,NFL Combine,6014,184,4.33,2.51,1.49,17,38 1/2,"10'11""",4.17,6.74,,,,Pro Day,,,,,37 1/2,"10'11""",4.14,6.63,85.6,87,90,85,81
Jeff Otah,Jeff,Otah,Panthers,Pittsburgh,OT,Sr/2008,1,19,19,24,NFL Combine,6060,322,5.56,3.1,1.83,27,22 1/2,"08'06""",,,,,,Pro Day,5.28,3.03,1.79,25,,,,,85.4,86,86,85,85
*Jermichael Finley,Jermichael,Finley,Packers,Texas,TE,rSo/2008,3,28,91,105,NFL Combine,6044,243,4.82,2.79,1.66,20,27 1/2,"09'09""",4.38,7.15,,,,Pro Day,4.66,2.78,1.63,,,,,,85.4,70,86,90,86
*Rashard Mendenhall,Rashard,Mendenhall,Steelers,Illinois,RB,Jr/2008,1,23,23,11,NFL Combine,5101,225,4.45,2.59,1.57,26,33 1/2,"09'09""",4.18,,,,,Pro Day,,,,,,,,,85.0,72,87,88,86
Duane Brown,Duane,Brown,Texans,Virginia Tech,OT,rSr/2008,1,26,26,55,NFL Combine,6041,315,5.08,2.96,1.76,24,27 1/2,"08'09""",4.52,7.58,,,,Pro Day,5.03,2.9,1.71,24,32 1/2,"09'00""",4.55,7.54,84.9,79,79,80,92
*Calais Campbell,Calais,Campbell,Cardinals,Miami (FL),DE,rJr/2008,2,19,50,37,NFL Combine,6076,290,5.04,2.89,1.7,16,29 1/2,"09'03""",4.69,7.45,,,,Pro Day,5,2.88,1.72,,34 1/2,,4.63,7.19,84.7,74,86,80,91
*Jonathan Stewart,Jonathan,Stewart,Panthers,Oregon,RB,Jr/2008,1,13,13,17,NFL Combine,5102,235,4.48,2.56,1.54,28,36 1/2,"10'08""",,,,,,Pro Day,,,,,,,,,84.4,85,88,81,84
Tyvon Branch,Tyvon,Branch,Raiders,Connecticut,CB,Sr/2008,4,1,100,77,NFL Combine,5113,204,4.31,2.49,1.47,19,34,"10'00""",4.4,,,,,Pro Day,,,,,38,,,,84.0,61,86,87,89
Kendall Langford,Kendall,Langford,Dolphins,Hampton,DE,Sr/2008,3,3,66,100,NFL Combine,6054,287,4.95,2.84,1.65,24,27,"09'06""",4.69,7.72,,,,Pro Day,,,,,31,"09'05""",,,83.7,71,79,88,86
Sam Baker,Sam,Baker,Falcons,Southern California,OT,rSr/2008,1,21,21,40,NFL Combine,6045,309,,,,28,,,,,,,,Pro Day,5.5,3.13,1.87,29,28 1/2,"09'00""",4.92,8.02,83.4,84,87,87,76
Dustin Keller,Dustin,Keller,Jets,Purdue,TE,rSr/2008,1,30,30,45,NFL Combine,6021,242,4.55,2.65,1.63,26,38,"10'11""",4.14,6.88,,,,Pro Day,,,,,41,,3.94,,83.4,77,82,85,85
Cliff Avril,Cliff,Avril,Lions,Purdue,OLB,Sr/2008,3,29,92,56,NFL Combine,6027,253,4.51,2.58,1.51,27,32 1/2,"09'09""",4.51,6.9,,,,Pro Day,,,,,36 1/2,,4.31,,83.4,71,76,85,89
*Kenny Phillips,Kenny,Phillips,Giants,Miami (FL),FS,Jr/2008,1,31,31,28,NFL Combine,6022,212,4.48,2.53,1.47,19,32 1/2,"10'01""",4.27,6.97,,,,Pro Day,,,,,34,,,,83.1,78,78,81,88
Antoine Cason,Antoine,Cason,Chargers,Arizona,CB,Sr/2008,1,27,27,31,NFL Combine,6002,191,4.45,2.53,1.51,20,35 1/2,"10'08""",4.08,,,,,Pro Day,,,,,36,,,7.07,82.7,77,78,83,86
Keith Rivers,Keith,Rivers,Bengals,Southern California,OLB,Sr/2008,1,9,9,9,NFL Combine,6022,241,,,,24,,,,,,,,Pro Day,4.54,2.65,1.56,,42,"10'07""",4.38,,82.3,78,86,84,79
Jason Jones,Jason,Jones,Titans,Eastern Michigan,DE,Sr/2008,2,23,54,86,NFL Combine,6052,273,4.78,2.73,1.59,18,25 1/2,"10'03""",4.32,7.29,,,,Pro Day,,,,,30 1/2,,,,81.7,75,77,84,84
Brandon Carr,Brandon,Carr,Chiefs,Grand Valley State,CB,Sr/2008,5,5,140,229,NFL Combine,6001,207,,,,,,,,,,,,Pro Day,4.43,2.57,1.47,,35,"10'04""",4.19,6.8,81.7,71,72,81,89
Tracy Porter,Tracy,Porter,Saints,Indiana,CB,Sr/2008,2,9,40,87,NFL Combine,5107,188,4.37,2.52,1.47,18,34,"10'03""",4.07,7.2,,,,Pro Day,4.38,2.51,1.46,,,,,,81.6,68,85,86,80
Terrell Thomas,Terrell,Thomas,Giants,Southern California,CB,rSr/2008,2,32,63,72,NFL Combine,6004,202,4.45,2.54,1.45,14,30 1/2,"10'03""",,7.18,,,,Pro Day,4.52,2.63,1.62,,36,,4.24,7.07,81.3,67,77,85,85
John Sullivan,John,Sullivan,Vikings,Notre Dame,C,rSr/2008,6,21,187,114,NFL Combine,6034,301,5.36,3.03,1.8,21,30,"08'07""",4.55,7.62,,,,Pro Day,,,,,,,,,81.3,73,77,73,91
*Felix Jones,Felix,Jones,Cowboys,Arkansas,RB,Jr/2008,1,22,22,35,NFL Combine,5101,207,4.47,2.59,1.55,,33 1/2,"10'04""",4.19,6.9,,,,Pro Day,,,,13,34 1/2,,,,81.1,78,83,81,81
John Carlson,John,Carlson,Seahawks,Notre Dame,TE,rSr/2008,2,7,38,62,NFL Combine,6051,251,4.88,2.83,1.67,20,30 1/2,"09'05""",4.28,7.12,,,,Pro Day,4.72,2.74,1.67,,35 1/2,,,,81.1,87,84,76,79
Glenn Dorsey,Glenn,Dorsey,Chiefs,LSU,DT,Sr/2008,1,5,5,2,NFL Combine,6014,297,,,,,,,,,,,,Pro Day,5.12,2.98,1.74,27,25 1/2,"08'04""",4.8,7.52,80.6,75,78,81,83
Jordy Nelson,Jordy,Nelson,Packers,Kansas State,WR,rSr/2008,2,5,36,67,NFL Combine,6025,217,4.51,2.64,1.57,,31,"10'03""",4.35,7.03,,,,Pro Day,,,,,,,,,80.6,69,70,79,89
Ahtyba Rubin,Ahtyba,Rubin,Browns,Iowa State,DT,Sr/2008,6,24,190,138,NFL Combine,6026,315,5.2,2.96,1.74,35,28,"08'10""",5,8.05,,,,Pro Day,,,,,,,,,80.1,61,74,81,88
Charles Godfrey,Charles,Godfrey,Panthers,Iowa,CB,Sr/2008,3,4,67,102,NFL Combine,5116,207,4.43,2.57,1.53,14,32 1/2,"10'01""",4.4,7.28,,,,Pro Day,4.38,2.53,1.46,,37 1/2,,,,79.9,72,75,84,80
Mike Jenkins,Mike,Jenkins,Cowboys,South Florida,CB,Sr/2008,1,25,25,15,NFL Combine,5102,197,4.38,2.55,1.54,18,34,"09'09""",4.4,7.21,,,,Pro Day,,,,,,,,,79.6,73,85,77,80
Stevie Johnson,Stevie,Johnson,Bills,Michigan State,WR,Sr/2008,7,17,224,217,NFL Combine,6017,210,4.59,2.62,1.59,,32 1/2,"10'01""",4.26,7.07,,,,Pro Day,4.46,2.56,1.49,,,,,,79.1,55,60,86,89
Chris Williams,Chris,Williams,Bears,Vanderbilt,OT,rSr/2008,1,14,14,18,NFL Combine,6060,315,5.17,2.98,1.78,21,25,"08'07""",4.85,7.95,,,,Pro Day,,,,,,,,,78.7,73,82,84,72
Leodis McKelvin,Leodis,McKelvin,Bills,Troy,CB,Sr/2008,1,11,11,10,NFL Combine,5102,190,4.38,2.53,1.49,17,33 1/2,"10'01""",4.1,7.06,,,,Pro Day,,,,,38 1/2,"10'05""",,,78.6,78,81,80,75
Eddie Royal,Eddie,Royal,Broncos,Virginia Tech,WR,Sr/2008,2,11,42,88,NFL Combine,5095,184,4.39,2.55,1.48,24,36,"10'04""",4.34,7.07,,,,Pro Day,,,,,,,,,78.6,82,76,76,79
Gosder Cherilus,Gosder,Cherilus,Lions,Boston College,OT,rSr/2008,1,17,17,27,NFL Combine,6063,314,5.21,3,1.76,24,23,"08'06""",4.82,7.6,,,,Pro Day,5,2.89,1.72,,,,4.71,7.83,78.4,79,74,80,78
Thomas DeCoud,Thomas,DeCoud,Falcons,California,FS,rSr/2008,3,35,98,113,NFL Combine,6013,207,4.5,2.59,1.51,,35 1/2,"10'02""",4.27,6.85,,,,Pro Day,,,,9,34 1/2,"10'03""",,,78.1,64,77,80,82
Fred Davis,Fred,Davis,Redskins,Southern California,TE,Sr/2008,2,17,48,53,NFL Combine,6030,255,,,,24,,,,,,,,Pro Day,4.68,2.8,1.56,,33,"09'08""",4.68,7.36,78.0,63,76,79,83
Mike Pollak,Mike,Pollak,Colts,Arizona State,C,rSr/2008,2,28,59,51,NFL Combine,6034,301,5.02,2.88,1.73,29,25,"09'02""",4.47,7.49,,,,Pro Day,,,,,28,"09'03""",,,78.0,80,76,76,79
Mario Manningham,Mario,Manningham,Giants,Michigan,WR,Jr/2008,3,32,95,49,NFL Combine,5116,181,4.6,2.65,1.57,16,32,"09'09""",4.27,7.34,,,,Pro Day,4.42,2.56,1.5,,35,,4.38,,77.9,63,76,80,82
Pierre Garcon,Pierre,Garcon,Colts,Mount Union,WR,Sr/2008,6,39,205,171,NFL Combine,5117,210,4.48,2.57,1.57,20,36 1/2,"10'05""",4.19,6.9,,,,Pro Day,,,,,,,,,77.9,55,80,82,82
*Kevin Smith,Kevin,Smith,Lions,Central Florida,RB,Jr/2008,3,1,64,85,NFL Combine,6011,217,4.58,2.66,1.56,,32,"10'00""",4.49,6.74,,,,Pro Day,4.47,2.57,1.54,15,33 1/2,,,,77.7,80,80,74,78
Lawrence Jackson,Lawrence,Jackson,Seahawks,Southern California,DE,rSr/2008,1,28,28,34,NFL Combine,6042,271,4.82,2.83,1.65,31,31,"09'00""",4.4,7.08,,,,Pro Day,,,,,34 1/2,,,,77.6,73,79,77,79
Jacob Tamme,Jacob,Tamme,Colts,Kentucky,TE,rSr/2008,4,29,127,174,NFL Combine,6034,236,4.58,2.62,1.56,18,30,"09'01""",4.27,6.99,,,,Pro Day,,,,,,,,,77.6,68,68,83,79
*Anthony Collins,Anthony,Collins,Bengals,Kansas,OT,rJr/2008,4,13,112,64,NFL Combine,6050,317,5.54,3.14,1.9,26,22 1/2,"08'01""",4.87,7.71,,,,Pro Day,5.35,3.04,1.81,26,27 1/2,,,,77.4,76,79,76,78
Josh Morgan,Josh,Morgan,49ers,Virginia Tech,WR,Sr/2008,6,8,174,192,NFL Combine,6002,219,,,,,,,,,,,,Pro Day,4.46,2.58,1.49,14,40 1/2,"10'00""",4.29,7.06,77.3,74,74,78,79
Steve Slaton,Steve,Slaton,Texans,West Virginia,RB,Jr/2008,3,26,89,127,NFL Combine,5091,197,4.49,2.63,1.6,19,33 1/2,"09'10""",,,,,,Pro Day,4.45,2.59,1.58,,35,,4.27,6.74,77.1,87,78,72,72
*Pat Sims,Pat,Sims,Bengals,Auburn,DT,rJr/2008,3,14,77,69,NFL Combine,6021,310,5.09,2.91,1.74,20,27,,,,,,,Pro Day,,,,,30 1/2,"07'11""",4.8,7.67,76.9,76,77,77,77
Geno Hayes,Geno,Hayes,Bucs,Florida State,OLB,Jr/2008,6,9,175,123,NFL Combine,6007,226,4.64,2.68,1.58,22,26 1/2,"09'08""",4.48,7.22,,,,Pro Day,4.67,2.64,1.59,,31 1/2,,4.33,,76.9,65,79,82,74
Tim Hightower,Tim,Hightower,Cardinals,Richmond,RB,Sr/2008,5,16,149,238,NFL Combine,6001,226,,,,,,,,,,,,Pro Day,,,,,,,,,76.7,75,79,75,77
Red Bryant,Red,Bryant,Seahawks,Texas AM,DT,rSr/2008,4,22,121,106,NFL Combine,6041,318,5,2.88,1.66,20,28,"09'03""",4.64,7.75,,,,Pro Day,4.9,2.79,1.7,,,,,,76.6,62,66,78,84
*Chilo Rachal,Chilo,Rachal,49ers,Southern California,OG,rJr/2008,2,8,39,91,NFL Combine,6050,315,5.23,3.01,1.8,28,25 1/2,"09'00""",5.14,8.01,,,,Pro Day,,,,,28,,4.84,8.07,76.4,80,79,79,69
Tom Zbikowski,Tom,Zbikowski,Ravens,Notre Dame,SS,rSr/2008,3,23,86,75,NFL Combine,5112,211,4.44,2.55,1.49,24,,,,,,,,Pro Day,,,,,32 1/2,"09'01""",4.04,6.78,76.1,63,76,77,80
Marcel Reece,Marcel,Reece,Undrafted,Washington,FB,Sr/2008,,,Undrafted,224,NFL Combine,6001,231,,,,,,,,,,,,Pro Day,4.42,2.55,1.51,,36 1/2,"09'06""",4.26,7.2,76.1,55,60,83,84
*Martellus Bennett,Martellus,Bennett,Cowboys,Texas AM,TE,Jr/2008,2,30,61,46,NFL Combine,6061,259,4.68,2.67,1.53,18,34,"09'10""",4.53,7.64,,,,Pro Day,,,,,,,,,76.0,75,74,73,79
Chad Rinehart,Chad,Rinehart,Redskins,Northern Iowa,OG,rSr/2008,3,33,96,189,NFL Combine,6050,320,5.49,3.14,1.9,26,28 1/2,"08'10""",4.56,7.84,,,,Pro Day,5.26,3.05,1.87,,29,"08'09""",4.57,7.63,75.7,67,72,74,81
Earl Bennett,Earl,Bennett,Bears,Vanderbilt,WR,Jr/2008,3,7,70,82,NFL Combine,5114,209,4.48,2.56,1.51,15,26,"09'02""",4.22,7.15,,,,Pro Day,,,,,32,,,,75.6,72,74,76,77
Chad Henne,Chad,Henne,Dolphins,Michigan,QB,Sr/2008,2,26,57,38,NFL Combine,6027,230,4.92,2.81,1.7,,25 1/2,"08'10""",4.4,7.17,,,,Pro Day,,,,,,,,,75.4,66,79,77,75
Trevor Scott,Trevor,Scott,Raiders,Buffalo,DE,rSr/2008,6,3,169,178,NFL Combine,6050,256,,,,,,,,,,,,Pro Day,4.54,2.59,1.53,32,33 1/2,"09'09""",4.19,6.84,75.4,64,77,79,75
Jeremy Zuttah,Jeremy,Zuttah,Bucs,Rutgers,OT,Sr/2008,3,20,83,81,NFL Combine,6033,303,4.99,2.87,1.73,35,26 1/2,"08'11""",4.54,7.59,,,,Pro Day,,,,,,,,,75.3,77,77,73,75
Jameel McClain,Jameel,McClain,Undrafted,Syracuse,ILB,rSr/2008,,,Undrafted,279,NFL Combine,6006,249,4.79,2.77,1.64,24,26,"09'02""",4.31,7.12,,,,Pro Day,4.73,2.74,1.64,,32 1/2,"10'02""",,,74.9,63,63,79,80
Tashard Choice,Tashard,Choice,Cowboys,Georgia Tech,RB,rSr/2008,4,23,122,96,NFL Combine,5104,215,4.5,2.55,1.5,20,34,"09'11""",,6.88,,,,Pro Day,,,,,37 1/2,"10'03""",4.26,6.87,74.6,76,77,74,72
Kory Lichtensteiger,Kory,Lichtensteiger,Broncos,Bowling Green,C,rSr/2008,4,9,108,157,NFL Combine,6022,298,5.34,3.04,1.84,,23,"08'08""",4.56,7.6,,,,Pro Day,,,,,,,,,74.4,71,60,75,80
Justin Forsett,Justin,Forsett,Seahawks,California,RB,Sr/2008,7,26,233,211,NFL Combine,5080,194,,,,26,26 1/2,"09'04""",,6.96,,,,Pro Day,4.62,2.62,1.51,,31,"09'09""",4.46,7.15,74.4,68,76,77,73
Donnie Avery,Donnie,Avery,Rams,Houston,WR,rSr/2008,2,2,33,80,NFL Combine,5110,192,4.49,2.6,1.56,16,,,,,,,,Pro Day,4.34,2.51,1.47,,37 1/2,"10'06""",3.91,6.3,74.3,75,75,76,71
Dan Connor,Dan,Connor,Panthers,Penn State,ILB,Sr/2008,3,11,74,22,NFL Combine,6023,231,,,,,,,,,,,,Pro Day,4.67,2.7,1.58,21,35,"09'07""",4.25,6.78,74.1,62,65,80,76
Dwight Lowery,Dwight,Lowery,Jets,San Jose State,CB,Sr/2008,4,14,113,162,NFL Combine,5111,201,4.54,2.6,1.53,16,33 1/2,"09'08""",4.38,7.31,,,,Pro Day,4.55,2.65,1.55,,38,"10'02""",,7.01,74.1,72,74,71,77
Early Doucet,Early,Doucet,Cardinals,LSU,WR,Sr/2008,3,18,81,47,NFL Combine,6001,209,,,,,,,,,,,,Pro Day,4.59,2.64,1.56,,34 1/2,"09'06""",4.55,7.34,73.7,64,78,74,74
Geoff Schwartz,Geoff,Schwartz,Panthers,Oregon,OT,Sr/2008,7,34,241,235,NFL Combine,6062,332,5.36,3.04,1.8,,20 1/2,"08'02""",4.79,7.9,,,,Pro Day,,,,,,,,,73.7,61,69,76,78
Joe Mays,Joe,Mays,Eagles,North Dakota State,ILB,rSr/2008,6,34,200,246,NFL Combine,5110,245,,,,,,,,,,,,Pro Day,,,,,,,,,73.4,62,63,76,79
Tyrell Johnson,Tyrell,Johnson,Vikings,Arkansas State,SS,rSr/2008,2,12,43,48,NFL Combine,5117,207,4.41,2.52,1.49,27,32,"10'07""",,,,,,Pro Day,,,,,,,,,73.3,75,75,72,72
John Greco,John,Greco,Rams,Toledo,OT,rSr/2008,3,2,65,101,NFL Combine,6046,305,5.31,3.03,1.8,30,26,"09'00""",4.82,8.03,,,,Pro Day,5.16,2.97,1.7,,32,,4.63,7.78,73.3,76,75,72,71
Jerome Felton,Jerome,Felton,Lions,Furman,FB,Sr/2008,5,13,146,253,NFL Combine,5115,241,4.68,2.64,1.56,30,32 1/2,"09'02""",4.46,7.2,,,,Pro Day,4.74,2.72,1.62,,36,"09'07""",4.33,7.17,73.3,55,78,76,75
Jonathan Goff,Jonathan,Goff,Giants,Vanderbilt,ILB,rSr/2008,5,32,165,90,NFL Combine,6020,245,4.63,2.64,1.53,28,31 1/2,"09'10""",4.26,6.86,,,,Pro Day,,,,,35 1/2,,,,73.3,59,65,79,76
Donald Thomas,Donald,Thomas,Dolphins,Connecticut,OG,rSr/2008,6,29,195,97,NFL Combine,6033,303,5,2.89,1.72,28,24 1/2,"08'04""",4.78,7.45,,,,Pro Day,,,,,29 1/2,,,,73.3,67,75,74,74
Jacob Hester,Jacob,Hester,Chargers,LSU,FB,Sr/2008,3,6,69,190,NFL Combine,5105,226,4.61,2.67,1.6,23,27 1/2,"09'03""",4.24,6.85,,,,Pro Day,,,,,29,,,,73.1,70,74,73,74
Andre Caldwell,Andre,Caldwell,Bengals,Florida,WR,rSr/2008,3,34,97,43,NFL Combine,6002,204,4.37,2.55,1.55,,33,"10'04""",4.11,6.75,,,,Pro Day,,,,18,36 1/2,,,,73.1,58,75,74,77
*Phillip Merling,Phillip,Merling,Dolphins,Clemson,DE,Jr/2008,2,1,32,20,NFL Combine,6042,276,,,,17,,,,,,,,Pro Day,,,,,,,,,73.0,69,75,73,73
Gary Guyton,Gary,Guyton,Undrafted,Georgia Tech,OLB,Sr/2008,,,Undrafted,149,NFL Combine,6015,245,4.47,2.53,1.46,15,36 1/2,"10'06""",4.42,7.07,,,,Pro Day,,,,16,40,,4.33,,72.6,70,75,73,71
*Orlando Scandrick,Orlando,Scandrick,Cowboys,Boise State,CB,Jr/2008,5,10,143,131,NFL Combine,5100,192,4.32,2.49,1.47,,33 1/2,"10'05""",,6.83,,,,Pro Day,,,,,38 1/2,,,,72.4,71,75,70,73
Barry Richardson,Barry,Richardson,Chiefs,Clemson,OT,Sr/2008,6,4,170,183,NFL Combine,6065,320,5.51,3.12,1.85,24,25 1/2,"08'04""",5.16,8,,,,Pro Day,,,,,,,,,72.4,59,68,78,73
*Reggie Smith,Reggie,Smith,49ers,Oklahoma,CB,Jr/2008,3,12,75,59,NFL Combine,6004,199,,,,13,,,,,,,,Pro Day,4.61,2.67,1.59,,39 1/2,"10'09""",4.03,6.7,72.3,64,64,78,72
Jerome Simpson,Jerome,Simpson,Bengals,Coastal Carolina,WR,Sr/2008,2,15,46,70,NFL Combine,6016,199,4.47,2.57,1.55,,37 1/2,"11'04""",4.52,7.08,,,,Pro Day,,,,,41 1/2,,,,72.1,57,60,74,80
Harry Douglas,Harry,Douglas,Falcons,Louisville,WR,Sr/2008,3,21,84,146,NFL Combine,5112,176,4.51,2.58,1.54,,31,"10'00""",4.12,6.57,,,,Pro Day,4.51,2.57,1.52,11,35 1/2,,4.12,6.86,72.0,68,66,71,76
Chris Horton,Chris,Horton,Redskins,UCLA,SS,rSr/2008,7,42,249,237,NFL Combine,6001,212,4.54,2.63,1.56,14,28 1/2,"09'01""",4.35,7.34,,,,Pro Day,,,,,32,"09'11""",,,71.9,70,72,73,71
Matt Flynn,Matt,Flynn,Packers,LSU,QB,rSr/2008,7,2,209,262,NFL Combine,6022,231,4.79,2.72,1.62,,28,"09'01""",4.34,7.21,,,,Pro Day,,,,,,,,,71.7,55,60,75,79
Justin Tryon,Justin,Tryon,Redskins,Arizona State,CB,Sr/2008,4,25,124,248,NFL Combine,5091,190,4.42,2.58,1.53,21,32 1/2,"09'11""",4.28,7.41,,,,Pro Day,4.41,2.52,1.48,,,,,,71.1,55,72,75,73
Andy Studebaker,Andy,Studebaker,Eagles,Wheaton (IL),OLB,Sr/2008,6,37,203,281,NFL Combine,6030,251,,,,,,,,,,,,Pro Day,,,,,,,,,71.0,55,69,75,74
Quentin Groves,Quentin,Groves,Jags,Auburn,OLB,rSr/2008,2,21,52,29,NFL Combine,6030,259,4.57,2.68,1.57,30,29 1/2,"10'00""",4.42,7.31,,,,Pro Day,,,,,35,,,,70.9,70,68,72,71
Craig Stevens,Craig,Stevens,Titans,California,TE,rSr/2008,3,22,85,129,NFL Combine,6032,254,4.59,2.64,1.56,27,27 1/2,"09'06""",4.31,7.07,,,,Pro Day,,,,,32 1/2,"09'06""",,,70.9,70,70,70,72
Mike Gibson,Mike,Gibson,Eagles,California,OG,Sr/2008,6,18,184,201,NFL Combine,6034,305,5.28,3,1.77,31,27,"09'02""",4.64,7.21,,,,Pro Day,5.15,2.94,1.73,,29 1/2,,4.63,,70.9,66,66,74,71
Kellen Davis,Kellen,Davis,Bears,Michigan State,TE,Sr/2008,5,25,158,115,NFL Combine,6064,262,4.6,2.68,1.59,22,28,"09'10""",4.38,7.25,,,,Pro Day,,,,,34,,,,70.6,64,64,66,78
Kentwan Balmer,Kentwan,Balmer,49ers,North Carolina,DT,Sr/2008,1,29,29,26,NFL Combine,6044,308,5.34,3.05,1.8,33,29,"08'07""",4.82,7.65,,,,Pro Day,5.11,2.99,1.8,,,,,,70.1,68,68,73,68
*Erin Henderson,Erin,Henderson,Undrafted,Maryland,OLB,rJr/2008,,,Undrafted,76,NFL Combine,6026,244,4.73,2.72,1.59,23,31,"09'05""",4.5,7.16,,,,Pro Day,,,,,,,,,70.1,62,62,62,81
Philip Wheeler,Philip,Wheeler,Colts,Georgia Tech,ILB,rSr/2008,3,30,93,110,NFL Combine,6017,248,4.76,2.73,1.58,24,31,"09'10""",4.29,7.11,,,,Pro Day,4.66,2.65,1.55,,36 1/2,"10'02""",4.36,7.11,70.0,55,70,70,75
Jonathan Wilhite,Jonathan,Wilhite,Patriots,Auburn,CB,Sr/2008,4,31,129,191,NFL Combine,5094,185,4.38,2.5,1.46,20,33 1/2,"09'11""",,,,,,Pro Day,,,,,35,"10'00""",4.41,7.17,70.0,64,68,72,71
Jo-Lonn Dunbar,Jo-Lonn,Dunbar,Undrafted,Boston College,ILB,rSr/2008,,,Undrafted,155,NFL Combine,6004,231,4.79,2.69,1.52,19,27,"09'04""",,,,,,Pro Day,4.85,2.8,1.59,,33,"09'04""",4.45,7.05,69.7,59,66,73,72
Jason Jones,Jason,Jones,Undrafted,Arkansas-Pine Bluff,WR,Sr/2008,,,Undrafted,227,NFL Combine,6010,180,,,,,,,,,,,,Pro Day,4.47,2.59,1.5,9,,"10'03""",4.2,6.81,69.6,55,60,60,84
Trevor Laws,Trevor,Laws,Eagles,Notre Dame,DT,rSr/2008,2,16,47,52,NFL Combine,6006,304,5.13,2.94,1.74,35,30 1/2,"08'07""",4.49,7.37,,,,Pro Day,,,,,,,,,69.4,70,66,67,72
Craig Steltz,Craig,Steltz,Bears,LSU,SS,Sr/2008,4,21,120,107,NFL Combine,6013,213,,,,,,,,,,,,Pro Day,4.63,2.61,1.57,10,35,"09'10""",4.19,,69.4,60,66,72,72
Mackenzy Bernadeau,Mackenzy,Bernadeau,Panthers,Bentley,OG,Sr/2008,7,43,250,230,NFL Combine,6035,298,,,,,,,,,,,,Pro Day,5.25,2.99,1.76,26,28 1/2,"09'01""",4.56,7.47,69.4,66,76,60,74
Jed Collins,Jed,Collins,Undrafted,Washington State,FB,Sr/2008,,,Undrafted,278,NFL Combine,6016,254,,,,,,,,,,,,Pro Day,,,,,,,4.08,6.9,69.3,55,60,62,82
*Devin Thomas,Devin,Thomas,Redskins,Michigan State,WR,Jr/2008,2,3,34,14,NFL Combine,6017,216,4.4,2.52,1.48,,28,"10'06""",4.26,7.15,,,,Pro Day,,,,16,33,,,,69.1,66,74,68,67
Larry Grant,Larry,Grant,49ers,Ohio State,OLB,Sr/2008,7,7,214,280,NFL Combine,6010,235,4.76,2.73,1.55,20,31 1/2,"09'05""",4.22,6.77,,,,Pro Day,4.65,2.66,1.55,,,,,,69.1,55,60,72,75
Brandon Keith,Brandon,Keith,Cardinals,Northern Iowa,OT,rSr/2008,7,18,225,135,NFL Combine,6052,343,5.27,3.06,1.9,31,26,,,,,,,Pro Day,4.98,2.85,1.76,,32,"09'05""",4.84,7.91,69.1,69,74,77,55
Quintin Demps,Quintin,Demps,Eagles,Texas-El Paso,FS,rSr/2008,4,18,117,92,NFL Combine,5117,206,4.39,2.53,1.51,16,31 1/2,"09'02""",,,,,,Pro Day,,,,,,,,,69.0,65,67,69,71
Gary Barnidge,Gary,Barnidge,Panthers,Louisville,TE,Sr/2008,5,6,141,239,NFL Combine,6055,243,4.65,2.62,1.53,22,31,"09'09""",4.23,6.92,,,,Pro Day,,,,,,,,,69.0,69,71,68,68
Tyler Polumbus,Tyler,Polumbus,Undrafted,Colorado,OT,rSr/2008,,,Undrafted,297,NFL Combine,6074,312,5.3,3.08,1.84,24,26,"09'04""",4.86,7.71,,,,Pro Day,5.13,2.9,1.78,,33,"09'04""",4.83,7.59,69.0,67,67,73,65
Breno Giacomini,Breno,Giacomini,Packers,Louisville,OT,Sr/2008,5,17,150,143,NFL Combine,6071,303,5.2,2.98,1.79,23,22 1/2,"09'00""",4.63,7.56,,,,Pro Day,,,,,26 1/2,,,,68.9,63,60,67,75
Tavares Gooden,Tavares,Gooden,Ravens,Miami (FL),ILB,rSr/2008,3,8,71,61,NFL Combine,6012,234,4.65,2.62,1.54,22,35,"09'10""",,,,,,Pro Day,4.57,2.63,1.57,,32 1/2,,,,68.7,65,70,69,69
Owen Schmitt,Owen,Schmitt,Seahawks,West Virginia,FB,rSr/2008,5,30,163,140,NFL Combine,6020,247,4.73,2.7,1.58,26,,,,,,,,Pro Day,4.72,2.69,1.66,,31 1/2,"09'09""",4.18,6.96,68.7,77,77,60,65
Bobbie Williams,Bobbie,Williams,Undrafted,Bethune-Cookman,FS,rSr/2008,,,Undrafted,243,NFL Combine,6002,214,,,,,,,,,,,,Pro Day,,,,,,,,,68.7,55,60,60,82
Doug Legursky,Doug,Legursky,Undrafted,Marshall,C,Sr/2008,,,Undrafted,170,NFL Combine,6030,312,,,,,,,,,,,,Pro Day,,,,36,,,,,68.6,55,60,70,75
Mike McGlynn,Mike,McGlynn,Eagles,Pittsburgh,OG,rSr/2008,4,10,109,94,NFL Combine,6042,311,5.38,3.11,1.89,30,23,"08'05""",4.72,7.58,,,,Pro Day,,,,,28 1/2,,,,68.4,55,66,65,76
Tony Hills,Tony,Hills,Steelers,Texas,OT,rSr/2008,4,32,130,163,NFL Combine,6051,309,,,,,,,,,,,,Pro Day,,,,24,,,,,68.3,70,70,64,70
Demetress Bell,Demetress,Bell,Bills,Michigan State,OT,rSr/2008,7,12,219,255,NFL Combine,6050,303,5.25,3,1.78,9,26 1/2,"09'01""",4.65,7.65,,,,Pro Day,5.18,3.02,1.72,10,33,"09'03""",4.66,8.12,68.3,55,60,60,81
Oniel Cousins,Oniel,Cousins,Ravens,Texas-El Paso,OT,rSr/2008,3,36,99,95,NFL Combine,6036,308,5.11,2.94,1.77,23,24 1/2,"08'11""",4.8,7.9,,,,Pro Day,,,,,,,,,67.9,68,68,63,71
Lavelle Hawkins,Lavelle,Hawkins,Titans,California,WR,Sr/2008,4,28,126,126,NFL Combine,5110,187,4.59,2.64,1.58,14,,"09'09""",,,,,,Pro Day,4.47,2.56,1.49,,33 1/2,"10'00""",4.24,6.95,67.0,55,62,68,72
Josh Barrett,Josh,Barrett,Broncos,Arizona State,SS,rSr/2008,7,13,220,93,NFL Combine,6016,223,4.35,2.51,1.52,17,31 1/2,"10'01""",4.27,7.07,,,,Pro Day,,,,,,,,,67.0,62,65,63,72
Wesley Woodyard,Wesley,Woodyard,Undrafted,Kentucky,OLB,Sr/2008,,,Undrafted,104,NFL Combine,6003,227,4.51,2.58,1.52,,30,"09'10""",4.25,7.15,,,,Pro Day,,,,,,,,,66.9,55,65,66,72
Josh Johnson,Josh,Johnson,Bucs,San Diego,QB,Sr/2008,5,27,160,84,NFL Combine,6026,213,4.55,2.63,1.58,,33 1/2,"09'02""",4.42,7.56,,,,Pro Day,,,,,,,,,66.7,55,68,67,70
Ryan Mundy,Ryan,Mundy,Steelers,West Virginia,FS,rSr/2008,6,28,194,231,NFL Combine,6010,215,,,,,,,,,,,,Pro Day,4.55,2.62,1.59,21,36,"10'10""",4.33,6.81,66.4,55,60,67,72
Eric Foster,Eric,Foster,Undrafted,Rutgers,DE,rSr/2008,,,Undrafted,247,NFL Combine,6015,277,,,,,,,,,,,,Pro Day,,,,29,32 1/2,"09'03""",,,66.4,71,71,71,55
Marcus Harrison,Marcus,Harrison,Bears,Arkansas,DT,rSr/2008,3,27,90,54,NFL Combine,6026,317,5.06,2.91,1.71,26,,,,,,,,Pro Day,,,,,29,"09'00""",4.54,7.55,66.3,68,68,65,65
Bryan Kehl,Bryan,Kehl,Giants,Brigham Young,OLB,Sr/2008,4,24,123,89,NFL Combine,6022,242,4.68,2.65,1.55,26,34,"09'11""",4.23,6.88,,,,Pro Day,4.56,2.62,1.54,,35,"10'02""",4.18,6.54,66.3,64,67,67,66
Spencer Larsen,Spencer,Larsen,Broncos,Arizona,ILB,rSr/2008,6,17,183,216,NFL Combine,6016,238,4.94,2.87,1.69,27,28 1/2,"09'05""",4.55,7.68,,,,Pro Day,4.82,2.78,1.64,26,33 1/2,"09'08""",4.29,7.37,66.3,63,60,64,71
Bryan Mattison,Bryan,Mattison,Undrafted,Iowa,DE,rSr/2008,,,Undrafted,291,NFL Combine,6027,290,5.1,2.92,1.71,26,24 1/2,"09'04""",4.7,7.61,,,,Pro Day,5,2.88,1.73,24,31 1/2,"09'05""",4.57,7.33,66.3,55,60,65,73
Ogemdi Nwagbuo,Ogemdi,Nwagbuo,Undrafted,Michigan State,DT,rSr/2008,,,Undrafted,245,NFL Combine,6031,300,,,,,,,,,,,,Pro Day,5.04,2.92,1.71,31,30,"09'03""",4.55,7.39,66.3,55,69,65,70
Pat Lee,Pat,Lee,Packers,Colorado,CB,rSr/2008,2,29,60,122,NFL Combine,6000,200,4.41,2.53,1.46,15,31,"10'00""",4.3,7.07,,,,Pro Day,4.51,2.59,1.54,,35,"09'09""",4.42,6.88,66.1,63,60,68,68
Nick Hayden,Nick,Hayden,Panthers,Wisconsin,DT,Sr/2008,6,15,181,172,NFL Combine,6037,291,5.24,3.01,1.8,34,27,"09'00""",4.54,7.55,,,,Pro Day,,,,,32,"09'04""",,7.25,66.1,57,69,67,67
Jamey Richard,Jamey,Richard,Colts,Buffalo,C,rSr/2008,7,29,236,226,NFL Combine,6046,295,5.22,2.99,1.8,22,26 1/2,"08'11""",4.69,7.58,,,,Pro Day,5.03,2.89,1.69,27,32 1/2,"09'00""",4.53,7.25,66.1,71,71,70,55
Brett Kern,Brett,Kern,Undrafted,Toledo,P,Sr/2008,,,Undrafted,294,NFL Combine,6026,195,,,,,,,,,,,,Pro Day,,,,,,,,,66.0,64,68,63,68
*Justin King,Justin,King,Rams,Penn State,CB,Jr/2008,4,2,101,50,NFL Combine,5107,192,4.31,2.5,1.47,14,34,"10'07""",4.31,7.14,,,,Pro Day,,,,,37 1/2,,4.34,6.91,65.9,55,63,68,69
Xavier Adibi,Xavier,Adibi,Texans,Virginia Tech,OLB,rSr/2008,4,19,118,58,NFL Combine,6016,232,4.69,2.7,1.57,,30,"09'02""",4.47,,,,,Pro Day,4.62,2.61,1.53,18,33,"09'02""",4.18,6.91,65.9,67,71,71,55
King Dunlap,King,Dunlap,Eagles,Auburn,OT,rSr/2008,7,23,230,179,NFL Combine,6084,310,5.28,2.99,,21,,,,,,,,Pro Day,5.26,3.01,1.81,20,30,,5.12,8.05,65.4,55,60,69,68
*Letroy Guion,Letroy,Guion,Vikings,Florida State,DT,Jr/2008,5,19,152,204,NFL Combine,6033,303,5.32,3.04,1.81,26,,,,,,,,Pro Day,5.2,2.96,1.79,,30,"08'10""",4.5,7.41,65.3,58,60,66,69
*Derrick Harvey,Derrick,Harvey,Jags,Florida,DE,rJr/2008,1,8,8,13,NFL Combine,6045,271,4.85,2.78,1.64,31,28 1/2,"09'05""",4.36,7.27,,,,Pro Day,,,,,,,,,64.9,68,70,60,63
Cody Wallace,Cody,Wallace,49ers,Texas AM,C,rSr/2008,4,8,107,202,NFL Combine,6042,296,5.31,2.99,1.78,26,30 1/2,"09'05""",4.55,7.45,,,,Pro Day,5.17,2.98,1.78,,,,,,64.9,70,70,67,55
Corey Lynch,Corey,Lynch,Bengals,Appalachian State,FS,rSr/2008,6,11,177,147,NFL Combine,6003,202,,,,,,,,,,,,Pro Day,4.58,2.62,1.54,13,34 1/2,"9'03""",3.99,6.71,64.9,55,64,67,67
Mike Hart,Mike,Hart,Colts,Michigan,RB,Sr/2008,6,36,202,136,NFL Combine,5087,206,4.69,2.69,1.58,23,28,"09'02""",,,,,,Pro Day,,,,,32,,4.33,6.91,64.7,65,65,71,55
William Robinson,William,Robinson,Undrafted,Texas AM,OT,rSr/2008,,,Undrafted,287,NFL Combine,6050,297,5.23,2.99,1.75,22,19 1/2,,,,,,,Pro Day,,,,,26,"09'02""",4.69,7.32,64.4,55,60,70,63
*Vernon Gholston,Vernon,Gholston,Jets,Ohio State,DE,rJr/2008,1,6,6,5,NFL Combine,6030,266,4.67,2.68,1.58,37,35 1/2,"10'05""",4.4,7.12,,,,Pro Day,4.58,2.63,1.59,,42,,,,64.3,70,75,60,55
Brad Cottam,Brad,Cottam,Chiefs,Tennessee,TE,rSr/2008,3,13,76,65,NFL Combine,6074,270,4.63,2.61,1.57,24,33,,,,,,,Pro Day,,,,,36 1/2,,4.27,7.22,64.3,72,66,65,55
DeMario Pressley,DeMario,Pressley,Saints,North Carolina State,DT,Sr/2008,5,11,144,125,NFL Combine,6031,301,5.09,2.86,1.65,28,25 1/2,"08'04""",,,,,,Pro Day,5.1,2.87,1.72,,28,"08'10""",4.72,7.15,64.1,59,65,65,65
Martin Rucker,Martin,Rucker,Browns,Missouri,TE,rSr/2008,4,12,111,159,NFL Combine,6047,251,,,,20,,,,,,,,Pro Day,,,,,,,,,64.0,70,60,69,55
Marcus Dixon,Marcus,Dixon,Undrafted,Hampton,DE,Sr/2008,,,Undrafted,244,NFL Combine,6040,292,5.32,3.04,1.78,21,26,"09'03""",4.67,7.58,,,,Pro Day,5.14,3,1.76,21,31 1/2,"09'03""",4.56,7.28,63.7,55,60,62,69
Chevis Jackson,Chevis,Jackson,Falcons,LSU,CB,Sr/2008,3,5,68,103,NFL Combine,6000,192,4.52,2.58,1.5,13,36,"10'05""",4.15,6.96,,,,Pro Day,4.57,2.64,1.56,,40,"10'00""",,,63.4,73,68,60,55
Antwaun Molden,Antwaun,Molden,Texans,Eastern Kentucky,CB,Sr/2008,3,16,79,68,NFL Combine,6006,198,4.39,2.55,1.5,23,37 1/2,"10'09""",4.14,6.85,,,,Pro Day,,,,,,,,,63.3,57,60,61,68
Kenny Iwebema,Kenny,Iwebema,Cardinals,Iowa,DE,rSr/2008,4,17,116,180,NFL Combine,6040,274,4.91,2.74,1.59,26,29,"09'01""",4.75,7.62,,,,Pro Day,4.77,2.77,1.68,,35 1/2,"09'08""",4.67,7.53,63.3,67,67,66,55
Dominique Barber,Dominique,Barber,Texans,Minnesota,FS,Sr/2008,6,7,173,209,NFL Combine,6002,210,4.68,2.72,1.59,23,34,"09'09""",4.34,7.08,,,,Pro Day,,,,,,,,,63.3,58,68,69,55
Frank Okam,Frank,Okam,Texans,Texas,DT,Sr/2008,5,18,151,165,NFL Combine,6044,347,5.36,3.09,1.84,32,23,"08'08""",4.95,8.07,,,,Pro Day,5.27,3.02,1.83,,27 1/2,,4.66,,63.1,58,63,63,65
Wallace Gilberry,Wallace,Gilberry,Undrafted,Alabama,DE,rSr/2008,,,Undrafted,214,NFL Combine,6022,268,5,2.85,1.67,19,,,,,,,,Pro Day,5.02,2.88,1.68,17,30,"09'10""",,,63.1,61,61,64,64
*Malcolm Kelly,Malcolm,Kelly,Redskins,Oklahoma,WR,Jr/2008,2,20,51,32,NFL Combine,6036,224,,,,,,,,,,,,Pro Day,4.68,2.73,1.62,,32,"09'09""",4.24,7,63.0,63,70,64,55
Fernando Velasco,Fernando,Velasco,Undrafted,Georgia,C,rSr/2008,,,Undrafted,233,NFL Combine,6026,318,,,,,,,,,,,,Pro Day,,,,,,,,,63.0,57,60,60,68
Andre Fluellen,Andre,Fluellen,Lions,Florida State,DT,rSr/2008,3,24,87,118,NFL Combine,6017,296,,,,28,,,,,,,,Pro Day,5,2.95,1.68,,28 1/2,"08'08""",4.45,7.78,62.9,61,61,60,66
Steve Justice,Steve,Justice,Colts,Wake Forest,C,rSr/2008,6,35,201,111,NFL Combine,6033,293,5.24,3,1.79,23,21,"08'02""",4.58,7.4,,,,Pro Day,5.25,3.02,1.81,23,23,"07'11""",4.61,7.33,62.9,70,70,60,55
Joey Haynos,Joey,Haynos,Undrafted,Maryland,TE,rSr/2008,,,Undrafted,222,NFL Combine,6075,259,4.87,2.77,1.62,17,30 1/2,"10'03""",4.42,6.92,,,,Pro Day,4.79,2.8,1.69,19,31 1/2,"10'08""",4.31,,62.9,68,68,63,55
Dennis Dixon,Dennis,Dixon,Steelers,Oregon,QB,Sr/2008,5,23,156,173,NFL Combine,6032,195,,,,,,,,,,,,Pro Day,,,,,,,,,62.7,55,64,70,55
Shawn Murphy,Shawn,Murphy,Dolphins,Utah State,OG,Sr/2008,4,11,110,225,NFL Combine,6037,320,5.4,3.09,1.89,29,21 1/2,"08'04""",4.89,7.74,,,,Pro Day,5.14,2.95,1.74,,27,,4.44,7.37,62.6,55,60,71,55
Terrence Wheatley,Terrence,Wheatley,Patriots,Colorado,CB,rSr/2008,2,31,62,185,NFL Combine,5095,187,4.37,2.5,1.48,17,36 1/2,"10'08""",4.17,6.74,,,,Pro Day,,,,,38 1/2,,,,62.4,62,62,62,63
Jalen Parmele,Jalen,Parmele,Dolphins,Toledo,RB,Sr/2008,6,10,176,259,NFL Combine,5114,224,4.47,2.54,1.48,19,34,"10'05""",4.29,6.96,,,,Pro Day,,,,,41 1/2,,4.44,6.94,62.4,55,66,60,65
Drew Miller,Drew,Miller,Undrafted,Florida,C,Sr/2008,,,Undrafted,254,NFL Combine,6047,303,,,,,,,,,,,,Pro Day,5.06,2.93,1.75,34,30,"09'03""",4.48,7.49,62.3,70,60,63,55
Eric Young,Eric,Young,Undrafted,Tennessee,OG,rSr/2008,,,Undrafted,124,NFL Combine,6035,310,,,,,,,,,,,,Pro Day,,,,,,,,,61.7,55,60,69,55
Roy Schuening,Roy,Schuening,Rams,Oregon State,OG,rSr/2008,5,24,157,66,NFL Combine,6035,306,5.3,3.04,1.79,26,25,,,,,,,Pro Day,,,,,30,,4.54,7.57,61.4,66,60,64,55
*Adrian Arrington,Adrian,Arrington,Saints,Michigan,WR,rJr/2008,7,30,237,207,NFL Combine,6027,203,,,,,,,,,,,,Pro Day,4.55,2.64,1.53,,36,,,,61.3,55,60,61,64
Alex Hall,Alex,Hall,Browns,Saint Augustine,DE,Sr/2008,7,24,231,283,NFL Combine,6046,238,,,,,,,,,,,,Pro Day,,,,,,,,,61.0,61,61,65,55
Chris Ellis,Chris,Ellis,Bills,Virginia Tech,DE,rSr/2008,3,9,72,83,NFL Combine,6042,263,4.71,2.7,1.56,,27,"09'01""",4.65,7.64,,,,Pro Day,,,,22,30 1/2,,,,60.9,55,60,67,55
*DaJuan Morgan,DaJuan,Morgan,Chiefs,North Carolina State,FS,rJr/2008,3,19,82,71,NFL Combine,6001,205,4.56,2.62,1.54,21,33,"09'11""",4.41,7.12,,,,Pro Day,,,,,37 1/2,"10'00""",,,60.9,62,67,60,55
Keenan Burton,Keenan,Burton,Rams,Kentucky,WR,rSr/2008,4,30,128,164,NFL Combine,6004,201,4.49,2.59,1.56,10,38 1/2,"10'05""",4.2,6.77,,,,Pro Day,,,,,,,,,60.9,62,67,60,55
*Darius Reynaud,Darius,Reynaud,Undrafted,West Virginia,WR,Sr/2008,,,Undrafted,139,NFL Combine,5092,201,4.5,2.58,1.53,20,34 1/2,"10'10""",4.32,6.88,,,,Pro Day,4.48,2.56,1.47,,37,"10'10""",,,60.9,61,60,61,61
Brian Brohm,Brian,Brohm,Packers,Louisville,QB,Sr/2008,2,25,56,19,NFL Combine,6027,230,4.83,2.76,1.67,,30,"09'07""",4.55,7.13,,,,Pro Day,4.69,2.66,1.56,,,,4.41,,60.7,55,65,65,55
Limas Sweed,Limas,Sweed,Steelers,Texas,WR,rSr/2008,2,22,53,25,NFL Combine,6037,215,4.55,2.65,1.58,,35,,,,,,,Pro Day,4.5,2.62,1.53,,37 1/2,"10'08""",4.33,7.14,60.6,64,60,63,55
Derek Fine,Derek,Fine,Bills,Kansas,TE,rSr/2008,4,34,132,290,NFL Combine,6025,251,4.85,2.78,1.65,24,29,"09'07""",4.19,6.8,,,,Pro Day,4.88,2.82,1.63,,33,"09'07""",,,60.6,67,60,60,55
Brandon Coutu,Brandon,Coutu,Seahawks,Georgia,K,rSr/2008,7,28,235,269,NFL Combine,5112,187,,,,,,,,,,,,Pro Day,,,,,,,,,60.6,55,60,60,63
*James Hardy,James,Hardy,Bills,Indiana,WR,rJr/2008,2,10,41,30,NFL Combine,6053,217,4.49,2.58,1.56,18,31 1/2,"10'05""",4.2,6.84,,,,Pro Day,,,,,37,,,,60.1,61,61,63,55
Jamie Silva,Jamie,Silva,Undrafted,Boston College,SS,rSr/2008,,,Undrafted,161,NFL Combine,5106,204,4.78,2.7,1.59,,31 1/2,"09'04""",,,,,,Pro Day,4.79,2.72,1.58,,32,"09'00""",4.5,6.86,60.1,55,65,63,55
Kevin O'Connell,Kevin,O'Connell,Patriots,San Diego State,QB,rSr/2008,3,31,94,142,NFL Combine,6050,225,4.61,2.71,1.6,,31,"09'05""",4.38,7.01,,,,Pro Day,,,,,,,,,60.0,55,60,65,55
Jordon Dizon,Jordon,Dizon,Lions,Colorado,OLB,Sr/2008,2,14,45,117,NFL Combine,5117,229,4.71,2.7,1.62,,30 1/2,"09'10""",4.35,7.01,,,,Pro Day,4.63,2.63,1.58,12,34 1/2,,4.51,6.78,59.7,63,60,61,55
Stanford Keglar,Stanford,Keglar,Titans,Purdue,OLB,rSr/2008,4,36,134,160,NFL Combine,6015,239,4.58,2.6,1.51,29,34,"10'06""",3.98,6.7,,,,Pro Day,4.53,2.61,1.55,,39,,4.14,,59.7,55,61,64,55
Thomas Brown,Thomas,Brown,Falcons,Georgia,RB,Sr/2008,6,6,172,187,NFL Combine,5083,204,4.58,2.63,1.59,25,36,"10'08""",,7.17,,,,Pro Day,4.42,2.57,1.49,,38 1/2,"10'06""",4.19,7.17,59.7,64,60,60,55
Ali Highsmith,Ali,Highsmith,Undrafted,LSU,OLB,Sr/2008,,,Undrafted,109,NFL Combine,5115,230,4.95,2.76,1.59,,26 1/2,"09'04""",4.29,7.4,,,,Pro Day,4.7,2.72,1.58,23,29,"09'04""",,,59.7,63,62,60,55
Shawn Crable,Shawn,Crable,Patriots,Michigan,OLB,rSr/2008,3,15,78,99,NFL Combine,6047,245,4.64,2.71,1.6,29,28,"09'03""",4.55,7.29,,,,Pro Day,,,,,,,,,59.4,63,60,60,55
Bruce Davis,Bruce,Davis,Steelers,UCLA,OLB,rSr/2008,3,25,88,128,NFL Combine,6025,252,4.78,2.76,1.65,19,29,"09'01""",4.47,7.34,,,,Pro Day,4.78,2.74,1.59,,32,"09'11""",,,59.4,62,60,61,55
Chauncey Washington,Chauncey,Washington,Jags,Southern California,RB,rSr/2008,7,6,213,116,NFL Combine,5113,211,,,,,,,,,,,,Pro Day,4.45,2.53,1.51,18,36,"09'11""",4.58,7.53,59.4,62,62,60,55
Drew Radovich,Drew,Radovich,Undrafted,Southern California,OG,rSr/2008,,,Undrafted,150,NFL Combine,6044,301,5.37,3.08,1.89,21,23,"09'00""",4.53,7.47,,,,Pro Day,,,,23,26 1/2,,,,59.4,62,62,60,55
Jaymar Johnson,Jaymar,Johnson,Vikings,Jackson State,WR,Sr/2008,6,27,193,292,NFL Combine,5111,177,4.53,2.63,1.56,14,32,"09'10""",4.18,6.75,,,,Pro Day,4.52,2.63,1.56,,35,,,,59.3,55,60,60,60
Jamar Adams,Jamar,Adams,Undrafted,Michigan,SS,Sr/2008,,,Undrafted,132,NFL Combine,6020,212,4.62,2.67,1.56,,34,"10'01""",4.49,6.9,,,,Pro Day,,,,,,,,,59.1,55,60,63,55
Lionel Dotson,Lionel,Dotson,Dolphins,Arizona,DT,rSr/2008,7,38,245,158,NFL Combine,6035,296,5.39,3.04,1.8,,25,"08'03""",4.75,7.62,,,,Pro Day,,,,,,,,,59.0,55,60,60,59
Kenneth Moore,Kenneth,Moore,Lions,Wake Forest,WR,rSr/2008,5,1,136,184,NFL Combine,5106,195,4.51,2.61,1.53,,28,"10'00""",4.3,7.09,,,,Pro Day,,,,,31 1/2,"07'11""",4.29,6.97,58.7,55,63,60,55
Caleb Campbell,Caleb,Campbell,Lions,Army,SS,Sr/2008,7,11,218,193,NFL Combine,6016,229,4.57,2.64,1.58,24,,,,,,,,Pro Day,,,,,,,,,58.7,55,60,60,58
David Roach,David,Roach,Undrafted,Texas Christian,FS,rSr/2008,,,Undrafted,199,NFL Combine,6003,210,4.53,2.63,1.55,16,38,"10'03""",4.15,6.88,,,,Pro Day,,,,,38 1/2,,,,58.7,55,63,60,55
Wilrey Fontenot,Wilrey,Fontenot,Falcons,Arizona,CB,rSr/2008,7,5,212,252,NFL Combine,5086,171,4.4,2.57,1.51,18,34,"10'08""",4.26,7.29,,,,Pro Day,4.4,2.54,1.5,21,37,,4.26,7.07,58.6,60,60,60,55
Simeon Castille,Simeon,Castille,Undrafted,Alabama,FS,Sr/2008,,,Undrafted,145,NFL Combine,6003,195,4.63,2.65,1.57,,31 1/2,"09'11""",4.36,7.07,,,,Pro Day,4.56,2.65,1.57,8,36,"09'10""",,,58.6,57,60,61,55
Marcus Howard,Marcus,Howard,Colts,Georgia,OLB,rSr/2008,5,28,161,79,NFL Combine,6004,237,4.45,2.52,1.47,27,34 1/2,,,,,,,Pro Day,,,,,36,"09'11""",,,58.4,59,60,60,55
Corey Clark,Corey,Clark,Chargers,Texas AM,OT,rSr/2008,7,27,234,232,NFL Combine,6053,315,5.35,3.07,1.85,23,23,"08'10""",4.68,7.47,,,,Pro Day,5.16,2.97,1.77,,29,"08'08""",,,58.4,59,60,60,55
Ezra Butler,Ezra,Butler,Undrafted,Nevada,OLB,rSr/2008,,,Undrafted,177,NFL Combine,6014,245,,,,,,,,,,,,Pro Day,,,,,,,,,58.4,55,60,60,57
Marcus Smith,Marcus,Smith,Ravens,New Mexico,WR,rSr/2008,4,7,106,198,NFL Combine,6013,221,4.51,2.61,1.54,20,26 1/2,"09'03""",4.42,7.1,,,,Pro Day,4.54,2.63,1.56,,29,"09'03""",,,58.3,55,60,61,55
Jack Williams,Jack,Williams,Broncos,Kent State,CB,rSr/2008,4,20,119,134,NFL Combine,5090,186,4.43,2.53,1.48,19,35 1/2,"10'01""",,6.91,,,,Pro Day,4.32,2.51,1.46,,41,"10'06""",4.21,6.61,58.3,58,60,60,55
Brian Johnston,Brian,Johnston,Chiefs,Gardner-Webb,DE,Sr/2008,7,3,210,119,NFL Combine,6051,274,,,,,,,,,,,,Pro Day,4.66,2.66,1.51,,35,,4.18,6.96,58.0,56,60,60,55
Dexter Jackson,Dexter,Jackson,Bucs,Appalachian State,WR,Sr/2008,2,27,58,112,NFL Combine,5094,182,4.37,2.54,1.53,,29 1/2,"10'02""",4.38,6.81,,,,Pro Day,,,,11,30 1/2,,4.15,6.96,57.9,55,60,60,55
Bryan Smith,Bryan,Smith,Eagles,McNeese State,OLB,Sr/2008,3,17,80,272,NFL Combine,6023,231,4.75,2.71,1.6,17,32 1/2,"10'00""",4.4,7.22,,,,Pro Day,4.65,2.67,1.56,,36 1/2,"09'09""",4.31,7.2,57.9,55,60,60,55
Jeremy Thompson,Jeremy,Thompson,Packers,Wake Forest,DE,Sr/2008,4,3,102,57,NFL Combine,6043,264,4.75,2.72,1.58,25,32,"09'09""",4.23,6.97,,,,Pro Day,,,,,,,,7.07,57.9,55,60,60,55
Beau Bell,Beau,Bell,Browns,UNLV,ILB,Sr/2008,4,5,104,133,NFL Combine,6012,244,,,,25,,,,,,,,Pro Day,4.9,2.83,1.72,,28 1/2,"09'01""",4.56,7.37,57.9,55,60,60,55
Will Franklin,Will,Franklin,Chiefs,Missouri,WR,Sr/2008,4,6,105,108,NFL Combine,6004,214,4.37,2.53,1.53,,34 1/2,,,,,,,Pro Day,,,,,40 1/2,"10'11""",,,57.9,55,60,60,55
Dre Moore,Dre,Moore,Bucs,Maryland,DT,rSr/2008,4,16,115,78,NFL Combine,6040,305,4.84,2.7,1.62,31,28,"08'09""",4.55,7.73,,,,Pro Day,,,,,,,,,57.9,55,60,60,55
Arman Shields,Arman,Shields,Raiders,Richmond,WR,rSr/2008,4,27,125,130,NFL Combine,6006,194,4.44,2.56,1.51,19,37 1/2,"10'08""",3.96,6.67,,,,Pro Day,,,,,,,,,57.9,55,60,60,55
Jack Ikegwuonu,Jack,Ikegwuonu,Eagles,Wisconsin,CB,rJr/2008,4,33,131,167,NFL Combine,5104,194,,,,,,,,,,,,Pro Day,,,,,,,,,57.9,55,60,60,55
John David Booty,John David,Booty,Vikings,Southern California,QB,rSr/2008,5,2,137,98,NFL Combine,6023,218,4.82,2.76,1.67,,22 1/2,"08'03""",4.58,,,,,Pro Day,,,,,,,,,57.9,55,60,60,55
Carlton Powell,Carlton,Powell,Broncos,Virginia Tech,DT,rSr/2008,5,15,148,152,NFL Combine,6020,292,5.12,2.94,1.73,23,22 1/2,"09'00""",4.87,7.78,,,,Pro Day,5,2.9,1.71,25,27 1/2,,4.62,7.64,57.9,55,60,60,55
Thomas Williams,Thomas,Williams,Jags,Southern California,ILB,rSr/2008,5,22,155,268,NFL Combine,6007,238,4.88,2.81,1.64,26,29 1/2,"09'05""",,,,,,Pro Day,4.75,2.73,1.63,,35,"09'10""",4.4,7.73,57.9,55,60,60,55
Trae Williams,Trae,Williams,Jags,South Florida,CB,rSr/2008,5,26,159,148,NFL Combine,5090,193,4.51,2.59,1.54,,29 1/2,"09'02""",,,,,,Pro Day,4.48,2.6,1.55,,33,,4.37,7.03,57.9,55,60,60,55
Erik Ainge,Erik,Ainge,Jets,Tennessee,QB,Sr/2008,5,29,162,154,NFL Combine,6054,225,4.98,2.86,1.71,,21 1/2,"09'00""",4.6,7.51,,,,Pro Day,,,,,,,,,57.9,55,60,60,55
Durant Brooks,Durant,Brooks,Redskins,Georgia Tech,P,rSr/2008,6,2,168,141,NFL Combine,6002,204,,,,,,,,,,,,Pro Day,,,,,,,,,57.9,55,60,60,55
Taylor Mehlhaff,Taylor,Mehlhaff,Saints,Wisconsin,K,Sr/2008,6,12,178,205,NFL Combine,5103,183,,,,13,,,,,,,,Pro Day,,,,14,,,,,57.9,55,60,60,55
Kevin Robinson,Kevin,Robinson,Chiefs,Utah State,WR,Sr/2008,6,16,182,251,NFL Combine,5114,202,4.69,2.72,1.61,,27 1/2,"09'07""",4.77,7.31,,,,Pro Day,4.65,2.68,1.61,,33,"09'10""",4.47,6.81,57.9,55,60,60,55
Chris Harrington,Chris,Harrington,Cardinals,Texas AM,DE,rSr/2008,6,19,185,153,NFL Combine,6043,264,4.85,2.78,1.66,21,,"09'09""",,,,,,Pro Day,,,,,37 1/2,,,,57.9,55,60,60,55
Colt Brennan,Colt,Brennan,Redskins,Hawaii,QB,rSr/2008,6,20,186,218,NFL Combine,6023,207,,,,,,,,,,,,Pro Day,,,,,,,,,57.9,55,60,60,55
Paul Hubbard,Paul,Hubbard,Browns,Wisconsin,WR,rSr/2008,6,25,191,120,NFL Combine,6026,221,4.49,2.61,1.57,15,29 1/2,"10'06""",,,,,,Pro Day,4.38,2.56,1.53,,39 1/2,,,6.93,57.9,55,60,60,55
DeJuan Tribble,DeJuan,Tribble,Chargers,Boston College,CB,rSr/2008,6,26,192,210,NFL Combine,5086,189,4.59,2.64,1.56,13,32,"09'06""",,,,,,Pro Day,4.65,2.68,1.59,,34 1/2,"09'08""",4.19,6.86,57.9,55,60,60,55
Andre Woodson,Andre,Woodson,Giants,Michigan State,QB,rSr/2008,6,32,198,73,NFL Combine,6040,229,,,,,,,,,,,,Pro Day,4.85,2.78,1.65,,27 1/2,"09'01""",4.33,7.28,57.9,55,60,60,55
Matt Sherry,Matt,Sherry,Bengals,Villanova,TE,rSr/2008,6,41,207,260,NFL Combine,6037,255,,,,,,,,,,,,Pro Day,4.67,2.71,1.61,24,32 1/2,"10'00""",4.59,7.18,57.9,55,60,60,55
Cory Boyd,Cory,Boyd,Bucs,South Carolina,RB,rSr/2008,7,31,238,215,NFL Combine,6004,213,4.52,2.58,1.52,25,33 1/2,"09'10""",4.24,6.97,,,,Pro Day,,,,,35 1/2,,,,57.9,55,60,60,55
Allen Patrick,Allen,Patrick,Ravens,Oklahoma,RB,Sr/2008,7,33,240,156,NFL Combine,6006,198,,,,,,,,,,,,Pro Day,4.55,2.65,1.53,17,36,"10'00""",4.51,7.46,57.9,55,60,60,55
Mario Urrutia,Mario,Urrutia,Bengals,Louisville,WR,rJr/2008,7,39,246,273,NFL Combine,6053,232,4.62,2.66,1.6,16,30,"09'07""",4.44,7.07,,,,Pro Day,4.53,2.6,1.59,,35,,,,57.9,55,60,60,55
Kirk Barton,Kirk,Barton,Bears,Ohio State,OT,rSr/2008,7,40,247,137,NFL Combine,6043,310,,,,34,,,,,,,,Pro Day,5.01,2.87,1.71,,31 1/2,"08'04""",4.59,7.67,57.9,55,60,60,55
Marcus Monk,Marcus,Monk,Bears,Arkansas,WR,Sr/2008,7,41,248,166,NFL Combine,6042,222,4.63,2.69,1.6,9,34 1/2,"09'11""",4.3,7.08,,,,Pro Day,4.41,2.55,1.48,,36,,,,57.9,55,60,60,55
Brennen Carvalho,Brennen,Carvalho,Undrafted,Michigan State,C,Sr/2008,,,Undrafted,266,NFL Combine,6006,294,,,,,,,,,,,,Pro Day,5,2.84,1.7,25,31,"09'04""",4.2,7.34,57.9,55,60,60,55
Michael Grant,Michael,Grant,Undrafted,Arkansas,CB,Sr/2008,,,Undrafted,212,NFL Combine,5102,186,4.37,2.54,1.5,14,30 1/2,"09'08""",4.1,7.08,,,,Pro Day,,,,,36,"09'10""",,,57.9,55,60,60,55
Darnell Terrell,Darnell,Terrell,Undrafted,Missouri,CB,rSr/2008,,,Undrafted,236,NFL Combine,6016,203,4.47,2.59,1.52,15,34,"10'05""",,,,,,Pro Day,,,,,,,,,57.9,55,60,60,55
Isaiah Gardner,Isaiah,Gardner,Undrafted,Maryland,CB,rSr/2008,,,Undrafted,285,NFL Combine,5111,197,,,,,,,,,,,,Pro Day,4.4,2.53,1.48,16,42 1/2,"11'00""",4.12,6.99,57.9,55,60,60,55
Darrell Robertson,Darrell,Robertson,Undrafted,Georgia Tech,DE,Sr/2008,,,Undrafted,74,NFL Combine,6037,255,,,,,,,,,,,,Pro Day,,,,,,,,,57.9,55,60,60,55
*Johnny Dingle,Johnny,Dingle,Undrafted,West Virginia,DE,rSr/2008,,,Undrafted,144,NFL Combine,6013,265,4.95,2.85,1.66,23,,"09'00""",,,,,,Pro Day,4.83,2.75,1.68,,29 1/2,,,,57.9,55,60,60,55
*Jeremy Geathers,Jeremy,Geathers,Undrafted,UNLV,DE,Jr/2008,,,Undrafted,195,NFL Combine,6021,256,4.97,2.83,1.66,29,28,"08'09""",4.49,7.28,,,,Pro Day,4.84,2.8,1.67,,,,,,57.9,55,60,60,55
Rudolph Hardie,Rudolph,Hardie,Undrafted,Howard,DE,rSr/2008,,,Undrafted,196,NFL Combine,6023,270,,,,,,,,,,,,Pro Day,,,,,,,,,57.9,55,60,60,55
Louis Holmes,Louis,Holmes,Undrafted,Arizona,DE,Sr/2008,,,Undrafted,219,NFL Combine,6035,263,4.86,2.81,1.65,,32 1/2,"10'01""",,7.33,,,,Pro Day,4.89,2.81,1.62,13,34,"10'03""",4.33,6.98,57.9,55,60,60,55
Chase Ortiz,Chase,Ortiz,Undrafted,Texas Christian,DE,rSr/2008,,,Undrafted,220,NFL Combine,6020,249,4.92,2.82,1.67,24,29 1/2,"09'00""",4.23,7.03,,,,Pro Day,4.9,2.83,1.6,,31,,,,57.9,55,60,60,55
Eric Bakhtiari,Eric,Bakhtiari,Undrafted,San Diego,DE,rSr/2008,,,Undrafted,256,NFL Combine,6031,259,,,,,,,,,,,,Pro Day,4.8,2.73,1.61,,32,"08'06""",4.48,7.49,57.9,55,60,60,55
Keilen Dykes,Keilen,Dykes,Undrafted,West Virginia,DT,rSr/2008,,,Undrafted,176,NFL Combine,6033,306,,,,,,,,,,,,Pro Day,5.08,2.94,1.78,33,29,"08'10""",4.73,7.65,57.9,55,60,60,55
Barry Booker,Barry,Booker,Undrafted,Virginia Tech,DT,rSr/2008,,,Undrafted,228,NFL Combine,6036,285,,,,24,,,,,,,,Pro Day,5.06,2.9,1.69,,30 1/2,"09'00""",4.52,7.82,57.9,55,60,60,55
George Chukwu,George,Chukwu,Undrafted,Rice,DT,rSr/2008,,,Undrafted,234,NFL Combine,6006,312,,,,,,,,,,,,Pro Day,,,,,,,,,57.9,55,60,60,55
Derek Lokey,Derek,Lokey,Undrafted,Texas,DT,Sr/2008,,,Undrafted,265,NFL Combine,6016,288,,,,,,,,,,,,Pro Day,5.18,2.94,1.77,38,33 1/2,"09'04""",4.37,7.57,57.9,55,60,60,55
Lorenzo Williams,Lorenzo,Williams,Undrafted,Missouri,DT,rSr/2008,,,Undrafted,288,NFL Combine,6003,295,,,,,,,,,,,,Pro Day,,,,29,,,,,57.9,55,60,60,55
Carl Stewart,Carl,Stewart,Undrafted,Auburn,FB,rSr/2008,,,Undrafted,200,NFL Combine,6010,230,4.66,2.7,1.63,30,39,"11'02""",4.5,7.12,,,,Pro Day,4.69,2.69,1.62,24,39 1/2,"10'01""",4.54,7.4,57.9,55,60,60,55
D.J. Parker,D.J.,Parker,Undrafted,Virginia Tech,FS,Sr/2008,,,Undrafted,175,NFL Combine,5112,192,4.59,2.65,1.55,19,29,"09'03""",4.44,6.94,,,,Pro Day,4.6,2.51,1.56,,31,"09'08""",4.3,,57.9,55,60,60,55
Marcus Griffin,Marcus,Griffin,Undrafted,Texas,FS,rSr/2008,,,Undrafted,181,NFL Combine,5102,201,4.69,2.66,1.54,13,31 1/2,"09'11""",4.32,7.09,,,,Pro Day,4.51,2.57,1.54,12,37 1/2,"10'05""",4.19,,57.9,55,60,60,55
Jonathan Hefney,Jonathan,Hefney,Undrafted,Tennessee,FS,Sr/2008,,,Undrafted,186,NFL Combine,5077,190,4.52,2.63,1.56,14,29,"09'09""",4.44,7.1,,,,Pro Day,,,,,39,"09'00""",4.44,7.07,57.9,55,60,60,55
Dennis Keyes,Dennis,Keyes,Undrafted,UCLA,FS,rSr/2008,,,Undrafted,263,NFL Combine,6005,205,4.59,2.62,1.54,15,30 1/2,"09'04""",4.41,7.25,,,,Pro Day,4.57,2.63,1.56,,36,"09'10""",4.93,7.58,57.9,55,60,60,55
Ron Girault,Ron,Girault,Undrafted,Rutgers,FS,Sr/2008,,,Undrafted,296,NFL Combine,5101,204,,,,,,,,,,,,Pro Day,4.46,2.57,1.52,25,39 1/2,"10'02""",4.15,7.05,57.9,55,60,60,55
Joe Fields,Joe,Fields,Undrafted,Syracuse,FS,Sr/2008,,,Undrafted,299,NFL Combine,6002,205,,,,,,,,,,,,Pro Day,,,,,,,,,57.9,55,60,60,55
Vince Hall,Vince,Hall,Undrafted,Virginia Tech,ILB,rSr/2008,,,Undrafted,182,NFL Combine,5110,232,,,,,,,,,,,,Pro Day,,,,,,,,,57.9,55,60,60,55
Ben Moffitt,Ben,Moffitt,Undrafted,South Florida,ILB,rSr/2008,,,Undrafted,194,NFL Combine,6007,234,,,,23,32 1/2,"10'03""",4.21,6.75,,,,Pro Day,4.58,2.65,1.63,,37 1/2,"10'04""",,,57.9,55,60,60,55
Chris Graham,Chris,Graham,Undrafted,Michigan,ILB,Sr/2008,,,Undrafted,271,NFL Combine,5111,232,,,,,,,,,,,,Pro Day,4.58,2.67,1.6,37,31,,,,57.9,55,60,60,55
Art Carmody,Art,Carmody,Undrafted,Louisville,K,rSr/2008,,,Undrafted,293,NFL Combine,5085,177,,,,,,,,,,,,Pro Day,,,,,,,,,57.9,55,60,60,55
Alexis Serna,Alexis,Serna,Undrafted,Oregon State,K,rSr/2008,,,Undrafted,298,NFL Combine,5064,170,,,,,,,,,,,,Pro Day,,,,,,,,,57.9,55,60,60,55
Shane Longest,Shane,Longest,Undrafted,Saint Xavier,K,Sr/2008,,,Undrafted,300,NFL Combine,5100,177,,,,,,,,,,,,Pro Day,,,,,,,,,57.9,55,60,60,55
Robert Felton,Robert,Felton,Undrafted,Arkansas,OG,rSr/2008,,,Undrafted,168,NFL Combine,6035,315,5.51,3.19,1.92,22,23,"08'02""",4.84,8.08,,,,Pro Day,5.28,3.01,1.78,,,,4.88,7.91,57.9,55,60,60,55
Chris McDuffie,Chris,McDuffie,Undrafted,Clemson,OG,rSr/2008,,,Undrafted,250,NFL Combine,6041,330,,,,29,,,,,,,,Pro Day,,,,,,,,,57.9,55,60,60,55
Kerry Brown,Kerry,Brown,Undrafted,Appalachian State,OG,rSr/2008,,,Undrafted,277,NFL Combine,6053,305,,,,,,,,,,,,Pro Day,5.16,3.01,1.8,32,29 1/2,"08'07""",,7.97,57.9,55,60,60,55
Andrew Crummey,Andrew,Crummey,Undrafted,Maryland,OG,rSr/2008,,,Undrafted,284,NFL Combine,6045,299,,,,,,,,,,,,Pro Day,,,,28,,,,,57.9,55,60,60,55
Curtis Gatewood,Curtis,Gatewood,Undrafted,Vanderbilt,OLB,rSr/2008,,,Undrafted,188,NFL Combine,6020,248,4.74,2.76,1.63,22,28 1/2,"09'03""",4.22,6.9,,,,Pro Day,,,,,34,,,,57.9,55,60,60,55
Curtis Johnson,Curtis,Johnson,Undrafted,Clark Atlanta,OLB,Sr/2008,,,Undrafted,213,NFL Combine,6025,242,4.69,2.66,1.57,25,26,,,,,,,Pro Day,4.6,2.6,1.54,,,"10'01""",4.46,6.78,57.9,55,60,60,55
Vince Redd,Vince,Redd,Undrafted,Michigan State,OLB,rSr/2008,,,Undrafted,223,NFL Combine,6054,263,,,,,,,,,,,,Pro Day,4.56,2.58,1.56,13,39,"09'10""",,7.3,57.9,55,60,60,55
Marcus Richardson,Marcus,Richardson,Undrafted,Troy,OLB,rSr/2008,,,Undrafted,240,NFL Combine,6000,235,,,,,,,,,,,,Pro Day,4.53,2.62,1.56,22,36 1/2,"09'10""",4.4,6.7,57.9,55,60,60,55
Pedro Sosa,Pedro,Sosa,Undrafted,Rutgers,OT,rSr/2008,,,Undrafted,203,NFL Combine,6035,300,,,,19,,,,,,,,Pro Day,,,,,,,,,57.9,55,60,60,55
Thaddeus Coleman,Thaddeus,Coleman,Undrafted,Mississippi Valley State,OT,Sr/2008,,,Undrafted,206,NFL Combine,6076,308,,,,,,,,,,,,Pro Day,,,,,,,,,57.9,55,60,60,55
Devin Clark,Devin,Clark,Undrafted,New Mexico,OT,Sr/2008,,,Undrafted,267,NFL Combine,6035,305,5.4,3.12,1.87,25,21,"07'11""",5.03,8.38,,,,Pro Day,5.34,3.03,1.84,,25 1/2,"08'07""",,,57.9,55,60,60,55
Shannon Boatman,Shannon,Boatman,Undrafted,Florida State,OT,rSr/2008,,,Undrafted,295,NFL Combine,6054,315,,,,,,,,,,,,Pro Day,4.96,2.96,1.76,,31,"08'07""",,,57.9,55,60,60,55
Mike Dragosavich,Mike,Dragosavich,Undrafted,North Dakota State,P,rSr/2008,,,Undrafted,208,NFL Combine,6054,212,,,,,,,,,,,,Pro Day,,,,,,,,,57.9,55,60,60,55
Bernard Morris,Bernard,Morris,Undrafted,Marshall,QB,rSr/2008,,,Undrafted,241,NFL Combine,6030,223,4.68,2.81,1.68,18,24 1/2,"09'01""",,,,,,Pro Day,,,,,,,,,57.9,55,60,60,55
Kyle Wright,Kyle,Wright,Undrafted,Miami (FL),QB,rSr/2008,,,Undrafted,276,NFL Combine,6033,218,4.85,2.81,1.63,,25 1/2,"08'09""",4.32,7.34,,,,Pro Day,4.84,2.8,1.67,,31,"08'05""",4.42,6.97,57.9,55,60,60,55
Paul Smith,Paul,Smith,Undrafted,Tulsa,QB,rSr/2008,,,Undrafted,289,NFL Combine,6012,208,4.97,2.87,1.64,,26 1/2,"09'03""",4.29,7.02,,,,Pro Day,,,,,,,,,57.9,55,60,60,55
Anthony Alridge,Anthony,Alridge,Undrafted,Houston,RB,rSr/2008,,,Undrafted,242,NFL Combine,5090,170,4.36,2.54,1.51,,30 1/2,"11'02""",,6.88,,,,Pro Day,4.38,2.62,1.45,,34 1/2,"11'01""",,,57.9,55,60,60,55
Chad Simpson,Chad,Simpson,Undrafted,Morgan State,RB,rSr/2008,,,Undrafted,257,NFL Combine,5085,216,4.42,2.55,1.53,,32 1/2,"10'04""",,,,,,Pro Day,,,,,35 1/2,"10'00""",4.48,7.35,57.9,55,60,60,55
Dantrell Savage,Dantrell,Savage,Undrafted,Oklahoma State,RB,Sr/2008,,,Undrafted,264,NFL Combine,5082,187,4.53,2.57,1.5,13,32 1/2,"09'09""",,,,,,Pro Day,4.46,2.54,1.47,,,,4.32,,57.9,55,60,60,55
D.J. Wolfe,D.J.,Wolfe,Undrafted,Oklahoma,SS,Sr/2008,,,Undrafted,221,NFL Combine,5111,207,4.64,2.64,1.57,,28,"09'04""",4.32,7.02,,,,Pro Day,4.57,2.63,1.54,9,35 1/2,"09'07""",4.24,7.16,57.9,55,60,60,55
Derrick Doggett,Derrick,Doggett,Undrafted,Oregon State,SS,rSr/2008,,,Undrafted,258,NFL Combine,6023,212,,,,,,,,,,,,Pro Day,4.53,2.57,1.56,,35,"10'02""",4.28,7.13,57.9,55,60,60,55
Brian Bonner,Brian,Bonner,Undrafted,Texas Christian,SS,rSr/2008,,,Undrafted,270,NFL Combine,5107,196,4.61,2.62,1.52,17,31,"09'05""",4.43,7.21,,,,Pro Day,4.57,2.64,1.53,,34,"09'06""",4.26,7.03,57.9,55,60,60,55
Nate Lyles,Nate,Lyles,Undrafted,Virginia,SS,Sr/2008,,,Undrafted,275,NFL Combine,5105,203,,,,,,,,,,,,Pro Day,4.46,2.58,1.5,22,36,,,,57.9,55,60,60,55
Tyson DeVree,Tyson,DeVree,Undrafted,Colorado,TE,rSr/2008,,,Undrafted,197,NFL Combine,6060,247,,,,,,,,,,,,Pro Day,4.75,2.73,1.59,14,34 1/2,,,,57.9,55,60,60,55
Darrell Strong,Darrell,Strong,Undrafted,Pittsburgh,TE,Sr/2008,,,Undrafted,274,NFL Combine,6040,268,4.84,2.8,1.67,17,25,"09'02""",4.36,6.86,,,,Pro Day,4.76,2.74,1.6,18,34 1/2,,4.21,,57.9,55,60,60,55
D.J. Hall,D.J.,Hall,Undrafted,Alabama,WR,Sr/2008,,,Undrafted,151,NFL Combine,6017,193,4.54,2.6,1.55,,29 1/2,"10'02""",,,,,,Pro Day,4.55,2.64,1.53,,32 1/2,"09'09""",,,57.9,55,60,60,55
Dorien Bryant,Dorien,Bryant,Undrafted,Purdue,WR,Sr/2008,,,Undrafted,249,NFL Combine,5096,174,4.49,2.57,1.61,,,"09'11""",4.24,6.88,,,,Pro Day,4.44,2.56,1.51,,,,,6.51,57.9,55,60,60,55
*Ryan Grice-Mullen,Ryan,Grice-Mullen,Undrafted,Hawaii,WR,rJr/2008,,,Undrafted,261,NFL Combine,5100,187,4.53,2.58,1.55,17,27 1/2,"09'10""",4.16,6.91,,,,Pro Day,4.36,2.49,1.45,,31 1/2,"10'02""",,,57.9,55,60,60,55
Jason Rivers,Jason,Rivers,Undrafted,Hawaii,WR,rSr/2008,,,Undrafted,282,NFL Combine,6012,200,4.62,2.64,1.56,,30,"09'10""",4.32,7.03,,,,Pro Day,4.59,2.64,1.57,8,34,"09'06""",,,57.9,55,60,60,55
Adarius Bowman,Adarius,Bowman,Undrafted,Oklahoma State,WR,rSr/2008,,,Undrafted,286,NFL Combine,6027,223,4.74,2.72,1.64,14,,,,,,,,Pro Day,4.75,2.69,1.56,16,33 1/2,,,,57.9,55,60,60,55
