full_name,first_name,last_name,draft_team,college,position,class/year,round,pick,overall,ds_rank,category,ht,wt,yd40,yd20,yd10,bench,vert,broad,shut20,cone3,hand_size,arm_length,wingspan,category,yd40,yd20,yd10,bench,vert,broad,shut20,cone3,rating,madden11,madden12,madden13,madden14
Clay Matthews,Clay,Matthews,Packers,Southern California,OLB,rSr/2009,1,26,26,22,NFL Combine,6031,240,4.67,2.71,1.61,23,35 1/2,"10'01""",4.18,6.9,9 1/2,32 1/4,,Pro Day,4.58,2.68,1.58,,35,,,,93.4,86,95,94,95
*LeSean McCoy,LeSean,McCoy,Eagles,Pittsburgh,RB,So/2009,2,21,53,52,NFL Combine,5103,198,,,,,,,,,8 7/8,31 3/4,,Pro Day,4.5,2.59,1.52,17,29,"08'11""",4.18,6.82,91.1,79,88,95,93
Arian Foster,Arian,Foster,Undrafted,Tennessee,RB,rSr/2009,,,Undrafted,255,NFL Combine,6006,226,,,,23,,,,,9 7/8,33 3/8,,Pro Day,4.69,2.71,1.62,,32,"09'07""",4.53,7.09,91.0,67,92,96,95
Brian Cushing,Brian,Cushing,Texans,Southern California,OLB,Sr/2009,1,15,15,16,NFL Combine,6027,243,4.74,2.73,1.62,30,35,"10'00""",4.22,6.84,10,32 1/2,,Pro Day,4.66,2.71,1.58,,35,,4.14,,90.3,87,86,93,90
*Hakeem Nicks,Hakeem,Nicks,Giants,North Carolina,WR,Jr/2009,1,29,29,41,NFL Combine,6006,212,4.63,2.74,1.7,,36,,,,,,,Pro Day,,,,,,,4.43,6.96,90.0,81,89,94,89
*Jairus Byrd,Jairus,Byrd,Bills,Oregon,CB,rJr/2009,2,10,42,62,NFL Combine,5101,207,,,,,,,,,10 1/8,32 5/8,,Pro Day,4.68,2.68,1.53,15,35,,4.1,6.75,90.0,87,84,87,95
Andy Levitre,Andy,Levitre,Bills,Oregon State,OG,rSr/2009,2,19,51,81,NFL Combine,6025,305,5.4,3.13,1.92,23,30 1/2,"08'07""",4.52,,9 1/2,32 1/2,,Pro Day,,,,,,,,7.67,89.9,79,82,90,96
Brian Orakpo,Brian,Orakpo,Redskins,Texas,DE,rSr/2009,1,13,13,9,NFL Combine,6030,263,4.7,2.72,1.63,31,39 1/2,,,,9 1/2,33 1/2,,Pro Day,,,,,,"10'10""",4.45,7.26,89.4,85,88,91,90
Alex Mack,Alex,Mack,Browns,California,C,rSr/2009,1,21,21,36,NFL Combine,6037,311,,,,,,,,,10 3/4,33,,Pro Day,5.17,2.96,1.75,20,28 1/2,"08'10""",4.75,7.31,89.1,87,88,88,91
*Percy Harvin,Percy,Harvin,Vikings,Florida,WR,Jr/2009,1,22,22,29,NFL Combine,5111,192,4.41,2.6,1.59,19,,,,,,,,Pro Day,,,,20,37 1/2,"10'01""",,,88.4,84,85,87,92
Thomas Morstead,Thomas,Morstead,Saints,Southern Methodist,P,rSr/2009,5,28,164,234,NFL Combine,6042,225,4.88,2.91,1.79,19,,,,,9,32,,Pro Day,,,,,,,,,87.7,75,81,88,94
James Laurinaitis,James,Laurinaitis,Rams,Ohio State,ILB,Sr/2009,2,3,35,27,NFL Combine,6017,244,4.88,2.85,1.74,22,33,"09'07""",4.24,6.93,10,31 5/8,,Pro Day,4.72,2.72,1.59,,,,4.18,6.81,86.9,85,87,88,86
*Vontae Davis,Vontae,Davis,Dolphins,Illinois,CB,Jr/2009,1,25,25,28,NFL Combine,5111,203,4.49,2.62,1.55,25,36,"10'05""",4.07,6.75,9 1/4,30,,Pro Day,4.4,2.52,1.48,,37 1/2,,,6.8,86.7,82,87,88,87
Mike Wallace,Mike,Wallace,Steelers,Mississippi,WR,Sr/2009,3,20,84,98,NFL Combine,6003,199,4.33,2.54,1.56,14,40,"10'09""",4.27,6.9,,,,Pro Day,,,,,,,,,86.6,78,87,89,87
*Matthew Stafford,Matthew,Stafford,Lions,Georgia,QB,Jr/2009,1,1,1,5,NFL Combine,6022,225,,2.83,1.72,,30 1/2,"08'11""",4.47,7.06,10,33 1/4,,Pro Day,,,,,,,,,86.1,80,80,91,85
Eugene Monroe,Eugene,Monroe,Jags,Virginia,OT,Sr/2009,1,8,8,4,NFL Combine,6052,309,5.31,3.1,1.89,23,28 1/2,"09'02""",4.78,7.86,11 1/8,33 7/8,,Pro Day,,,,,,,,,86.1,81,81,87,89
Lardarius Webb,Lardarius,Webb,Ravens,Nicholls State,CB,rSr/2009,3,24,88,141,NFL Combine,5096,179,4.46,2.59,1.56,15,36 1/2,"10'01""",4.1,6.77,9,31 1/2,,Pro Day,,,,,,,,,86.0,74,75,91,90
Sebastian Vollmer,Sebastian,Vollmer,Patriots,Houston,OT,rSr/2009,2,26,58,97,NFL Combine,6075,312,,,,,,,,,,,,Pro Day,5.13,2.9,1.77,32,36 1/2,"09'03""",4.5,7.51,85.9,79,81,84,91
*Michael Crabtree,Michael,Crabtree,49ers,Texas Tech,WR,rSo/2009,1,10,10,2,NFL Combine,6013,215,,,,,,,,,,,,Pro Day,,,,,,,,,85.7,83,81,83,90
Pat McAfee,Pat,McAfee,Colts,West Virginia,K,Sr/2009,7,13,222,264,NFL Combine,5114,228,,,,,,,,,,,,Pro Day,,,,,,,,,85.7,77,73,84,94
*Kenny Britt,Kenny,Britt,Titans,Rutgers,WR,Jr/2009,1,30,30,37,NFL Combine,6027,218,4.56,2.71,1.63,23,37,"10'04""",4.47,,,,,Pro Day,4.47,2.59,1.5,,,,,,85.4,82,86,88,83
Max Unger,Max,Unger,Seahawks,Oregon,C,rSr/2009,2,17,49,46,NFL Combine,6045,309,5.35,3.12,1.87,22,24 1/2,"07'09""",4.5,7.39,9 1/4,32 1/2,,Pro Day,,,,,,,,,85.4,79,79,82,92
Louis Vasquez,Louis,Vasquez,Chargers,Texas Tech,OG,Sr/2009,3,14,78,132,NFL Combine,6046,333,,,,39,,,,,10 3/8,34 3/4,,Pro Day,5.22,2.95,1.73,,30 1/2,"08'07""",4.94,7.66,85.1,83,80,83,89
*Andre Smith,Andre,Smith,Bengals,Alabama,OT,Jr/2009,1,6,6,11,NFL Combine,6040,332,,,,,,,,,9 3/4,35 3/8,,Pro Day,5.28,3.01,1.79,19,25,"07'10""",4.93,7.88,84.7,79,76,81,92
*Jeremy Maclin,Jeremy,Maclin,Eagles,Missouri,WR,rSo/2009,1,19,19,8,NFL Combine,6001,198,4.48,2.63,1.62,,,,,,,,,Pro Day,4.43,2.58,1.54,,35 1/2,"10'00""",4.25,7.06,84.4,81,86,86,83
B.J. Raji,B.J.,Raji,Packers,Boston College,DT,rSr/2009,1,9,9,10,NFL Combine,6014,337,5.23,3.02,1.82,33,32,"08'07""",4.69,7.9,10 3/8,32,,Pro Day,,,,,,,,,84.1,79,88,84,83
Michael Oher,Michael,Oher,Ravens,Mississippi,OT,Sr/2009,1,23,23,13,NFL Combine,6044,309,5.35,3.09,1.89,21,30 1/2,"08'07""",4.6,7.81,10 3/8,33 1/2,,Pro Day,5.16,2.99,1.75,23,31,,,,84.0,89,82,82,82
Louis Delmas,Louis,Delmas,Lions,Western Michigan,FS,Sr/2009,2,1,33,50,NFL Combine,5113,202,4.56,2.63,1.56,12,37,"10'06""",4.17,6.67,9 1/4,31 3/4,,Pro Day,,,,,,,,,84.0,85,84,83,84
Eric Wood,Eric,Wood,Bills,Louisville,C,rSr/2009,1,28,28,39,NFL Combine,6037,310,5.24,3.02,1.83,30,30 1/2,"08'03""",4.51,7.56,10 3/8,33 3/4,,Pro Day,,,,,,,,,83.6,81,82,86,82
Terrance Knighton,Terrance,Knighton,Jags,Temple,DT,Sr/2009,3,8,72,195,NFL Combine,6030,321,5.33,3.05,1.81,,28,"08'07""",4.78,7.9,10,34 1/2,,Pro Day,4.93,2.84,1.69,21,29,"08'09""",4.64,7.22,83.6,83,87,84,80
Patrick Chung,Patrick,Chung,Patriots,Oregon,SS,rSr/2009,2,2,34,53,NFL Combine,5112,212,4.57,2.61,1.56,25,34,"09'11""",,,9,31 1/2,,Pro Day,,,,,,,4.24,7.11,83.1,76,86,85,82
William Moore,William,Moore,Falcons,Missouri,SS,rSr/2009,2,23,55,54,NFL Combine,6001,221,4.62,2.71,1.62,16,37,"10'03""",4.26,6.81,9 1/8,32 1/4,,Pro Day,4.49,2.6,1.48,,37 1/2,"10'06""",,6.94,82.9,75,82,81,87
*Josh Freeman,Josh,Freeman,Bucs,Kansas State,QB,Jr/2009,1,17,17,17,NFL Combine,6056,248,4.97,2.91,1.79,,33 1/2,"09'11""",4.43,7.11,10,32 3/4,,Pro Day,,,,,,,,,82.7,77,87,82,82
Will Beatty,Will,Beatty,Giants,Texas Tech,OT,rSr/2009,2,28,60,38,NFL Combine,6060,307,5.12,2.98,1.82,27,33 1/2,"08'11""",4.77,7.62,10,34 3/4,,Pro Day,,,,,,,,,82.1,76,73,78,90
Brandon Pettigrew,Brandon,Pettigrew,Lions,Oklahoma State,TE,rSr/2009,1,20,20,23,NFL Combine,6053,263,4.86,2.87,1.76,22,33,"09'10""",4.37,7.12,10 3/4,34 7/8,,Pro Day,,,,,,,,,81.9,82,81,84,79
T.J. Lang,T.J.,Lang,Packers,Eastern Michigan,OG,Sr/2009,4,9,109,73,NFL Combine,6040,316,,,,,,,,,,,,Pro Day,5.15,2.97,1.75,30,26 1/2,,4.42,,81.9,75,67,87,85
Phil Loadholt,Phil,Loadholt,Vikings,Oklahoma,OT,Sr/2009,2,22,54,35,NFL Combine,6076,332,5.53,3.24,1.93,24,29,"07'11""",5.06,8.18,10,36 1/2,,Pro Day,5.45,3.03,1.83,26,28 1/2,"08'09""",4.77,8.8,81.7,75,75,82,86
Rey Maualuga,Rey,Maualuga,Bengals,Southern California,ILB,Sr/2009,2,6,38,20,NFL Combine,6016,249,4.91,2.86,1.73,23,,"08'11""",,,10,31 3/4,,Pro Day,4.58,2.65,1.57,,31,"09'06""",4.35,,81.6,85,83,83,76
Paul Kruger,Paul,Kruger,Ravens,Utah,DE,rSo/2009,2,25,57,75,NFL Combine,6042,263,5,2.83,1.69,24,32 1/2,"09'00""",4.47,7.52,9 1/2,32 3/4,,Pro Day,4.79,2.82,1.58,22,32,"09'01""",,,81.3,72,78,79,87
Michael Johnson,Michael,Johnson,Bengals,Georgia Tech,DE,Sr/2009,3,6,70,42,NFL Combine,6067,266,4.75,2.76,1.67,28,38 1/2,"10'08""",4.37,7.42,10 1/4,34 3/8,,Pro Day,4.61,2.66,1.54,23,,,,7.42,81.1,72,75,77,89
Connor Barwin,Connor,Barwin,Texans,Cincinnati,OLB,Sr/2009,2,14,46,40,NFL Combine,6035,256,4.66,2.71,1.66,21,40 1/2,"10'08""",4.18,6.87,10,33 3/4,,Pro Day,4.47,2.58,1.53,23,,,,,80.7,71,73,85,83
Malcolm Jenkins,Malcolm,Jenkins,Saints,Ohio State,CB,Sr/2009,1,14,14,12,NFL Combine,6001,204,4.59,2.67,1.6,15,33,"10'04""",4.08,6.59,9 1/4,34 1/2,,Pro Day,4.55,2.62,1.53,,,,,,80.6,76,85,83,76
*Shonn Greene,Shonn,Greene,Jets,Iowa,RB,Jr/2009,3,1,65,59,NFL Combine,5104,227,4.65,2.76,1.68,19,37,"10'01""",4.4,7.1,8 1/2,31 3/4,,Pro Day,4.55,2.63,1.57,23,39,"10'06""",4.25,,80.6,80,80,82,79
*Sean Smith,Sean,Smith,Dolphins,Utah,CB,rJr/2009,2,29,61,45,NFL Combine,6034,214,4.58,2.68,1.6,10,34,"09'11""",4.15,6.92,9 7/8,34 5/8,,Pro Day,4.47,2.59,1.51,,32,"09'05""",,,79.9,79,76,79,82
*Jerraud Powers,Jerraud,Powers,Colts,Auburn,CB,rJr/2009,3,28,92,227,NFL Combine,5091,188,4.54,2.62,1.58,15,36 1/2,"10'02""",4.08,7.09,9 1/4,31,,Pro Day,4.43,2.61,1.52,,35,"10'03""",4.31,6.91,79.9,81,81,80,78
Aaron Curry,Aaron,Curry,Seahawks,Wake Forest,OLB,rSr/2009,1,4,4,1,NFL Combine,6016,254,4.56,2.67,1.61,25,37,"10'04""",4.51,7.15,9 3/4,32 5/8,,Pro Day,,,,,,,,,79.7,83,82,79,76
Jason Smith,Jason,Smith,Rams,Baylor,OT,rSr/2009,1,2,2,3,NFL Combine,6050,309,5.22,3.05,1.85,33,24,"08'00""",4.69,7.53,9 3/4,33 3/4,,Pro Day,,,,,,,,,79.6,83,87,75,75
*Knowshon Moreno,Knowshon,Moreno,Broncos,Georgia,RB,rSo/2009,1,12,12,15,NFL Combine,5105,217,4.62,2.71,1.64,25,35 1/2,"09'07""",4.27,6.84,10,30 3/4,,Pro Day,4.59,2.66,1.58,,,,,,79.4,82,85,76,76
*Eben Britton,Eben,Britton,Jags,Arizona,OT,rJr/2009,2,7,39,25,NFL Combine,6060,309,5.16,2.99,1.8,24,28 1/2,"08'04""",4.91,7.87,10 1/4,32 3/4,,Pro Day,,,,,,,,,79.3,83,85,81,70
*Mark Sanchez,Mark,Sanchez,Jets,Southern California,QB,rJr/2009,1,5,5,6,NFL Combine,6021,227,5,2.91,1.77,,32 1/2,"09'08""",4.21,7.06,10 1/2,33 1/2,,Pro Day,,,,,,,,,79.1,82,83,80,73
Kevin Huber,Kevin,Huber,Bengals,Cincinnati,P,rSr/2009,5,6,142,183,NFL Combine,6007,220,,,,,,,,,9,31 1/2,,Pro Day,,,,,,,,,78.9,76,74,75,84
Michael Bennett,Michael,Bennett,Undrafted,Texas AM,DE,Sr/2009,,,Undrafted,163,NFL Combine,6034,274,5.13,2.92,1.78,24,31,"09'02""",,,9 3/4,33 1/2,,Pro Day,4.86,2.76,1.62,,36 1/2,,,,78.9,60,72,81,86
DeAndre Levy,DeAndre,Levy,Lions,Wisconsin,OLB,Sr/2009,3,12,76,222,NFL Combine,6016,236,,,,19,,"09'11""",,,9 3/8,31 7/8,,Pro Day,,,,,,,,,78.6,75,77,80,79
*Darrius Heyward-Bey,Darrius,Heyward-Bey,Raiders,Maryland,WR,rJr/2009,1,7,7,18,NFL Combine,6015,210,4.3,2.54,1.54,16,38 1/2,"10'06""",4.18,6.8,,,,Pro Day,,,,,,,,,78.1,68,72,83,79
Ramon Foster,Ramon,Foster,Undrafted,Tennessee,OT,rSr/2009,,,Undrafted,254,NFL Combine,6051,328,5.66,3.3,2,20,26,"07'08""",4.98,7.96,10,34 1/2,,Pro Day,,,,,,,,,77.9,64,74,79,83
Robert Ayers,Robert,Ayers,Broncos,Tennessee,DE,rSr/2009,1,18,18,33,NFL Combine,6031,272,4.9,2.85,1.79,18,29 1/2,"08'06""",4.51,7.56,10,33,,Pro Day,,,,,,,4.46,7.07,77.7,72,73,78,81
Bradley Fletcher,Bradley,Fletcher,Rams,Iowa,CB,rSr/2009,3,2,66,85,NFL Combine,6003,196,4.54,2.62,1.58,20,38 1/2,"10'02""",4.29,7.04,9 1/4,33 1/2,,Pro Day,4.44,2.59,1.53,,40,"10'07""",4.22,,77.7,68,76,77,82
Matt Shaughnessy,Matt,Shaughnessy,Raiders,Wisconsin,DE,Sr/2009,3,7,71,144,NFL Combine,6050,266,4.95,2.93,1.77,24,30 1/2,"09'04""",4.88,7.68,10 3/4,35 5/8,,Pro Day,4.86,2.65,1.68,,,,,,77.4,72,80,78,77
*Brian Hartline,Brian,Hartline,Dolphins,Ohio State,WR,rJr/2009,4,8,108,228,NFL Combine,6015,195,4.58,2.7,1.63,,34 1/2,"10'00""",4.12,6.65,,,,Pro Day,4.49,2.56,1.5,,,,,,77.4,71,74,77,81
Sammie Hill,Sammie,Hill,Lions,Colorado,DT,rSr/2009,4,15,115,145,NFL Combine,6037,329,5.17,2.94,1.79,27,28,"09'01""",4.97,7.89,9 1/2,34,,Pro Day,,,,,,,,,77.1,75,74,77,79
Ziggy Hood,Ziggy,Hood,Steelers,Missouri,DT,Sr/2009,1,32,32,26,NFL Combine,6027,300,4.97,2.86,1.73,34,33,"09'00""",4.55,7.5,9 5/8,33 3/4,,Pro Day,,,,36,34 1/2,"09'08""",4.45,7.32,76.6,72,79,76,77
Dannell Ellerbe,Dannell,Ellerbe,Undrafted,Georgia,ILB,rSr/2009,,,Undrafted,149,NFL Combine,6010,236,,,,,35,"09'10""",4.23,7,9 3/8,32 1/2,,Pro Day,,,,,,,,,76.4,71,72,70,84
*James Casey,James,Casey,Texans,Rice,FB,So/2009,5,16,152,60,NFL Combine,6030,246,4.8,2.81,1.71,28,36,"09'03""",4.48,7,9 1/2,30 5/8,,Pro Day,4.69,2.73,1.59,,,,,,76.1,72,61,77,82
Peria Jerry,Peria,Jerry,Falcons,Mississippi,DT,Sr/2009,1,24,24,21,NFL Combine,6016,299,,,,,,,,,9 1/2,32 1/2,,Pro Day,4.98,2.86,1.68,28,31,"09'06""",4.64,7.3,76.0,78,74,74,77
*Donald Brown,Donald,Brown,Colts,Connecticut,RB,rJr/2009,1,27,27,32,NFL Combine,5102,210,4.51,2.66,1.62,,41 1/2,"10'05""",4.1,6.93,9,31 1/2,,Pro Day,,,,,,,,,76.0,78,72,78,74
Kraig Urbik,Kraig,Urbik,Steelers,Wisconsin,OG,rSr/2009,3,15,79,99,NFL Combine,6051,328,5.43,3.11,1.9,29,24,"07'10""",4.89,7.87,10 1/4,33 3/4,,Pro Day,5.25,2.99,1.79,,25 1/2,"08'02""",4.75,,76.0,67,64,79,81
Larry English,Larry,English,Chargers,Northern Illinois,OLB,rSr/2009,1,16,16,44,NFL Combine,6021,255,4.88,2.82,1.71,24,36,"08'11""",4.38,7.26,9 5/8,32 3/4,,Pro Day,4.74,2.71,1.59,,,"09'07""",,,75.9,77,75,74,77
Beanie Wells,Beanie,Wells,Cardinals,Michigan State,RB,Jr/2009,1,31,31,14,NFL Combine,6010,235,4.59,2.7,1.6,25,33 1/2,"10'08""",,,10,33 5/8,,Pro Day,4.38,2.51,1.5,,,,,,75.7,82,73,85,60
Brandon Gibson,Brandon,Gibson,Eagles,Washington State,WR,Sr/2009,6,21,194,175,NFL Combine,6003,210,,,,,,,,,,,,Pro Day,4.59,2.65,1.63,10,34,"09'05""",4.54,6.94,75.7,71,74,74,79
Tyson Jackson,Tyson,Jackson,Chiefs,LSU,DE,rSr/2009,1,3,3,7,NFL Combine,6041,296,5,2.88,1.78,,28 1/2,"08'06""",4.8,7.64,10,34 3/4,,Pro Day,,,,20,,,,,75.6,75,76,76,75
Mike Thomas,Mike,Thomas,Jags,Arizona,WR,Sr/2009,4,7,107,106,NFL Combine,5077,195,4.4,2.59,1.61,,40 1/2,"10'06""",4.28,6.65,,,,Pro Day,,,,16,,"10'04""",,,75.4,74,79,75,73
Chris Clemons,Chris,Clemons,Dolphins,Clemson,FS,rSr/2009,5,29,165,90,NFL Combine,6001,208,4.41,2.55,1.51,19,37 1/2,"10'07""",4.38,7.27,9 5/8,32 3/4,,Pro Day,,,,,,,,,75.4,65,76,75,79
Zach Miller,Zach,Miller,Jags,Nebraska-Omaha,TE,rSr/2009,6,7,180,279,NFL Combine,6036,233,,,,,,,,,,,,Pro Day,4.53,2.62,1.55,,37 1/2,"10'04""",4.22,7.06,75.4,68,73,69,83
Bernard Scott,Bernard,Scott,Bengals,Abilene Christian,RB,Sr/2009,6,36,209,288,NFL Combine,5102,200,4.56,2.61,1.66,21,36,"10'05""",4.08,6.82,9 1/2,31 3/4,,Pro Day,,,,,,,,,75.4,74,75,77,74
Jamarca Sanford,Jamarca,Sanford,Vikings,Mississippi,SS,rSr/2009,7,22,231,212,NFL Combine,5097,214,4.62,2.68,1.61,29,33 1/2,"09'08""",4.2,7.02,8 5/8,31 1/2,,Pro Day,4.43,2.52,1.53,,,,,7.22,75.4,71,76,75,77
Russell Allen,Russell,Allen,Undrafted,San Diego State,OLB,Sr/2009,,,Undrafted,285,NFL Combine,6026,230,,,,,,,,,,,,Pro Day,4.63,2.66,1.58,24,33 1/2,"09'10""",4.34,7.21,75.4,65,70,75,81
Victor Butler,Victor,Butler,Cowboys,Oregon State,OLB,Sr/2009,4,10,110,262,NFL Combine,6022,248,4.84,2.82,,24,33,"09'05""",4.4,7.21,9 3/8,34 1/2,,Pro Day,4.72,2.72,1.6,,33,"09'11""",,,75.3,65,69,75,81
Alex Boone,Alex,Boone,Undrafted,Ohio State,OT,Sr/2009,,,Undrafted,214,NFL Combine,6072,328,5.23,3.11,1.9,33,27 1/2,"08'07""",4.69,7.83,9 7/8,34 3/8,,Pro Day,,,,,,,,,75.0,60,60,69,89
Mohamed Massaquoi,Mohamed,Massaquoi,Browns,Georgia,WR,Sr/2009,2,18,50,70,NFL Combine,6014,210,4.66,2.73,1.68,,36 1/2,"10'07""",,,,,,Pro Day,4.51,2.59,1.55,,,"10'07""",4.15,7.07,74.4,75,76,73,74
*Captain Munnerlyn,Captain,Munnerlyn,Panthers,South Carolina,CB,Jr/2009,7,7,216,240,NFL Combine,5084,182,4.6,2.69,1.63,19,37 1/2,"10'01""",4.2,7.15,8 1/2,31,,Pro Day,4.41,2.55,1.48,,36 1/2,,4.04,7.05,74.4,72,73,74,76
Keenan Lewis,Keenan,Lewis,Steelers,Oregon State,CB,rSr/2009,3,32,96,115,NFL Combine,6007,208,4.55,2.62,1.59,19,33 1/2,"10'03""",,,9 5/8,33 1/4,,Pro Day,4.49,2.59,1.53,20,38 1/2,"10'10""",4.42,6.89,74.0,61,60,74,83
*Mike Goodson,Mike,Goodson,Panthers,Texas AM,RB,Jr/2009,4,11,111,148,NFL Combine,5117,208,4.54,2.69,1.61,14,39 1/2,"09'10""",4.22,6.89,9 7/8,32 1/4,,Pro Day,4.43,2.54,1.53,,,,,,74.0,65,74,74,77
David Johnson,David,Johnson,Steelers,Arkansas State,FB,Sr/2009,7,32,241,286,NFL Combine,6014,260,4.73,2.75,1.63,21,32 1/2,"09'05""",4.43,7.28,10 3/4,33 3/4,,Pro Day,,,,,,,4.4,7.33,74.0,69,69,76,76
Louis Murphy,Louis,Murphy,Raiders,Florida,WR,Sr/2009,4,24,124,82,NFL Combine,6023,203,4.43,2.58,1.59,12,,,,,,,,Pro Day,,,,,,,4.45,6.95,73.9,75,75,73,73
Greg Toler,Greg,Toler,Cardinals,Saint Paul's,CB,Sr/2009,4,31,131,112,NFL Combine,5112,191,,,,,,,,,,,,Pro Day,4.45,2.6,1.55,13,33 1/2,"09'08""",4.18,6.95,73.7,60,75,75,77
John Phillips,John,Phillips,Cowboys,Virginia,TE,Sr/2009,6,35,208,193,NFL Combine,6053,251,4.84,2.85,1.73,20,33 1/2,"09'04""",4.27,6.84,10 1/4,34 1/2,,Pro Day,,,,,,,,,73.7,73,69,73,76
*Sen'Derrick Marks,Sen'Derrick,Marks,Titans,Auburn,DT,rJr/2009,2,30,62,74,NFL Combine,6016,306,5.08,2.92,1.75,,33,,,,10 5/8,34 1/2,,Pro Day,,,,16,,"09'06""",4.76,7.8,73.6,68,68,74,77
Mike Mitchell,Mike,Mitchell,Raiders,Ohio,SS,Sr/2009,2,15,47,203,NFL Combine,5117,220,,,,,,,,,,,,Pro Day,,,,21,37 1/2,,,,73.3,60,75,76,75
Fili Moala,Fili,Moala,Colts,Southern California,DT,rSr/2009,2,24,56,83,NFL Combine,6040,305,5.16,2.97,1.77,25,30 1/2,"08'04""",,,10,33 3/8,,Pro Day,,,,,,"08'08""",4.65,,73.1,66,77,73,73
Brice McCain,Brice,McCain,Texans,Utah,CB,Sr/2009,6,15,188,202,NFL Combine,5087,185,,,,,,,,,,,,Pro Day,4.33,2.51,1.47,12,36 1/2,"10'03""",3.99,6.74,73.0,68,69,73,76
Vance Walker,Vance,Walker,Falcons,Georgia Tech,DT,Sr/2009,7,1,210,161,NFL Combine,6017,304,5.44,3.09,1.86,29,33,,,,11 1/8,35,,Pro Day,,,,,,,,,73.0,67,67,67,81
Rashad Jennings,Rashad,Jennings,Jags,Liberty,RB,rSr/2009,7,41,250,80,NFL Combine,6010,231,4.66,2.65,1.61,29,34,"10'00""",4.2,6.86,10 3/8,32,,Pro Day,4.52,2.62,1.53,,,,,6.79,73.0,69,74,74,73
*Austin Collie,Austin,Collie,Colts,Brigham Young,WR,Jr/2009,4,27,127,117,NFL Combine,6007,200,4.63,2.69,1.63,17,34,"10'00""",4.24,6.78,,,,Pro Day,4.53,2.62,1.53,,,,4.07,,72.9,76,79,78,60
Al Afalava,Al,Afalava,Bears,Oregon State,SS,Sr/2009,6,17,190,256,NFL Combine,5107,207,,,,,,,,,,,,Pro Day,4.47,2.57,1.52,25,40,"10'05""",4.07,6.6,72.9,73,72,73,73
Tim Jamison,Tim,Jamison,Undrafted,Michigan,DE,rSr/2009,,,Undrafted,292,NFL Combine,6024,256,5.16,3,1.83,21,30,"08'11""",4.6,7.56,9 3/8,33 1/2,,Pro Day,4.95,2.85,1.68,,,,4.6,7.4,72.9,60,70,76,76
Troy Kropog,Troy,Kropog,Titans,Tulane,OT,rSr/2009,4,35,135,107,NFL Combine,6053,309,5.35,3.1,1.88,21,30,"08'04""",4.84,7.65,10 1/8,33 1/2,,Pro Day,,,,,,,,,72.6,69,66,75,74
Jasper Brinkley,Jasper,Brinkley,Vikings,South Carolina,ILB,rSr/2009,5,14,150,93,NFL Combine,6015,252,4.72,2.77,1.64,26,35 1/2,"09'06""",4.32,7.03,9 1/4,33,,Pro Day,,,,,,,4.39,6.92,72.4,69,69,72,75
Brandon Tate,Brandon,Tate,Patriots,North Carolina,WR,Sr/2009,3,19,83,190,NFL Combine,5117,183,,,,,,,,,,,,Pro Day,,,,,,,,,72.3,68,76,73,70
Roy Miller,Roy,Miller,Bucs,Texas,DT,Sr/2009,3,17,81,116,NFL Combine,6012,310,5.09,2.97,1.79,36,32,"08'07""",4.74,8.01,9 7/8,32 3/4,,Pro Day,4.93,2.82,1.69,,,,,,72.1,71,71,69,75
Darius Butler,Darius,Butler,Patriots,Connecticut,CB,rSr/2009,2,9,41,24,NFL Combine,5103,183,4.53,2.64,1.56,,43,"11'02""",4.18,6.92,9 1/2,32 7/8,,Pro Day,,,,,,,,,72.0,76,68,68,74
Kaluka Maiava,Kaluka,Maiava,Browns,Southern California,OLB,Sr/2009,4,4,104,124,NFL Combine,5114,229,4.82,2.79,1.67,30,,"09'02""",4.2,6.98,9 1/2,30 1/2,,Pro Day,4.65,2.7,1.62,,32,"09'00""",,,72.0,68,69,71,75
Johnny Knox,Johnny,Knox,Bears,Abilene Christian,WR,Sr/2009,5,4,140,150,NFL Combine,5114,185,4.34,2.56,1.54,,35,"10'02""",4.15,6.81,,,,Pro Day,,,,,,,,,71.9,75,79,75,60
Lance Louis,Lance,Louis,Bears,San Diego State,OG,rSr/2009,7,37,246,232,NFL Combine,6023,303,,,,,,,,,,,,Pro Day,4.76,2.79,1.62,30,30,"08'08""",4.71,8.03,71.9,64,72,71,75
Don Carey,Don,Carey,Browns,Norfolk State,CB,Sr/2009,6,4,177,182,NFL Combine,5112,192,4.6,2.69,1.59,18,,,,,9 1/4,31,,Pro Day,,,,,32 1/2,"10'02""",4.2,6.87,71.7,63,71,70,76
Graham Gano,Graham,Gano,Undrafted,Florida State,K,Sr/2009,,,Undrafted,220,NFL Combine,6003,194,,,,,,,,,7 7/8,30 3/8,,Pro Day,,,,,,,,,71.3,61,66,72,76
Sherrod Martin,Sherrod,Martin,Panthers,Troy,CB,rSr/2009,2,27,59,71,NFL Combine,6010,198,,2.66,1.59,12,36,"10'03""",3.98,6.6,8 1/2,31 1/4,,Pro Day,4.46,2.58,1.51,,36 1/2,,,,71.0,75,76,75,60
Ron Brace,Ron,Brace,Patriots,Boston College,DT,rSr/2009,2,8,40,47,NFL Combine,6030,330,5.5,3.18,1.96,32,28,"08'03""",4.73,8.15,9 7/8,34,,Pro Day,,,,,,,,,70.9,66,73,72,70
*D.J. Moore,D.J.,Moore,Bears,Vanderbilt,CB,Jr/2009,4,19,119,55,NFL Combine,5087,192,4.59,2.7,1.64,17,39 1/2,"09'10""",4.28,7.01,8 1/2,30 1/2,,Pro Day,4.57,2.67,1.54,,,,4.45,7,70.7,64,71,72,72
Bear Pascoe,Bear,Pascoe,49ers,Fresno State,TE,rSr/2009,6,11,184,219,NFL Combine,6051,251,5.04,2.92,1.8,,26 1/2,"08'11""",4.55,7.65,9 3/4,33 3/4,,Pro Day,4.89,2.84,1.64,14,30 1/2,"09'04""",4.52,7.19,70.6,63,72,70,73
*Chris Baker,Chris,Baker,Undrafted,Hampton,DT,rJr/2009,,,Undrafted,224,NFL Combine,6020,326,5.12,2.96,1.83,24,35 1/2,"08'10""",4.9,8.06,10,34,,Pro Day,,,,,,,4.56,,70.6,77,64,64,74
Bruce Johnson,Bruce,Johnson,Undrafted,Miami (FL),CB,Sr/2009,,,Undrafted,260,NFL Combine,5094,170,4.57,2.65,1.59,6,34 1/2,"10'05""",4.05,6.71,8 5/8,32,,Pro Day,4.42,2.64,1.55,,38 1/2,"10'04""",4.03,6.92,70.4,75,75,74,60
Rashad Johnson,Rashad,Johnson,Cardinals,Alabama,FS,rSr/2009,3,31,95,65,NFL Combine,5112,203,4.6,2.69,1.62,15,37,"10'00""",4.23,7.09,8 3/4,31,,Pro Day,,,,,,,,,70.3,66,66,66,76
Antoine Caldwell,Antoine,Caldwell,Texans,Alabama,C,rSr/2009,3,13,77,87,NFL Combine,6032,309,5.3,3.09,1.87,23,28,"09'03""",5.04,7.96,10 1/2,34,,Pro Day,,,,,,,,,70.1,73,73,75,60
*Aaron Maybin,Aaron,Maybin,Bills,Penn State,DE,rSo/2009,1,11,11,31,NFL Combine,6036,249,4.89,2.82,1.7,22,38,"10'04""",4.38,7.52,10 1/8,35 1/4,,Pro Day,4.64,2.66,1.54,,40,"10'10""",,,70.0,60,60,74,74
Brian Hoyer,Brian,Hoyer,Undrafted,Michigan State,QB,rSr/2009,,,Undrafted,186,NFL Combine,6020,215,5.05,2.9,1.73,,32,"09'01""",4.42,7.1,9 1/2,32,,Pro Day,,,,,,,,,70.0,63,66,73,71
Henry Melton,Henry,Melton,Bears,Texas,DE,Sr/2009,4,5,105,205,NFL Combine,6035,269,,,,,,,,,,,,Pro Day,4.64,2.7,1.58,,34 1/2,"10'01""",,,69.9,62,67,80,60
Alphonso Smith,Alphonso,Smith,Broncos,Wake Forest,CB,rSr/2009,2,5,37,34,NFL Combine,5090,193,4.57,2.65,1.6,13,34,"10'05""",4.38,7.09,9 3/4,31 1/2,,Pro Day,,,,,32,,,,69.6,69,75,74,60
Deon Butler,Deon,Butler,Seahawks,Penn State,WR,rSr/2009,3,27,91,165,NFL Combine,5103,182,4.38,2.59,1.58,12,34 1/2,"09'10""",4.48,7.01,,,,Pro Day,,,,,,,4.23,,69.6,67,70,70,70
Courtney Greene,Courtney,Greene,Seahawks,Rutgers,SS,Sr/2009,7,36,245,138,NFL Combine,6002,212,4.65,2.71,1.65,21,34 1/2,"09'08""",4.16,7.35,9,32,,Pro Day,,,,,,"09'11""",,,69.6,65,77,74,60
*Gerald McRath,Gerald,McRath,Titans,Southern Miss,ILB,rJr/2009,4,30,130,96,NFL Combine,6017,231,4.61,2.71,1.62,19,34,"10'03""",4.35,7.24,9 3/4,34 1/4,,Pro Day,,,,21,,,,,69.3,73,74,72,60
Edwin Williams,Edwin,Williams,Undrafted,Maryland,C,rSr/2009,,,Undrafted,172,NFL Combine,6022,308,5.5,3.17,1.9,22,28 1/2,"08'03""",4.98,8.15,9 1/2,34 1/2,,Pro Day,,,,,,,,,69.3,60,60,73,73
Ashlee Palmer,Ashlee,Palmer,Undrafted,Mississippi,OLB,Sr/2009,,,Undrafted,250,NFL Combine,6014,223,,,,,,,,,,,,Pro Day,,,,,,,,,69.1,60,68,67,74
Andre Brown,Andre,Brown,Giants,North Carolina State,RB,Sr/2009,4,29,129,57,NFL Combine,6001,224,4.49,2.64,1.58,24,37,"09'07""",4.33,7.35,9 3/4,32 1/8,,Pro Day,,,,,,,4.28,7.08,69.0,69,62,62,76
*Everette Brown,Everette,Brown,Panthers,Florida State,DE,rJr/2009,2,11,43,19,NFL Combine,6014,256,4.73,2.75,1.66,26,31 1/2,"09'06""",4.53,7.55,10 1/4,33,,Pro Day,,,,,31,"09'09""",,,68.9,75,70,71,60
*Kevin Ogletree,Kevin,Ogletree,Undrafted,Virginia,WR,rJr/2009,,,Undrafted,123,NFL Combine,6004,196,4.46,2.6,1.61,,36,"10'02""",4.08,6.67,,,,Pro Day,,,,,,,,,68.9,63,63,67,74
Garrett Reynolds,Garrett,Reynolds,Falcons,North Carolina,OT,Sr/2009,5,20,156,239,NFL Combine,6075,309,5.53,3.23,1.98,19,22,"07'10""",4.88,7.87,9 3/4,34 1/2,,Pro Day,5.32,3.03,1.75,,,,,,68.6,63,67,64,74
Glover Quin,Glover,Quin,Texans,New Mexico,FS,rSr/2009,4,12,112,164,NFL Combine,5106,204,4.56,2.64,1.58,22,38,"09'11""",4.43,7.39,9 1/8,30 1/2,,Pro Day,,,,,,,,,68.4,60,60,55,83
Darcel McBath,Darcel,McBath,Broncos,Texas Tech,FS,rSr/2009,2,16,48,105,NFL Combine,6002,198,4.65,2.7,1.63,14,38,"09'11""",4.16,6.8,9 3/8,30 3/4,,Pro Day,4.53,2.62,1.53,17,,"10'00""",,,68.3,74,75,55,72
*Richard Quinn,Richard,Quinn,Broncos,North Carolina,TE,Sr/2009,2,32,64,84,NFL Combine,6037,264,4.98,2.89,1.78,24,32 1/2,"09'11""",4.62,7.5,9 1/2,33 1/2,,Pro Day,,,,,,,,,68.3,67,67,67,70
Javon Ringer,Javon,Ringer,Titans,Michigan State,RB,Sr/2009,5,37,173,113,NFL Combine,5091,205,4.6,2.65,1.6,23,34,"09'07""",4.11,6.87,9 5/8,30 3/4,,Pro Day,4.5,2.58,1.5,,,,3.89,6.66,68.3,67,72,73,60
Tony Fiammetta,Tony,Fiammetta,Panthers,Syracuse,FB,rSr/2009,4,28,128,151,NFL Combine,6001,245,4.65,2.74,1.64,30,34,"09'04""",4.49,7.31,9 3/8,31,,Pro Day,,,,,,,4.43,6.92,68.1,66,63,70,69
Ramses Barden,Ramses,Barden,Giants,Cal Poly,WR,rSr/2009,3,21,85,119,NFL Combine,6060,229,4.66,2.75,1.7,17,33 1/2,"09'10""",4.26,,,,,Pro Day,4.51,2.6,1.52,,,"10'02""",,7.1,68.0,60,62,69,72
David Bruton,David,Bruton,Broncos,Notre Dame,FS,Sr/2009,4,14,114,120,NFL Combine,6020,219,4.46,2.64,1.61,19,41 1/2,"11'00""",4.28,6.6,10,34 1/4,,Pro Day,,,,,,,,,68.0,67,66,65,71
Jason Phillips,Jason,Phillips,Ravens,Texas Christian,ILB,rSr/2009,5,1,137,125,NFL Combine,6006,239,4.69,2.74,1.65,20,34,"10'00""",4.32,,9,31,,Pro Day,,,,,,,,,68.0,64,64,69,70
Lawrence Sidbury,Lawrence,Sidbury,Falcons,Illinois,DE,rSr/2009,4,25,125,51,NFL Combine,6023,266,4.64,2.7,1.61,28,35,"10'00""",4.43,7.46,10 3/4,35 5/8,,Pro Day,,,,,,,,,67.9,67,60,72,66
Clint Sintim,Clint,Sintim,Giants,Virginia,OLB,rSr/2009,2,13,45,48,NFL Combine,6026,256,4.82,2.78,1.65,,34 1/2,"09'11""",4.4,7.37,10,33 1/2,,Pro Day,,,,,,,4.44,7.54,67.3,71,71,69,60
Jason Williams,Jason,Williams,Cowboys,Western Illinois,OLB,rSr/2009,3,5,69,63,NFL Combine,6010,241,,,,,,,,,,,,Pro Day,4.49,2.59,1.49,26,39,"10'09""",,,67.3,60,68,69,68
Jonathan Casillas,Jonathan,Casillas,Undrafted,Wisconsin,OLB,Sr/2009,,,Undrafted,137,NFL Combine,6011,228,,,,24,,,,,9 1/4,32,,Pro Day,,,,,,,,,67.3,60,60,66,73
Tony Carter,Tony,Carter,Undrafted,Florida State,CB,rSr/2009,,,Undrafted,267,NFL Combine,5086,179,,,,,,,,,,,,Pro Day,4.41,2.52,1.53,17,39,"10'00""",4.19,7.18,67.1,60,60,64,74
Jamon Meredith,Jamon,Meredith,Packers,South Carolina,OT,rSr/2009,5,26,162,43,NFL Combine,6045,304,5.03,2.98,1.83,31,28,"08'09""",4.82,8.01,10,34 1/2,,Pro Day,,,,,,,,,67.0,66,66,62,71
A.Q. Shipley,A.Q.,Shipley,Steelers,Penn State,C,rSr/2009,7,17,226,131,NFL Combine,6011,304,5.26,3.06,1.85,33,31,"08'04""",4.4,7.46,8 1/2,29 3/4,,Pro Day,,,,,,,,,67.0,60,60,65,73
C.J. Spillman,C.J.,Spillman,Undrafted,Marshall,FS,Sr/2009,,,Undrafted,130,NFL Combine,6000,197,4.5,2.63,1.6,,41 1/2,"10'02""",4.33,7.05,9 1/2,31 1/2,,Pro Day,,,,,,,,,67.0,60,66,68,69
Tyronne Green,Tyronne,Green,Chargers,Auburn,OG,rSr/2009,4,33,133,168,NFL Combine,6016,309,5.43,3.1,1.8,22,,,,,10 1/4,33 3/4,,Pro Day,,,,,28 1/2,"08'06""",4.8,8.12,66.9,66,66,72,60
Colt Anderson,Colt,Anderson,Undrafted,Montana,FS,rSr/2009,,,Undrafted,295,NFL Combine,5094,194,,,,,,,,,,,,Pro Day,4.53,2.62,1.53,15,36 1/2,"10'03""",4.19,6.85,66.6,60,60,68,70
Kyle Moore,Kyle,Moore,Bucs,Southern California,DE,Sr/2009,4,17,117,109,NFL Combine,6050,272,4.9,2.8,1.72,22,30 1/2,"08'09""",4.47,7.4,10,33 1/4,,Pro Day,4.76,2.84,1.69,,,"08'10""",4.77,,66.4,67,70,69,60
Brandon Hughes,Brandon,Hughes,Chargers,Oregon State,CB,rSr/2009,5,12,148,162,NFL Combine,5104,182,4.5,2.61,1.55,8,36 1/2,"10'08""",4.23,6.9,9 1/2,32 3/4,,Pro Day,,,,,37,"10'08""",,,66.4,63,65,65,69
Clinton McDonald,Clinton,McDonald,Bengals,Memphis,DT,Sr/2009,7,40,249,170,NFL Combine,6016,283,,,,,,,,,,,,Pro Day,4.83,2.81,1.63,36,38,"10'01""",4.5,7.25,66.4,60,60,66,71
Sammie Stroughter,Sammie,Stroughter,Bucs,Oregon State,WR,rSr/2009,7,24,233,282,NFL Combine,5093,189,4.59,2.69,1.65,13,30,"09'02""",4.28,7.03,,,,Pro Day,4.45,2.58,1.49,,30,,,,66.3,68,69,69,60
Quinn Johnson,Quinn,Johnson,Packers,LSU,FB,rSr/2009,5,9,145,177,NFL Combine,6006,246,4.83,2.78,1.66,16,32,"09'07""",,,10 3/8,32 1/2,,Pro Day,4.72,2.69,1.61,,,,,7.65,66.0,66,66,63,68
Ellis Lankster,Ellis,Lankster,Bills,West Virginia,CB,Sr/2009,7,11,220,235,NFL Combine,5091,191,,,,,,,,,,,,Pro Day,,,,,,,,,66.0,61,60,64,71
Pannel Egboh,Pannel,Egboh,Undrafted,Stanford,DE,rSr/2009,,,Undrafted,196,NFL Combine,6056,276,4.98,2.87,1.73,26,31 1/2,"09'08""",4.4,7.24,10 3/8,35 3/4,,Pro Day,4.86,2.86,1.7,,35,,,,66.0,60,64,64,70
Stephen McGee,Stephen,McGee,Cowboys,Texas AM,QB,rSr/2009,4,1,101,95,NFL Combine,6027,225,4.66,2.72,1.68,,33,"09'04""",4.49,7.34,9,32,,Pro Day,,,,,,,,,65.7,62,67,66,66
Brian Robiskie,Brian,Robiskie,Browns,Ohio State,WR,Sr/2009,2,4,36,30,NFL Combine,6027,209,4.59,2.67,1.64,,37 1/2,,4.19,6.72,,,,Pro Day,4.52,2.57,1.5,,,,,,65.6,65,70,67,60
Kevin Barnes,Kevin,Barnes,Redskins,Maryland,CB,rSr/2009,3,16,80,58,NFL Combine,6002,187,4.52,2.65,1.58,,38 1/2,"10'08""",3.96,6.72,8 5/8,32 1/2,,Pro Day,4.45,2.55,1.5,,41,,,,65.6,63,69,69,60
Travis Beckum,Travis,Beckum,Giants,Wisconsin,TE,Sr/2009,3,36,100,111,NFL Combine,6030,243,,,,28,,,,,9,34,,Pro Day,4.61,2.64,1.56,,38 1/2,"09'10""",4.1,7.05,65.6,63,71,67,60
Scott McKillop,Scott,McKillop,49ers,Pittsburgh,ILB,rSr/2009,5,10,146,159,NFL Combine,6007,244,4.8,2.82,1.66,27,35 1/2,"09'11""",4.39,7,9 5/8,31 7/8,,Pro Day,,,,,,,,,65.6,67,68,68,60
Josh Mauga,Josh,Mauga,Undrafted,Nevada,ILB,Sr/2009,,,Undrafted,265,NFL Combine,6013,243,,,,,,,,,10,33,,Pro Day,4.61,2.65,1.56,,32 1/2,"08'10""",4.27,7.3,65.6,60,66,66,67
Jarron Gilbert,Jarron,Gilbert,Bears,San Jose State,DE,rSr/2009,3,4,68,49,NFL Combine,6052,288,4.87,2.77,1.71,28,35 1/2,"09'11""",4.56,7.7,10 3/4,36 3/4,,Pro Day,,,,,,,,,65.4,65,62,62,69
Chase Coffman,Chase,Coffman,Bengals,Missouri,TE,Sr/2009,3,34,98,64,NFL Combine,6056,244,,,,,,,,,9 3/4,33 1/2,,Pro Day,,,,,,,,,65.4,60,66,64,68
Brandon Underwood,Brandon,Underwood,Packers,Cincinnati,FS,rSr/2009,6,14,187,178,NFL Combine,6010,198,4.57,2.66,1.6,16,36 1/2,"10'05""",4.2,7,9 1/4,32,,Pro Day,4.48,2.62,1.59,,,,,,65.3,67,63,63,67
*Cameron Morrah,Cameron,Morrah,Seahawks,California,TE,rJr/2009,7,39,248,158,NFL Combine,6033,244,4.66,2.72,1.67,24,32 1/2,"09'07""",4.36,6.99,9 1/2,33 1/2,,Pro Day,4.61,2.64,1.57,,,,,,65.3,60,67,70,60
Phillip Hunt,Phillip,Hunt,Undrafted,Houston,OLB,rSr/2009,,,Undrafted,274,NFL Combine,6005,244,,,,,,,,,,,,Pro Day,4.75,2.71,1.6,14,41 1/2,"09'08""",4.22,6.91,65.3,60,60,69,65
Morgan Trent,Morgan,Trent,Bengals,Michigan,CB,rSr/2009,6,6,179,223,NFL Combine,6005,193,4.53,2.66,1.58,23,38,"10'07""",4.01,7.05,9,32 1/2,,Pro Day,,,,,,,,,65.1,67,65,68,60
Cedric Peerman,Cedric,Peerman,Ravens,Virginia,RB,rSr/2009,6,12,185,100,NFL Combine,5094,216,4.45,2.63,1.54,27,40,"09'09""",4.29,6.99,8,31,,Pro Day,,,,,,,4.47,,65.1,60,62,62,70
Dallas Reynolds,Dallas,Reynolds,Undrafted,Brigham Young,C,Sr/2009,,,Undrafted,266,NFL Combine,6043,309,,,,,,,,,,,,Pro Day,5.28,2.98,1.79,20,30,"08'02""",5.03,7.59,65.1,60,64,64,68
Graham Harrell,Graham,Harrell,Undrafted,Texas Tech,QB,rSr/2009,,,Undrafted,287,NFL Combine,6021,223,5.14,3.01,1.83,,29 1/2,"08'02""",4.56,7.45,9 1/2,31 1/2,,Pro Day,4.95,2.89,1.67,,,,,,65.1,60,66,66,66
Lydon Murtha,Lydon,Murtha,Lions,Nebraska,OT,rSr/2009,7,19,228,191,NFL Combine,6070,306,4.89,2.87,1.72,25,35,"09'02""",4.34,7.06,10 1/8,33 7/8,,Pro Day,,,,,,,,,65.0,65,66,68,60
*Donald Washington,Donald,Washington,Chiefs,Ohio State,CB,rJr/2009,4,2,102,94,NFL Combine,6002,197,4.55,2.65,1.57,9,45,"11'03""",4.2,6.84,9 1/8,31 1/2,,Pro Day,4.52,2.56,1.51,,,,4.13,6.7,64.9,62,68,68,60
Andrew Gardner,Andrew,Gardner,Dolphins,Georgia Tech,OT,rSr/2009,6,8,181,140,NFL Combine,6066,304,,,,,,,,,10,34 1/2,,Pro Day,4.96,2.79,1.69,,30 1/2,"08'11""",4.7,7.51,64.7,66,61,61,68
Tiquan Underwood,Tiquan,Underwood,Jags,Rutgers,WR,Sr/2009,7,44,253,242,NFL Combine,6011,184,4.41,2.59,1.59,7,41 1/2,"10'09""",4.11,6.62,,,,Pro Day,4.36,2.58,1.48,,,,4.16,,64.7,60,62,62,69
Ryan Mouton,Ryan,Mouton,Titans,Hawaii,CB,Sr/2009,3,30,94,278,NFL Combine,5090,187,4.56,2.57,1.53,18,39 1/2,"10'09""",,,8 1/2,30 1/4,,Pro Day,4.47,2.59,1.49,,,"11'00""",,,64.0,63,61,68,60
Ray Feinga,Ray,Feinga,Undrafted,Brigham Young,OG,rSr/2009,,,Undrafted,252,NFL Combine,6041,337,,,,30,,,,,10,33 1/2,,Pro Day,,,,29,,,,,64.0,60,67,67,60
David Buehler,David,Buehler,Cowboys,Southern California,K,Sr/2009,5,36,172,133,NFL Combine,6016,227,4.63,2.68,1.61,25,,,,,8 1/2,30 1/4,,Pro Day,,,,,,,,,63.9,68,67,55,67
Shawn Nelson,Shawn,Nelson,Bills,Southern Miss,TE,rSr/2009,4,21,121,72,NFL Combine,6050,240,4.56,2.65,1.66,19,33,"09'07""",4.46,6.96,10,34 1/2,,Pro Day,,,,,,,,,63.7,70,73,55,60
Macho Harris,Macho,Harris,Eagles,Rutgers,CB,Sr/2009,5,21,157,157,NFL Combine,5112,198,4.73,2.74,1.66,,33 1/2,"09'10""",3.98,6.68,8 7/8,31 3/4,,Pro Day,4.46,2.56,1.51,13,34,"10'01""",,,63.7,72,72,55,60
Curtis Painter,Curtis,Painter,Colts,Purdue,QB,rSr/2009,6,28,201,233,NFL Combine,6027,225,,2.88,1.75,,29,"08'06""",4.48,7,9 1/4,33 1/4,,Pro Day,,,,,,,,,63.7,61,61,68,60
Will Johnson,Will,Johnson,Undrafted,Michigan,DE,rSr/2009,,,Undrafted,236,NFL Combine,6041,281,,,,,,,,,,,,Pro Day,5.07,2.88,1.71,47,27 1/2,"09'04""",4.61,7.51,63.7,60,60,55,72
Tyrone McKenzie,Tyrone,McKenzie,Patriots,South Florida,OLB,rSr/2009,3,33,97,103,NFL Combine,6015,243,4.87,2.81,1.7,27,,"09'04""",,,10,33 5/8,,Pro Day,4.78,2.78,1.61,,32 1/2,,4.28,7.31,63.6,64,62,62,65
Darell Scott,Darell,Scott,Rams,West Virginia,DT,rSr/2009,4,3,103,102,NFL Combine,6032,312,4.97,2.89,1.75,29,30 1/2,"08'11""",4.84,8.28,9 7/8,32 1/4,,Pro Day,,,,,,,,,63.6,64,63,66,60
Jeremiah Johnson,Jeremiah,Johnson,Undrafted,Oregon,RB,Sr/2009,,,Undrafted,245,NFL Combine,5087,209,4.71,2.75,1.67,20,35,"09'07""",,,9 1/4,30 3/4,,Pro Day,4.57,2.69,1.56,,,,4.26,6.94,63.6,60,60,65,65
David Veikune,David,Veikune,Browns,Hawaii,DE,rSr/2009,2,20,52,101,NFL Combine,6023,257,4.87,2.81,1.69,35,33,"09'02""",4.46,7.2,10 3/8,33 1/4,,Pro Day,4.75,2.76,1.59,,,,,,63.4,68,73,55,60
Chris Owens,Chris,Owens,Falcons,San Jose State,CB,Sr/2009,3,26,90,92,NFL Combine,5096,181,4.51,2.65,1.61,14,34 1/2,"09'02""",4.16,6.93,8 3/8,30,,Pro Day,,,,,,,,,63.4,72,70,55,60
Zach Potter,Zach,Potter,Undrafted,Nebraska,DE,Sr/2009,,,Undrafted,185,NFL Combine,6066,279,4.98,2.89,1.72,20,31,"08'10""",4.48,7.75,9 3/4,32 3/4,,Pro Day,4.93,2.78,1.67,,,"09'02""",4.47,7.28,63.4,60,60,63,66
Aaron Brown,Aaron,Brown,Lions,Texas Christian,RB,Sr/2009,6,19,192,218,NFL Combine,6004,200,,,,,,,,,,,,Pro Day,4.49,2.61,1.62,16,40,"10'09""",4.26,7.22,63.3,67,63,63,60
Kevin Ellison,Kevin,Ellison,Chargers,Southern California,OLB,Sr/2009,6,16,189,146,NFL Combine,6007,227,4.91,2.85,1.7,32,,,,,9 5/8,31 1/2,,Pro Day,4.75,2.71,1.59,,33 1/2,"09'04""",4.15,,63.1,76,60,55,60
Patrick Turner,Patrick,Turner,Dolphins,Southern California,WR,Sr/2009,3,23,87,143,NFL Combine,6051,223,,,,,,,,,,,,Pro Day,4.59,2.68,1.57,21,34 1/2,"09'05""",4.2,,63.0,63,63,65,60
Fenuki Tupou,Fenuki,Tupou,Eagles,Oregon,OT,rSr/2009,5,23,159,127,NFL Combine,6053,314,5.44,3.14,1.89,24,25 1/2,"07'10""",5.02,8.33,8 3/4,34,,Pro Day,5.2,2.94,1.73,,26,"08'03""",4.85,,62.9,61,61,66,60
Coye Francies,Coye,Francies,Browns,San Jose State,CB,rSr/2009,6,18,191,121,NFL Combine,6003,185,4.65,2.68,1.61,24,36,"10'03""",4.24,6.81,8 3/4,32,,Pro Day,,,,,,,,,62.9,67,62,55,67
Juaquin Iglesias,Juaquin,Iglesias,Bears,Oklahoma,WR,Sr/2009,3,35,99,78,NFL Combine,6007,210,4.54,2.66,1.64,,34 1/2,"09'08""",4.4,,,,,Pro Day,,,,,,,,7.22,62.7,65,63,63,60
Michael Hamlin,Michael,Hamlin,Cowboys,Clemson,SS,rSr/2009,5,30,166,108,NFL Combine,6020,214,4.67,2.72,1.64,17,37 1/2,"09'09""",4.42,7.14,9 1/4,32 1/4,,Pro Day,,,,,,,,,62.7,67,71,55,60
Tom Brandstater,Tom,Brandstater,Broncos,Fresno State,QB,rSr/2009,6,1,174,198,NFL Combine,6050,220,4.95,2.89,1.74,,28 1/2,"08'10""",4.37,6.93,9 1/2,31 1/4,,Pro Day,,,,,,,,,62.7,60,61,66,60
*Asher Allen,Asher,Allen,Vikings,Georgia,CB,Jr/2009,3,22,86,135,NFL Combine,5094,194,4.65,2.66,1.6,22,35,"09'07""",4.3,6.93,8 1/2,29 1/2,,Pro Day,,,,,,,,,62.6,68,70,55,60
D.J. Johnson,D.J.,Johnson,Undrafted,Michigan State,CB,rSr/2009,,,Undrafted,289,NFL Combine,6013,197,4.68,2.72,1.66,7,32,"09'08""",4.3,7,9 3/4,32 3/4,,Pro Day,4.52,2.57,1.53,,,,4.28,7.21,62.3,60,64,64,60
*Emanuel Cook,Emanuel,Cook,Undrafted,South Carolina,SS,Jr/2009,,,Undrafted,154,NFL Combine,5096,197,4.71,2.71,1.62,18,35,"09'08""",,,9 1/2,31 5/8,,Pro Day,4.57,2.69,1.56,,32,,4.42,7.11,62.3,60,64,64,60
Will Davis,Will,Davis,Cardinals,Illinois,DE,Sr/2009,6,31,204,275,NFL Combine,6021,261,4.94,2.87,1.77,27,33,"09'07""",4.45,7.38,9 3/4,31 3/4,,Pro Day,4.86,2.86,1.69,,34,"09'10""",4.45,7.15,62.1,60,61,55,68
Dan Gronkowski,Dan,Gronkowski,Lions,Maryland,TE,rSr/2009,7,46,255,188,NFL Combine,6054,255,4.8,2.77,1.64,26,33,"10'02""",4.26,6.92,10 1/2,34 1/2,,Pro Day,,,,,,,,,62.1,61,62,60,64
Cecil Newton,Cecil,Newton,Undrafted,Tennessee State,C,rSr/2009,,,Undrafted,257,NFL Combine,6015,300,,,,,,,,,,,,Pro Day,5.13,2.91,1.73,25,25 1/2,"08'02""",4.15,7.55,62.1,60,60,65,60
Derrick Williams,Derrick,Williams,Lions,Penn State,WR,Sr/2009,3,18,82,68,NFL Combine,5114,194,4.68,2.72,1.64,15,33,,,,,,,Pro Day,4.47,2.59,1.49,18,,"09'07""",4.21,6.96,62.0,62,63,63,60
James Davis,James,Davis,Browns,Clemson,RB,Sr/2009,6,22,195,167,NFL Combine,5110,218,4.6,2.7,1.62,17,32,"09'01""",4.37,7.15,10,30 1/2,,Pro Day,4.45,2.55,1.5,,,,,,62.0,69,66,55,60
Quan Cosby,Quan,Cosby,Undrafted,Texas,WR,Sr/2009,,,Undrafted,225,NFL Combine,5085,196,4.57,2.7,1.6,,,,4.47,7.28,,,,Pro Day,,,,28,34 1/2,,4.34,,62.0,62,63,63,60
Pat White,Pat,White,Dolphins,West Virginia,QB,rSr/2009,2,12,44,61,NFL Combine,6002,197,,2.7,1.67,,35,"09'09""",4.42,7.06,9 1/4,33 1/2,,Pro Day,,,,,,,,,61.7,66,60,55,65
*Glen Coffee,Glen,Coffee,49ers,Alabama,RB,rJr/2009,3,10,74,122,NFL Combine,6001,209,4.58,2.68,1.62,24,36,"10'01""",4.51,7.35,9 1/2,31 3/4,,Pro Day,,,,,,,,,61.7,71,60,55,60
Brooks Foster,Brooks,Foster,Rams,North Carolina,WR,rSr/2009,5,24,160,166,NFL Combine,6004,211,,,,27,,,,,,,,Pro Day,4.44,2.59,1.52,,,,,,61.7,69,64,55,60
Zack Follett,Zack,Follett,Lions,California,OLB,Sr/2009,7,26,235,160,NFL Combine,6017,236,4.75,2.76,1.68,,37,"09'09""",,7.31,9 1/4,31 1/4,,Pro Day,,,,21,,,,,61.7,60,71,55,60
Jarett Dillard,Jarett,Dillard,Jags,Rice,WR,rSr/2009,5,8,144,114,NFL Combine,5102,191,4.57,2.65,1.6,13,42 1/2,"10'09""",4.41,7.1,,,,Pro Day,4.5,2.58,1.5,,40 1/2,"10'11""",,,61.6,65,61,55,65
Duke Robinson,Duke,Robinson,Panthers,Oklahoma,OG,Sr/2009,5,27,163,56,NFL Combine,6050,329,5.33,3.07,1.84,,,,,,10 5/8,34 3/4,,Pro Day,,,,20,31 1/2,"08'03""",4.9,8.09,61.6,68,65,55,60
Curtis Taylor,Curtis,Taylor,49ers,LSU,FS,rSr/2009,7,10,219,209,NFL Combine,6022,209,4.67,2.71,1.62,13,37 1/2,"10'09""",4.23,7.25,9 1/4,33 1/2,,Pro Day,4.49,2.62,1.53,,,,,,61.6,60,60,61,63
Nic Harris,Nic,Harris,Bills,Oklahoma,OLB,Sr/2009,5,11,147,174,NFL Combine,6023,234,4.95,2.9,1.76,15,31 1/2,"09'01""",4.37,7.05,10 1/8,32 1/2,,Pro Day,4.83,2.82,1.66,,,,4.23,7,61.4,62,69,55,60
Ricky Jean-Francois,Ricky,Jean-Francois,49ers,Iowa,DT,rJr/2009,7,35,244,126,NFL Combine,6025,295,,,,25,26,"07'09""",,,10 3/8,34,,Pro Day,5.19,2.99,1.78,25,27 1/2,"08'00""",4.72,7.89,61.4,66,67,55,60
Roger Allen,Roger,Allen,Undrafted,Missouri Western,OG,Sr/2009,,,Undrafted,187,NFL Combine,6026,326,,,,,,,,,10,34 3/4,,Pro Day,5.25,2.98,1.75,38,26 1/2,"07'09""",4.8,8.3,61.3,60,60,63,60
Anthony Hill,Anthony,Hill,Texans,North Carolina State,TE,rSr/2009,4,22,122,118,NFL Combine,6050,262,4.84,2.8,1.72,21,30 1/2,"08'11""",4.56,7.31,10 1/8,34 3/4,,Pro Day,,,,,,"09'08""",,,61.1,68,62,55,60
Ryan McKee,Ryan,McKee,Undrafted,Southern Miss,OT,Sr/2009,,,Undrafted,283,NFL Combine,6063,296,,,,,,,,,10 1/4,33 1/2,,Pro Day,5.03,2.87,1.72,,31,,4.67,7.5,61.1,60,63,61,60
Corvey Irvin,Corvey,Irvin,Panthers,Georgia,DT,Sr/2009,3,29,93,189,NFL Combine,6030,301,5.03,2.92,1.81,24,24 1/2,"08'01""",4.73,7.44,9 3/8,33 3/4,,Pro Day,4.99,2.79,1.71,,25,"08'07""",4.66,7.6,61.0,62,61,61,60
Alex Magee,Alex,Magee,Chiefs,Purdue,DT,Sr/2009,3,3,67,76,NFL Combine,6025,298,5.09,2.95,1.8,30,29 1/2,"08'07""",4.55,7.52,9 1/2,35,,Pro Day,4.82,2.77,1.62,,,"09'05""",4.42,7.15,60.9,66,64,55,60
Jonathan Luigs,Jonathan,Luigs,Bengals,Arkansas,C,rSr/2009,4,6,106,110,NFL Combine,6035,301,5.14,3.03,1.86,26,31,"08'03""",4.79,7.69,9 1/4,31 1/2,,Pro Day,,,,,,,4.62,,60.9,68,60,55,60
*Brandon Williams,Brandon,Williams,Cowboys,Texas Tech,DE,Jr/2009,4,20,120,128,NFL Combine,6024,261,5,2.91,1.77,,33,"09'04""",4.49,7.23,9 5/8,33 3/4,,Pro Day,4.78,2.76,1.56,18,33 1/2,"09'10""",,,60.9,60,60,57,64
Nick Reed,Nick,Reed,Seahawks,Oregon,ILB,Sr/2009,7,38,247,210,NFL Combine,6013,245,,,,,,,,,,,,Pro Day,4.71,2.72,1.59,24,31 1/2,"09'00""",4.28,6.96,60.9,65,60,58,60
Darry Beckwith,Darry,Beckwith,Undrafted,LSU,ILB,Sr/2009,,,Undrafted,91,NFL Combine,6003,242,4.79,2.79,1.66,23,26 1/2,"09'02""",4.5,7.39,9 3/4,32 1/2,,Pro Day,4.63,2.61,1.56,,,,,,60.9,60,68,55,60
Herman Johnson,Herman,Johnson,Cardinals,LSU,OG,rSr/2009,5,31,167,86,NFL Combine,6072,364,5.63,3.28,2,21,,,,,11 3/8,36 1/2,,Pro Day,,,,,26 1/2,"07'10""",5.01,8.58,60.6,66,62,55,60
Cary Harris,Cary,Harris,Bills,Southern California,CB,Sr/2009,6,10,183,176,NFL Combine,5113,187,,2.8,1.72,18,,,,,9,33,,Pro Day,4.87,2.84,1.69,,34 1/2,"10'00""",,,60.6,60,67,55,60
Hunter Cantwell,Hunter,Cantwell,Undrafted,Louisville,QB,rSr/2009,,,Undrafted,211,NFL Combine,6043,235,5.26,3.07,1.88,,26,"08'03""",4.59,7.4,10 1/4,33 1/4,,Pro Day,,,,,,,,,60.6,60,67,55,60
Joe Burnett,Joe,Burnett,Steelers,Central Florida,CB,Sr/2009,5,32,168,243,NFL Combine,5093,192,4.62,2.65,1.6,22,35 1/2,"09'10""",4.25,6.68,9 1/4,31 1/2,,Pro Day,,,,,,,,,60.3,66,60,55,60
Cornelius Ingram,Cornelius,Ingram,Eagles,Florida,TE,rSr/2009,5,17,153,88,NFL Combine,6037,245,4.68,2.71,1.63,21,33,,4.53,7.12,9 3/4,34 1/2,,Pro Day,4.69,2.71,1.62,,,"09'06""",,,60.1,63,64,55,60
Jon Cooper,Jon,Cooper,Undrafted,Oklahoma,C,Sr/2009,,,Undrafted,291,NFL Combine,6017,291,5.18,3.01,1.83,31,29 1/2,"08'09""",4.6,7.46,9,31 1/4,,Pro Day,5.09,2.97,1.71,32,31 1/2,"08'09""",4.5,7.43,60.1,63,64,55,60
Cody Brown,Cody,Brown,Cardinals,Connecticut,OLB,Sr/2009,2,31,63,77,NFL Combine,6021,244,4.84,2.84,1.75,26,36 1/2,"10'00""",4.4,7.1,10 1/8,34 1/2,,Pro Day,,,,,,,,,60.0,65,60,55,60
*Nate Davis,Nate,Davis,49ers,Ball State,QB,Jr/2009,5,35,171,155,NFL Combine,6013,226,5.01,2.94,1.83,,26 1/2,"08'03""",,,9 1/2,32,,Pro Day,,,,,,,,,60.0,65,60,55,60
Jason Watkins,Jason,Watkins,Undrafted,Florida,OT,rSr/2009,,,Undrafted,179,NFL Combine,6055,318,5.53,3.18,1.93,18,24 1/2,"07'06""",5.03,7.89,10 1/2,34 3/8,,Pro Day,,,,19,,,,,60.0,60,65,55,60
Kory Sheets,Kory,Sheets,Undrafted,Purdue,RB,rSr/2009,,,Undrafted,136,NFL Combine,5111,208,4.47,2.63,1.59,15,37,"10'01""",4.39,7.18,9 1/2,31 1/4,,Pro Day,,,,,,,4.33,,60.0,65,60,55,60
Ian Johnson,Ian,Johnson,Undrafted,Boise State,RB,rSr/2009,,,Undrafted,192,NFL Combine,5112,212,4.46,2.6,1.58,26,33,"09'08""",4.18,6.93,9 1/2,31,,Pro Day,,,,,,,4.24,6.86,60.0,64,62,55,60
Robert Brewster,Robert,Brewster,Cowboys,Ball State,OT,Sr/2009,3,11,75,153,NFL Combine,6041,325,5.34,3.09,1.85,23,30 1/2,"08'02""",4.75,7.68,9 1/4,34,,Pro Day,,,,,,,,,59.7,64,60,55,60
Mitch King,Mitch,King,Undrafted,Iowa,DT,rSr/2009,,,Undrafted,147,NFL Combine,6014,280,4.92,2.86,1.73,23,33 1/2,"09'01""",4.58,7.6,10,31 1/2,,Pro Day,4.89,2.85,1.66,25,33 1/2,"09'04""",4.4,7.55,59.7,60,64,55,60
Chip Vaughn,Chip,Vaughn,Saints,Wake Forest,SS,rSr/2009,4,16,116,67,NFL Combine,6013,221,4.51,2.63,1.58,21,37,"10'05""",4.12,7.03,9 1/4,31 3/4,,Pro Day,,,,,,,,,59.4,63,60,55,60
Quinten Lawrence,Quinten,Lawrence,Chiefs,McNeese State,WR,Sr/2009,6,2,175,249,NFL Combine,5115,184,,,,20,,,,,,,,Pro Day,4.4,2.52,1.48,21,,,,,59.4,60,60,58,60
Marquez Branson,Marquez,Branson,Undrafted,Central Arkansas,FB,Sr/2009,,,Undrafted,272,NFL Combine,6021,247,4.71,2.73,1.63,22,35,"09'01""",,,10,34 1/4,,Pro Day,4.55,2.63,1.6,,36,,4.4,7.29,59.4,60,63,55,60
Slade Norris,Slade,Norris,Raiders,Oregon State,OLB,rSr/2009,4,26,126,297,NFL Combine,6021,232,,,,,,,,,,,,Pro Day,4.65,2.61,1.59,,,,,,59.1,60,60,57,60
Xavier Fulton,Xavier,Fulton,Bucs,Illinois,OT,rSr/2009,5,19,155,142,NFL Combine,6042,302,5.04,2.93,1.74,27,31,"09'03""",4.56,7.35,10 1/8,33 1/2,,Pro Day,,,,,,,,,59.1,62,60,55,60
Jaimie Thomas,Jaimie,Thomas,Colts,Maryland,OG,rSr/2009,7,27,236,152,NFL Combine,6040,323,5.42,3.11,1.88,20,,,,,9 1/2,35,,Pro Day,,,,26,28,"08'00""",4.67,7.99,59.1,62,60,55,60
Rhett Bomar,Rhett,Bomar,Giants,Sam Houston State,QB,rSr/2009,5,15,151,89,NFL Combine,6022,225,4.82,2.83,1.74,25,,"08'10""",4.06,6.91,9,32,,Pro Day,,,,,,,,,59.0,61,61,55,60
Stanley Arnoux,Stanley,Arnoux,Saints,Wake Forest,ILB,rSr/2009,4,18,118,271,NFL Combine,6000,232,4.61,2.67,1.6,19,31 1/2,"10'01""",4.39,7.22,9 3/4,32,,Pro Day,,,,20,31,,4.37,7.02,58.6,60,60,55,60
Terrance Taylor,Terrance,Taylor,Colts,Michigan,DT,Sr/2009,4,36,136,200,NFL Combine,6000,306,5.39,3.13,1.89,37,30,"08'08""",5.06,7.78,9 3/4,33 3/8,,Pro Day,5.08,2.88,1.72,,,"09'01""",,,58.6,60,60,55,60
Kenny McKinley,Kenny,McKinley,Broncos,South Carolina,WR,Sr/2009,5,5,141,139,NFL Combine,6003,189,4.44,2.6,1.59,,37,"09'05""",4.1,6.96,,,,Pro Day,,,,,,,,,58.6,60,60,55,60
DeAngelo Smith,DeAngelo,Smith,Cowboys,Cincinnati,CB,rSr/2009,5,7,143,104,NFL Combine,5105,194,4.61,2.7,1.63,17,31 1/2,"09'01""",4.35,7.27,9,29 1/2,,Pro Day,4.52,2.64,1.5,,32,"09'07""",4.26,6.81,58.6,60,60,55,60
Marcus Freeman,Marcus,Freeman,Bears,Ohio State,OLB,rSr/2009,5,18,154,66,NFL Combine,6005,239,4.74,2.77,1.64,30,37,"09'05""",4.12,6.98,9,32,,Pro Day,4.51,2.59,1.55,,,,4.08,6.66,58.6,60,60,55,60
Mike Teel,Mike,Teel,Seahawks,Rutgers,QB,rSr/2009,6,5,178,270,NFL Combine,6030,225,,,,,,,,,,,,Pro Day,5.13,2.89,1.78,,28 1/2,"08'08""",4.59,7.65,58.6,60,60,55,60
Stephen Hodge,Stephen,Hodge,Cowboys,Texas Christian,OLB,Sr/2009,6,24,197,230,NFL Combine,5115,234,4.64,2.7,1.63,22,35,"09'07""",4.34,7.21,8 3/4,32 1/4,,Pro Day,,,,,,"10'02""",,,58.6,60,60,55,60
Jake Ingram,Jake,Ingram,Patriots,Hawaii,LS,Sr/2009,6,25,198,221,NFL Combine,6027,232,5.04,2.94,1.78,15,,,,,9,31 3/4,,Pro Day,4.9,2.84,1.66,18,30 1/2,"09'09""",4.52,,58.6,60,60,55,60
Stryker Sulak,Stryker,Sulak,Raiders,Missouri,DE,rSr/2009,6,26,199,251,NFL Combine,6044,251,4.77,2.76,1.68,22,31,"09'05""",4.58,7.31,9 3/4,33 1/2,,Pro Day,,,,,,,,,58.6,60,60,55,60
Sunny Harris,Sunny,Harris,Steelers,Michigan State,DT,rSr/2009,6,32,205,237,NFL Combine,6036,298,5.05,2.95,1.82,28,25 1/2,"08'10""",4.87,8.18,9 1/2,33 3/4,,Pro Day,4.88,2.89,1.64,,27,,4.66,,58.6,60,60,55,60
Dominique Edison,Dominique,Edison,Titans,Stephen F. Austin,WR,rSr/2009,6,33,206,199,NFL Combine,6021,204,4.47,2.62,1.63,,37,"10'00""",4.18,,,,,Pro Day,4.42,2.53,1.53,,,,,7.09,58.6,60,60,55,60
Javarris Williams,Javarris,Williams,Chiefs,Tennessee State,RB,Sr/2009,7,3,212,181,NFL Combine,5094,223,4.52,2.66,1.59,25,33 1/2,"09'08""",,,9 1/4,31 1/2,,Pro Day,,,,,,,4.73,7.26,58.6,60,60,55,60
Demetrius Byrd,Demetrius,Byrd,Chargers,LSU,WR,Sr/2009,7,15,224,229,NFL Combine,6002,199,4.42,2.6,1.57,,31 1/2,"09'09""",,,,,,Pro Day,4.43,2.56,1.48,,35 1/2,"09'09""",4.52,7.08,58.6,60,60,55,60
Blake Schlueter,Blake,Schlueter,Broncos,Texas Christian,C,rSr/2009,7,16,225,216,NFL Combine,6023,290,,,,,,,,,,,,Pro Day,4.79,2.77,1.64,28,35,"09'03""",4.28,7.42,58.6,60,60,55,60
Mike Mickens,Mike,Mickens,Cowboys,Cincinnati,CB,Sr/2009,7,18,227,69,NFL Combine,5114,184,,,,,,,,,9 5/8,31 3/4,,Pro Day,4.53,2.62,1.53,,35 1/2,"09'11""",4.17,6.94,58.6,60,60,55,60
Trevor Canfield,Trevor,Canfield,Cardinals,Cincinnati,OG,rSr/2009,7,45,254,129,NFL Combine,6044,307,5.39,3.11,1.89,29,,,,,9 1/4,32,,Pro Day,5.28,2.92,1.75,32,32,"09'01""",4.83,7.78,58.6,60,60,55,60
Pierre Walters,Pierre,Walters,Undrafted,Eastern Illinois,DE,rSr/2009,,,Undrafted,213,NFL Combine,6042,269,,,,,,,,,,,,Pro Day,,,,,,,,,58.6,60,60,55,60
Derek Walker,Derek,Walker,Undrafted,Illinois,DE,rSr/2009,,,Undrafted,217,NFL Combine,6036,268,5.12,2.91,1.76,24,37 1/2,"09'07""",4.41,7.31,10,34 1/4,,Pro Day,,,,,,,,,58.6,60,60,55,60
Everette Pedescleaux,Everette,Pedescleaux,Undrafted,Northern Iowa,DE,Sr/2009,,,Undrafted,238,NFL Combine,6053,305,,,,,,,,,,,,Pro Day,,,,22,,,,,58.6,60,60,55,60
Ian Campbell,Ian,Campbell,Undrafted,Kansas State,DE,rSr/2009,,,Undrafted,246,NFL Combine,6035,265,,,,,,"09'01""",4.28,6.93,10,32 3/4,,Pro Day,4.99,2.91,1.73,,21,,,,58.6,60,60,55,60
Orion Martin,Orion,Martin,Undrafted,Virginia Tech,DE,rSr/2009,,,Undrafted,259,NFL Combine,6022,262,4.89,2.84,1.7,24,32,"09'00""",4.63,7.9,9 1/2,32 1/2,,Pro Day,4.7,2.71,1.59,,31 1/2,"09'01""",4.53,7.21,58.6,60,60,55,60
Joshua Leonard,Joshua,Leonard,Undrafted,Michigan State,DT,Sr/2009,,,Undrafted,244,NFL Combine,6023,298,,,,,,,,,,,,Pro Day,4.93,2.88,1.64,41,31 1/2,"08'09""",4.35,7.37,58.6,60,60,55,60
Nader Abdallah,Nader,Abdallah,Undrafted,Ohio State,DT,rSr/2009,,,Undrafted,281,NFL Combine,6034,292,,,,,,,,,,,,Pro Day,,,,,,,,,58.6,60,60,55,60
John Faletoese,John,Faletoese,Undrafted,California-Davis,DT,rSr/2009,,,Undrafted,299,NFL Combine,6017,285,,,,,,,,,,,,Pro Day,5,2.81,1.69,25,30,"08'03""",4.44,,58.6,60,60,55,60
Brannan Southerland,Brannan,Southerland,Undrafted,Georgia,FB,rSr/2009,,,Undrafted,206,NFL Combine,6000,242,4.69,2.69,1.62,28,38,"10'00""",4.4,7.4,9 1/4,32 3/4,,Pro Day,,,,,,,,,58.6,60,60,55,60
Brian Toal,Brian,Toal,Undrafted,Boston College,FB,rSr/2009,,,Undrafted,226,NFL Combine,6001,228,,,,,,,,,,,,Pro Day,4.65,2.69,1.6,15,37 1/2,"10'00""",4.54,7.03,58.6,60,60,55,60
Conredge Collins,Conredge,Collins,Undrafted,Pittsburgh,FB,Sr/2009,,,Undrafted,263,NFL Combine,5111,224,,,,,,,,,,,,Pro Day,4.64,2.65,1.57,24,34 1/2,"09'00""",4.18,6.93,58.6,60,60,55,60
DeAngelo Willingham,DeAngelo,Willingham,Undrafted,Tennessee,FS,Sr/2009,,,Undrafted,194,NFL Combine,5112,217,,,,,,,,,,,,Pro Day,4.46,2.62,1.53,20,36,"10'06""",4.36,6.81,58.6,60,60,55,60
Derek Pegues,Derek,Pegues,Undrafted,Mississippi State,FS,Sr/2009,,,Undrafted,253,NFL Combine,5095,199,4.72,2.77,1.67,23,36,"09'11""",4.3,7.08,9,31 3/4,,Pro Day,4.54,2.62,1.55,,,,,,58.6,60,60,55,60
Marcus McClinton,Marcus,McClinton,Undrafted,Kentucky,FS,rSr/2009,,,Undrafted,269,NFL Combine,6002,210,4.61,2.72,1.64,16,37,"10'00""",4.22,7.45,9 1/2,33 1/8,,Pro Day,4.49,2.61,1.53,18,,,4.3,6.79,58.6,60,60,55,60
Antonio Appleby,Antonio,Appleby,Undrafted,Virginia,ILB,Sr/2009,,,Undrafted,171,NFL Combine,6034,245,,,,,,,,,,,,Pro Day,,,,24,33,,,,58.6,60,60,55,60
Frantz Joseph,Frantz,Joseph,Undrafted,Florida Atlantic,ILB,rSr/2009,,,Undrafted,197,NFL Combine,6010,242,,,,,,,,,,,,Pro Day,4.83,2.75,1.62,19,27 1/2,"09'08""",4.37,7.34,58.6,60,60,55,60
Worrell Williams,Worrell,Williams,Undrafted,California,ILB,rSr/2009,,,Undrafted,284,NFL Combine,5106,240,4.9,2.87,1.72,23,35,"09'03""",,,9 3/4,32 3/8,,Pro Day,4.75,2.7,1.61,,,,,,58.6,60,60,55,60
Andy Schantz,Andy,Schantz,Undrafted,Portland State,ILB,rSr/2009,,,Undrafted,294,NFL Combine,6007,234,,,,,,,,,,,,Pro Day,4.71,2.7,1.58,19,34,"09'08""",4.34,7.48,58.6,60,60,55,60
Louie Sakoda,Louie,Sakoda,Undrafted,Utah,K,Sr/2009,,,Undrafted,173,NFL Combine,5084,176,,,,,,,,,8 1/4,29,,Pro Day,,,,,,,,,58.6,60,60,55,60
Sam Swank,Sam,Swank,Undrafted,Wake Forest,K,rSr/2009,,,Undrafted,276,NFL Combine,6000,193,,,,,,,,,9,31 1/4,,Pro Day,,,,,,,,,58.6,60,60,55,60
Andy Kemp,Andy,Kemp,Undrafted,Wisconsin,OG,Sr/2009,,,Undrafted,207,NFL Combine,6046,313,5.5,3.22,1.97,23,25 1/2,"07'07""",4.86,7.86,10 1/2,34 1/2,,Pro Day,5.35,3.05,1.84,,27 1/2,"07'11""",4.83,,58.6,60,60,55,60
*Greg Isdaner,Greg,Isdaner,Undrafted,West Virginia,OG,rJr/2009,,,Undrafted,277,NFL Combine,6034,325,5.52,3.22,1.96,24,27,"07'08""",5.07,7.96,9 3/4,32 1/2,,Pro Day,5.28,2.99,1.78,,25 1/2,"08'06""",4.75,7.73,58.6,60,60,55,60
Brandon Walker,Brandon,Walker,Undrafted,Oklahoma,OG,Sr/2009,,,Undrafted,280,NFL Combine,6025,306,5.17,3.03,1.85,26,34,"09'01""",5.07,,10 1/4,34 1/2,,Pro Day,5.15,2.96,1.76,,34 1/2,"09'03""",4.88,8.2,58.6,60,60,55,60
Lee Robinson,Lee,Robinson,Undrafted,Alcorn State,OLB,Sr/2009,,,Undrafted,204,NFL Combine,6022,249,4.87,2.89,1.74,24,32 1/2,"09'05""",4.67,7.57,10,32 3/8,,Pro Day,4.78,2.76,1.6,,,"09'05""",4.47,7.23,58.6,60,60,55,60
Corey Smith,Corey,Smith,Undrafted,Cincinnati,OLB,Sr/2009,,,Undrafted,208,NFL Combine,6001,221,,,,,,,,,,,,Pro Day,4.65,2.62,1.59,,34 1/2,"10'03""",4.09,6.62,58.6,60,60,55,60
Rob Francois,Rob,Francois,Undrafted,Iowa State,OLB,rSr/2009,,,Undrafted,248,NFL Combine,6021,244,,,,,,,,,,,,Pro Day,4.58,2.6,1.55,23,35 1/2,"09'11""",4.31,7.1,58.6,60,60,55,60
Gerald Cadogan,Gerald,Cadogan,Undrafted,Penn State,OT,rSr/2009,,,Undrafted,79,NFL Combine,6051,309,5.12,3.05,1.87,26,25,"07'11""",4.8,8.05,9 1/2,35,,Pro Day,,,,,25,"08'03""",,,58.6,60,60,55,60
Joel Bell,Joel,Bell,Undrafted,Furman,OT,rSr/2009,,,Undrafted,156,NFL Combine,6066,315,5.15,3.02,1.84,27,30,"09'01""",4.57,7.55,10 3/8,34,,Pro Day,,,,29,,,,,58.6,60,60,55,60
Cornelius Lewis,Cornelius,Lewis,Undrafted,Tennessee State,OT,rSr/2009,,,Undrafted,184,NFL Combine,6034,332,5.35,3.08,1.88,29,24 1/2,"07'06""",,,9 5/8,33 1/2,,Pro Day,,,,31,24,"08'03""",4.95,7.96,58.6,60,60,55,60
Augustus Parrish,Augustus,Parrish,Undrafted,Kent State,OT,Sr/2009,,,Undrafted,201,NFL Combine,6040,302,5.38,3.17,1.93,21,,"06'06""",,,9 1/2,35,,Pro Day,5.29,2.99,1.78,,23 1/2,"07'08""",4.86,7.61,58.6,60,60,55,60
Andrew Hartline,Andrew,Hartline,Undrafted,Central Michigan,OT,rSr/2009,,,Undrafted,261,NFL Combine,6046,286,,,,,,,,,,,,Pro Day,,,,,,,,,58.6,60,60,55,60
Ryan Stanchek,Ryan,Stanchek,Undrafted,West Virginia,OT,rSr/2009,,,Undrafted,296,NFL Combine,6033,298,,,,,,,,,,,,Pro Day,5.31,2.93,1.73,29,27 1/2,"08'07""",4.74,7.65,58.6,60,60,55,60
Kyle Link,Kyle,Link,Undrafted,McNeese State,OT,Sr/2009,,,Undrafted,300,NFL Combine,6053,305,,,,19,,,,,10,32,,Pro Day,5.45,3.09,1.83,20,27 1/2,"07'11""",4.84,7.7,58.6,60,60,55,60
Justin Brantly,Justin,Brantly,Undrafted,Texas AM,P,Sr/2009,,,Undrafted,273,NFL Combine,6031,249,,,,,,,,,10,33,,Pro Day,,,,,,,,,58.6,60,60,55,60
John Parker Wilson,John,Parker Wilson,Undrafted,Alabama,QB,Sr/2009,,,Undrafted,134,NFL Combine,6014,219,4.87,2.8,1.69,,29 1/2,"08'09""",4.59,7.53,9 1/2,31,,Pro Day,,,,,,,,,58.6,60,60,55,60
Nathan Brown,Nathan,Brown,Undrafted,Central Arkansas,QB,rSr/2009,,,Undrafted,215,NFL Combine,6005,219,5.04,2.95,1.81,,30 1/2,"08'10""",4.44,7.43,9,30 3/4,,Pro Day,,,,,,,,,58.6,60,60,55,60
Devin Moore,Devin,Moore,Undrafted,Wyoming,RB,rSr/2009,,,Undrafted,231,NFL Combine,5095,187,,,,,,,,,,,,Pro Day,4.34,2.52,1.48,28,35,"10'09""",4.08,6.92,58.6,60,60,55,60
De'von Hall,De'von,Hall,Undrafted,Utah State,SS,Sr/2009,,,Undrafted,258,NFL Combine,6026,212,,,,,,,,,,,,Pro Day,4.48,2.59,1.57,26,39,"10'02""",4.21,6.95,58.6,60,60,55,60
Otis Wiley,Otis,Wiley,Undrafted,Michigan State,SS,Sr/2009,,,Undrafted,268,NFL Combine,6010,213,,,,,,,,,10,33,,Pro Day,4.64,2.63,1.62,9,35 1/2,"09'10""",4.34,6.97,58.6,60,60,55,60
Keith Fitzhugh,Keith,Fitzhugh,Undrafted,Mississippi State,SS,Sr/2009,,,Undrafted,293,NFL Combine,5102,210,,,,,,,,,,,,Pro Day,,,,,,,,,58.6,60,60,55,60
Jared Bronson,Jared,Bronson,Undrafted,Central Washington,TE,rSr/2009,,,Undrafted,241,NFL Combine,6037,253,4.76,2.81,1.72,,32 1/2,"09'08""",4.33,7.15,9 1/8,32 1/2,,Pro Day,,,,21,33,"09'08""",,,58.6,60,60,55,60
Aaron Kelly,Aaron,Kelly,Undrafted,Clemson,WR,rSr/2009,,,Undrafted,169,NFL Combine,6044,204,4.49,2.58,1.57,11,38,"09'11""",4.45,7.25,,,,Pro Day,,,,,,,,,58.6,60,60,55,60
Darius Passmore,Darius,Passmore,Undrafted,Marshall,WR,Sr/2009,,,Undrafted,180,NFL Combine,6003,188,4.59,2.73,1.71,,33 1/2,,,,,,,Pro Day,4.46,2.58,1.53,,,"09'03""",4.37,6.53,58.6,60,60,55,60
Jamarko Simmons,Jamarko,Simmons,Undrafted,Western Michigan,WR,rSr/2009,,,Undrafted,247,NFL Combine,6016,231,,,,,,,,,,,,Pro Day,4.5,2.62,1.54,19,33,"09'11""",4.39,7.09,58.6,60,60,55,60
*Jeremy Childs,Jeremy,Childs,Undrafted,Boise State,WR,rJr/2009,,,Undrafted,290,NFL Combine,5115,200,4.69,2.72,1.65,,33 1/2,"09'07""",4.26,6.9,,,,Pro Day,4.47,2.57,1.51,,,,4.11,,58.6,60,60,55,60
*Andrew Means,Andrew,Means,Undrafted,Indiana,WR,rJr/2009,,,Undrafted,298,NFL Combine,6005,214,4.52,2.68,1.63,12,34 1/2,"09'08""",4.21,6.85,,,,Pro Day,4.36,2.53,1.49,18,35,"10'06""",,6.89,58.6,60,60,55,60
