full_name,first_name,last_name,draft_team,college,position,class/year,round,pick,overall,ds_rank,category,ht,wt,yd40,yd20,yd10,bench,vert,broad,shut20,cone3,hand_size,arm_length,wingspan,category,yd40,yd20,yd10,bench,vert,broad,shut20,cone3,rating,madden12,madden13,madden14,madden15
*Rob Gronkowski,Rob,Gronkowski,Patriots,Arizona,TE,Jr/2010,2,10,42,46,NFL Combine,6062,264,,,,23,,,,,10 3/4,34 1/4,,Pro Day,4.68,2.68,1.58,,33 1/2,"09'11""",4.47,7.18,95.3,84,97,98,96
Ndamukong Suh,Ndamukong,Suh,Lions,Nebraska,DT,rSr/2010,1,2,2,1,NFL Combine,6037,307,5.09,2.92,1.74,32,35 1/2,"08'09""",4.44,7.21,10 1/4,32 1/2,,Pro Day,,,,,,,,,94.0,89,92,93,97
Jimmy Graham,Jimmy,Graham,Saints,Miami (FL),TE,Sr/2010,3,31,95,64,NFL Combine,6062,260,4.56,2.66,1.58,,38 1/2,"10'00""",4.45,6.9,10 5/8,35,,Pro Day,,,,15,,,4.39,,93.6,77,95,96,97
Geno Atkins,Geno,Atkins,Bengals,Georgia,DT,Sr/2010,4,22,120,134,NFL Combine,6013,293,4.85,2.86,1.75,34,33,"09'09""",4.43,7.33,9 5/8,32,,Pro Day,,,,,,,,,92.6,72,93,97,96
*Joe Haden,Joe,Haden,Browns,Florida,CB,Jr/2010,1,7,7,9,NFL Combine,5106,193,4.62,2.72,1.6,18,35,"10'05""",4.34,6.94,9 1/2,32 3/4,,Pro Day,4.43,2.6,1.54,,,,4.08,,92.1,86,92,91,95
Mike Iupati,Mike,Iupati,49ers,Idaho,OG,Sr/2010,1,17,17,19,NFL Combine,6051,331,5.31,3.06,1.84,27,27 1/2,"07'08""",4.93,7.85,10 5/8,34 3/4,,Pro Day,,,,,,,,,92.0,88,91,95,90
*Earl Thomas,Earl,Thomas,Seahawks,Texas,CB,rSo/2010,1,14,14,13,NFL Combine,5102,208,4.49,2.65,1.62,21,,"09'05""",,,9 3/8,31 1/4,,Pro Day,4.37,2.47,1.49,,32,,,,91.4,82,91,91,95
*Navorro Bowman,Navorro,Bowman,49ers,Penn State,OLB,rJr/2010,3,27,91,95,NFL Combine,6004,242,4.77,2.74,1.65,26,29 1/2,"09'07""",4.59,6.91,9 7/8,33,,Pro Day,4.62,2.66,1.6,,35 1/2,"09'09""",4.2,6.7,91.1,73,91,93,96
Devin McCourty,Devin,McCourty,Patriots,Rutgers,CB,rSr/2010,1,27,27,28,NFL Combine,5106,193,4.48,2.65,1.6,16,36,"10'06""",4.07,6.7,9,32,,Pro Day,,,,,,,,,90.9,87,83,92,94
*Dez Bryant,Dez,Bryant,Cowboys,Oklahoma State,WR,Jr/2010,1,24,24,15,NFL Combine,6020,225,,,,,,,,,9 3/4,34,,Pro Day,4.52,2.51,1.53,14,38,"11'01""",4.46,7.1,90.7,83,86,92,94
*Jason Pierre-Paul,Jason,Pierre-Paul,Giants,South Florida,DE,Jr/2010,1,15,15,23,NFL Combine,6046,270,4.78,2.76,1.68,19,30 1/2,"09'07""",4.67,7.18,10 3/8,34 3/4,,Pro Day,,,,,31 1/2,"09'09""",,,90.3,78,96,94,87
*Gerald McCoy,Gerald,McCoy,Bucs,Oklahoma,DT,rJr/2010,1,3,3,3,NFL Combine,6041,295,5.04,2.89,1.74,23,30 1/2,"09'06""",4.48,7.32,10 1/4,33 3/4,,Pro Day,,,,,,,,,90.0,81,82,91,95
Trent Williams,Trent,Williams,Redskins,Oklahoma,OT,Sr/2010,1,4,4,6,NFL Combine,6045,315,4.88,2.87,1.72,23,34 1/2,"09'05""",4.63,7.64,9 3/4,34 1/4,,Pro Day,,,,,,,4.51,7.45,90.0,80,87,89,95
T.J. Ward,T.J.,Ward,Browns,Oregon,SS,rSr/2010,2,6,38,94,NFL Combine,5104,211,4.68,2.75,1.67,19,34,"10'01""",,,9 1/4,30 3/4,,Pro Day,4.48,2.54,1.53,,,,4.12,7,89.1,85,86,90,91
*Eric Berry,Eric,Berry,Chiefs,Tennessee,FS,Jr/2010,1,5,5,4,NFL Combine,5115,211,4.47,2.64,1.58,19,43,"10'10""",4.23,6.8,9 5/8,33 1/4,,Pro Day,,,,,,,,,88.9,88,88,88,90
*Carlos Dunlap,Carlos,Dunlap,Bengals,Florida,DE,Jr/2010,2,22,54,43,NFL Combine,6056,277,4.71,2.76,1.65,21,31 1/2,"09'03""",4.61,7.21,10,34 5/8,,Pro Day,4.61,2.68,1.6,22,,"09'04""",,,88.3,85,85,89,90
Kam Chancellor,Kam,Chancellor,Seahawks,Virginia Tech,FS,Sr/2010,5,2,133,100,NFL Combine,6032,231,4.69,2.77,1.65,22,32,"09'08""",4.41,7.36,9 1/2,33,,Pro Day,4.59,2.67,1.61,,31 1/2,,,,88.1,69,89,90,93
Jared Veldheer,Jared,Veldheer,Raiders,Hillsdale,OT,Sr/2010,3,5,69,75,NFL Combine,6081,312,5.09,2.94,1.73,32,33 1/2,"09'01""",4.51,7.4,10,33,,Pro Day,,,,,,,,,87.9,81,88,90,88
*Maurkice Pouncey,Maurkice,Pouncey,Steelers,Florida,C,Jr/2010,1,18,18,16,NFL Combine,6044,304,5.29,3.07,1.83,,,"07'11""",4.92,7.74,10,32 1/2,,Pro Day,,,,25,27,,,,87.6,88,85,88,88
*Demaryius Thomas,Demaryius,Thomas,Broncos,Georgia Tech,WR,rJr/2010,1,22,22,32,NFL Combine,6032,224,,,,,,,,,10 1/2,33,,Pro Day,,,,,,,,,87.6,73,81,90,93
Sean Lee,Sean,Lee,Cowboys,Penn State,ILB,rSr/2010,2,23,55,62,NFL Combine,6021,236,4.8,2.77,1.66,24,37 1/2,"10'00""",,,8 3/4,32,,Pro Day,4.6,2.63,1.54,,,,4.16,6.89,87.0,73,88,90,89
Greg Hardy,Greg,Hardy,Panthers,Mississippi,DE,Sr/2010,6,6,175,106,NFL Combine,6040,281,4.96,2.93,1.8,21,35,"09'09""",4.65,7.25,9 3/4,34,,Pro Day,4.79,2.81,1.67,,36,"10'01""",4.62,7.13,87.0,74,79,90,92
Lamarr Houston,Lamarr,Houston,Raiders,Texas,DT,Sr/2010,2,12,44,51,NFL Combine,6026,305,4.89,2.85,1.73,30,33 1/2,"09'06""",4.71,7.61,10,33,,Pro Day,,,,,,,,,86.9,78,85,89,89
Daryl Washington,Daryl,Washington,Cardinals,Texas Christian,OLB,Sr/2010,2,15,47,41,NFL Combine,6016,230,4.66,2.74,1.63,17,31,"09'06""",,,9 1/2,34 1/2,,Pro Day,4.5,2.63,1.56,,,,,7.07,86.6,74,84,90,89
C.J. Spiller,C.J.,Spiller,Bills,Clemson,RB,Sr/2010,1,9,9,8,NFL Combine,5105,196,4.37,2.57,1.55,18,,,,,10 1/8,30 1/2,,Pro Day,,,,,36,"10'06""",,,85.9,75,80,92,85
Russell Okung,Russell,Okung,Seahawks,Oklahoma State,OT,Sr/2010,1,6,6,5,NFL Combine,6052,307,5.21,3.02,1.81,38,,,,,10 1/2,36,,Pro Day,,,,,32 1/2,"08'09""",4.8,7.79,85.6,83,80,88,86
*Reshad Jones,Reshad,Jones,Dolphins,Georgia,SS,rJr/2010,5,32,163,104,NFL Combine,6012,214,4.58,2.7,1.6,24,39 1/2,"09'10""",4.54,7.43,9,32,,Pro Day,4.5,2.64,1.63,22,,,,,85.4,70,74,92,89
*Bryan Bulaga,Bryan,Bulaga,Packers,Iowa,OT,Jr/2010,1,23,23,10,NFL Combine,6053,314,5.22,3.03,1.8,26,27 1/2,"08'02""",4.75,7.7,9 1/4,33 1/4,,Pro Day,,,,27,,,,,85.1,82,89,82,86
Jon Asamoah,Jon,Asamoah,Chiefs,Illinois,OG,Sr/2010,3,4,68,76,NFL Combine,6040,305,,,,,,,,,10 1/8,33,,Pro Day,5.07,2.95,1.73,22,28,"08'10""",4.51,7.56,84.7,75,84,88,85
Brandon Spikes,Brandon,Spikes,Patriots,Florida,ILB,Sr/2010,2,30,62,91,NFL Combine,6027,249,,,,,29,"09'03""",,6.97,10,33 3/8,,Pro Day,5.05,2.89,1.75,,,,,,84.6,79,83,86,86
*Sam Bradford,Sam,Bradford,Rams,Oklahoma,QB,rJr/2010,1,1,1,2,NFL Combine,6042,236,,,,,,,,,9 1/2,34 3/8,,Pro Day,,,,,,,,,84.3,85,80,85,85
*Derrick Morgan,Derrick,Morgan,Titans,Georgia Tech,DE,Jr/2010,1,16,16,7,NFL Combine,6030,266,4.79,2.75,1.64,,34,"09'04""",4.43,7.12,9 3/4,34 1/2,,Pro Day,,,,21,36,"09'10""",4.21,,83.9,77,74,88,86
Rodger Saffold,Rodger,Saffold,Rams,Indiana,OT,Sr/2010,2,1,33,37,NFL Combine,6045,316,5.25,3.03,1.81,27,29 1/2,"09'05""",4.67,7.42,9 3/8,33 5/8,,Pro Day,,,,,,,,,83.9,83,75,84,87
Alterraun Verner,Alterraun,Verner,Titans,UCLA,CB,Sr/2010,4,6,104,141,NFL Combine,5101,189,4.58,2.67,1.58,11,32,"09'08""",4.12,6.7,9 1/8,31,,Pro Day,4.52,2.63,1.64,11,32 1/2,"09'06""",,,83.7,78,81,83,87
Eric Decker,Eric,Decker,Broncos,Minnesota,WR,rSr/2010,3,23,87,63,NFL Combine,6031,217,,,,15,,,,,9 1/8,31,,Pro Day,,,,,,,,,83.6,69,78,87,88
*Ryan Mathews,Ryan,Mathews,Chargers,Fresno State,RB,Jr/2010,1,12,12,20,NFL Combine,5115,218,4.45,,1.55,19,36,"10'01""",4.33,7,9 1/4,31,,Pro Day,4.46,2.59,1.57,,34,,4.1,,83.3,77,87,82,84
*Mike Williams,Mike,Williams,Bucs,Syracuse,WR,Jr/2010,4,3,101,209,NFL Combine,6014,221,4.56,,1.54,8,33 1/2,"09'08""",4.31,6.9,9 1/4,32 1/2,,Pro Day,4.53,2.63,1.53,,39 1/2,"10'00""",4.19,,83.3,84,78,85,83
*Rolando McClain,Rolando,McClain,Raiders,Alabama,ILB,Jr/2010,1,8,8,11,NFL Combine,6033,254,,,,24,,,,,9 3/8,33,,Pro Day,4.68,2.72,1.62,,35,"09'01""",4.38,7.16,82.7,82,85,74,88
*Morgan Burnett,Morgan,Burnett,Packers,Georgia Tech,FS,Jr/2010,3,7,71,47,NFL Combine,6013,209,,,,16,,,,,9,31 3/4,,Pro Day,4.51,2.56,1.57,,39 1/2,11'08',3.92,6.87,82.7,77,81,85,83
*Linval Joseph,Linval,Joseph,Giants,East Carolina,DT,Jr/2010,2,14,46,54,NFL Combine,6044,328,5.1,2.98,1.8,39,30,"08'04""",4.71,8.12,10,34 1/2,,Pro Day,5.04,2.86,1.74,,31 1/2,"08'06""",4.52,7.62,82.4,69,82,84,86
Donald Butler,Donald,Butler,Chargers,Washington,ILB,Sr/2010,3,15,79,97,NFL Combine,6011,245,,,,35,,,,,9 1/2,32 5/8,,Pro Day,4.61,2.67,1.63,,35 1/2,"10'01""",4.28,6.93,82.1,70,84,85,83
Sam Shields,Sam,Shields,Undrafted,Miami (FL),CB,Sr/2010,,,Undrafted,252,NFL Combine,5106,184,,,,,,,,,,,,Pro Day,4.3,2.48,1.56,15,39,"11'01""",4.19,6.79,82.1,75,74,84,86
Dennis Pitta,Dennis,Pitta,Ravens,Brigham Young,TE,Sr/2010,4,16,114,89,NFL Combine,6044,245,4.72,2.76,1.64,27,34,"09'05""",4.17,6.72,10,32 1/4,,Pro Day,,,,,,,,,82.0,65,74,87,87
Jermaine Gresham,Jermaine,Gresham,Bengals,Oklahoma,TE,Sr/2010,1,21,21,22,NFL Combine,6052,261,4.72,2.74,1.63,20,35,"09'05""",4.53,7.07,9 5/8,34 3/4,,Pro Day,,,,,,,,,81.4,80,81,80,83
Sean Weatherspoon,Sean,Weatherspoon,Falcons,Missouri,OLB,Sr/2010,1,19,19,25,NFL Combine,6012,239,4.68,2.73,1.66,34,40,"10'03""",4.38,6.99,10 1/4,31 1/4,,Pro Day,4.52,2.62,1.58,35,,,,,81.3,75,88,83,76
*Kareem Jackson,Kareem,Jackson,Texans,Alabama,CB,Jr/2010,1,20,20,31,NFL Combine,5104,196,4.48,2.61,1.55,13,37 1/2,"09'10""",4.14,6.92,9 1/8,30,,Pro Day,,,,,,,,,80.9,75,74,85,81
Ben Tate,Ben,Tate,Texans,Auburn,RB,Sr/2010,2,26,58,86,NFL Combine,5110,220,4.43,2.64,1.53,26,40 1/2,"10'04""",4.12,6.91,9,31 1/4,,Pro Day,,,,,,,,,80.7,69,84,81,83
Dan Williams,Dan,Williams,Cardinals,Tennessee,DT,rSr/2010,1,26,26,14,NFL Combine,6020,327,5.27,3.07,1.8,27,32,"08'00""",4.87,7.88,10 1/8,33 1/2,,Pro Day,,,,,,,,,80.4,74,78,81,83
Koa Misi,Koa,Misi,Dolphins,Utah,OLB,Sr/2010,2,8,40,52,NFL Combine,6025,251,4.78,2.81,1.7,,38,"10'07""",4.27,7.07,9 7/8,32 1/2,,Pro Day,,,,,,,4.18,6.99,80.4,77,76,82,82
Tyson Alualu,Tyson,Alualu,Jags,California,DE,Sr/2010,1,10,10,40,NFL Combine,6023,295,5.02,2.82,1.73,21,35 1/2,"09'08""",4.43,7.15,10,33,,Pro Day,,,,24,,,4.28,,80.1,84,79,78,79
LeGarrette Blount,LeGarrette,Blount,Undrafted,Oregon,RB,Sr/2010,,,Undrafted,183,NFL Combine,6004,241,4.74,2.86,1.66,18,35,"09'09""",4.49,6.85,10,33 1/2,,Pro Day,4.59,2.56,1.61,,,,,,79.9,81,79,75,83
*Golden Tate,Golden,Tate,Seahawks,Notre Dame,WR,Jr/2010,2,28,60,30,NFL Combine,5102,199,4.42,,1.54,17,35,"10'00""",4.34,7.12,9 1/4,30 1/2,,Pro Day,,,,,,,,,79.7,71,75,80,84
Jared Odrick,Jared,Odrick,Dolphins,Penn State,DT,Sr/2010,1,28,28,26,NFL Combine,6050,304,5.09,2.94,1.78,26,29,"08'10""",4.59,7.22,9 3/4,34,,Pro Day,4.95,2.92,1.77,,29,,4.44,,79.4,78,80,79,80
Zane Beadles,Zane,Beadles,Broncos,Utah,OG,rSr/2010,2,13,45,130,NFL Combine,6043,310,,,,27,,,,,9 3/4,33 3/4,,Pro Day,,,,30,,,,,78.3,78,75,81,76
*Jason Worilds,Jason,Worilds,Steelers,Virginia Tech,OLB,rJr/2010,2,20,52,56,NFL Combine,6012,254,4.72,2.71,1.62,24,38,"09'06""",4.29,6.95,9 1/4,32 7/8,,Pro Day,4.49,2.53,1.53,,,"09'10""",4.13,,78.1,66,73,78,84
*Everson Griffen,Everson,Griffen,Vikings,Southern California,DE,Jr/2010,4,2,100,29,NFL Combine,6033,273,4.66,2.7,1.65,32,,,,,10,32 5/8,,Pro Day,4.6,2.66,1.63,,34,"09'07""",4.36,7.25,77.7,67,72,78,83
Emmanuel Sanders,Emmanuel,Sanders,Steelers,Southern Methodist,WR,rSr/2010,3,18,82,146,NFL Combine,5107,186,4.41,,1.49,12,39 1/2,"10'06""",4.1,6.64,9 1/4,32,,Pro Day,,,,,39,"10'06""",,,77.6,70,72,76,83
John Conner,John,Conner,Jets,Kentucky,FB,rSr/2010,5,8,139,222,NFL Combine,5111,246,4.74,2.75,1.65,24,35,"09'03""",4.32,7.15,8 1/2,32,,Pro Day,,,,,,,,,76.9,78,78,74,78
Patrick Robinson,Patrick,Robinson,Saints,Florida State,CB,Sr/2010,1,32,32,36,NFL Combine,5112,190,4.5,2.66,1.56,15,39,"10'02""",,6.78,8 1/4,30 1/2,,Pro Day,4.4,2.59,1.57,,,,4.14,6.76,76.7,73,76,78,77
Corey Peters,Corey,Peters,Falcons,Kentucky,DT,Sr/2010,3,19,83,120,NFL Combine,6032,300,5.07,2.94,1.8,,33,"08'02""",4.76,7.56,9,34,,Pro Day,4.9,2.83,1.68,26,,"08'07""",4.49,7.31,76.7,77,80,74,76
Kyle Wilson,Kyle,Wilson,Jets,Boise State,CB,rSr/2010,1,29,29,24,NFL Combine,5100,194,,,,25,,,,,9 1/8,30 1/2,,Pro Day,4.43,2.59,1.53,,38,"10'02""",4.1,6.84,76.6,74,76,78,76
Brandon LaFell,Brandon,LaFell,Panthers,LSU,WR,rSr/2010,3,14,78,77,NFL Combine,6024,211,4.65,2.75,1.64,,36,"09'07""",4.23,6.81,8 3/4,32 3/4,,Pro Day,4.54,2.6,1.58,11,,,,,76.6,71,74,77,79
Andre Roberts,Andre,Roberts,Cardinals,Citadel,WR,Sr/2010,3,24,88,112,NFL Combine,5107,195,4.46,,1.59,15,36,"10'00""",4.15,6.77,9 1/2,31 1/2,,Pro Day,,,,,,,,,76.6,66,74,78,80
Chris Cook,Chris,Cook,Vikings,Virginia,CB,Sr/2010,2,2,34,50,NFL Combine,6020,212,4.46,2.6,1.54,7,38,"11'00""",4.23,6.88,9 1/4,32 1/2,,Pro Day,,,,,,,4.15,6.85,76.4,66,74,79,79
Arthur Jones,Arthur,Jones,Ravens,Syracuse,DT,rSr/2010,5,26,157,160,NFL Combine,6032,301,,,,,,,,,10 1/4,35 1/4,,Pro Day,,,,30,,,,,76.4,60,69,77,84
Mike Neal,Mike,Neal,Packers,Purdue,DT,rSr/2010,2,24,56,167,NFL Combine,6030,294,4.95,2.84,1.7,31,33,"09'05""",4.53,7.53,10 1/4,33 1/2,,Pro Day,,,,,,,,,76.3,70,70,74,82
Earl Mitchell,Earl,Mitchell,Texans,Arizona,DT,Sr/2010,3,17,81,212,NFL Combine,6016,296,4.81,2.79,1.56,25,28 1/2,"08'11""",4.55,7.68,10 5/8,33 1/2,,Pro Day,,,,,33,"09'06""",,7.31,76.1,68,74,77,79
Brandon Graham,Brandon,Graham,Eagles,Michigan,OLB,Sr/2010,1,13,13,18,NFL Combine,6013,268,4.72,2.77,1.65,31,,,,,9 7/8,32 1/4,,Pro Day,,,,,31 1/2,"09'03""",4.25,7.01,76.0,76,73,76,77
Toby Gerhart,Toby,Gerhart,Vikings,Stanford,RB,Sr/2010,2,19,51,58,NFL Combine,6000,231,4.6,2.7,1.62,22,38,"09'10""",4.25,6.94,9 5/8,32,,Pro Day,,,,,,,,,76.0,72,75,74,79
J.D. Walton,J.D.,Walton,Broncos,Baylor,C,rSr/2010,3,16,80,157,NFL Combine,6025,300,5.24,3.05,1.84,24,27,"08'05""",4.69,7.6,9 1/4,33 3/8,,Pro Day,,,,,,,,,76.0,71,72,79,76
Zoltan Mesko,Zoltan,Mesko,Patriots,Michigan,P,rSr/2010,5,19,150,204,NFL Combine,6044,240,,,,16,,,,,10,34,,Pro Day,,,,,,,,,76.0,77,83,84,60
James Starks,James,Starks,Packers,Buffalo,RB,rSr/2010,6,24,193,156,NFL Combine,6021,218,4.5,2.69,1.61,15,36,"09'11""",4.23,6.89,9 1/2,33 3/4,,Pro Day,,,,,,,,,76.0,77,77,72,78
Darian Stewart,Darian,Stewart,Undrafted,South Carolina,SS,Sr/2010,,,Undrafted,186,NFL Combine,5110,213,4.55,2.68,1.6,12,37,"10'02""",4.32,,8 7/8,32 1/2,,Pro Day,,,,,,,4.19,6.89,75.9,66,77,77,78
Dexter McCluster,Dexter,McCluster,Chiefs,Mississippi,WR,Sr/2010,2,4,36,53,NFL Combine,5086,172,4.58,2.75,1.61,20,37 1/2,"09'10""",4.06,,8 3/8,29 1/4,,Pro Day,4.44,2.63,1.52,,,,,6.73,75.7,74,74,74,78
Tony Moeaki,Tony,Moeaki,Chiefs,Iowa,TE,rSr/2010,3,29,93,98,NFL Combine,6030,245,4.69,2.71,1.6,18,34,"09'05""",4.42,7.1,10 1/8,33 1/4,,Pro Day,4.68,2.72,1.64,20,36 1/2,"10'02""",4.38,7.05,75.7,60,76,80,77
Javier Arenas,Javier,Arenas,Chiefs,Alabama,CB,Sr/2010,2,18,50,102,NFL Combine,5085,197,,2.68,1.63,,,"09'04""",,,9 1/2,30 7/8,,Pro Day,,,,,,,,,75.6,73,76,76,76
Jerry Hughes,Jerry,Hughes,Colts,Texas Christian,OLB,Sr/2010,1,31,31,27,NFL Combine,6016,255,4.69,2.75,1.67,26,34 1/2,"09'10""",4.15,6.99,9 3/4,33,,Pro Day,,,,,,,,,75.0,68,64,72,83
Willie Young,Willie,Young,Lions,North Carolina State,DE,rSr/2010,7,6,213,182,NFL Combine,6046,251,4.92,2.83,1.71,25,38,"09'10""",4.56,7.24,10 1/4,34 1/2,,Pro Day,4.83,2.89,1.73,,,"10'00""",,7.47,75.0,62,75,74,80
Ed Dickson,Ed,Dickson,Ravens,Oregon,TE,rSr/2010,3,6,70,81,NFL Combine,6042,249,4.67,2.74,1.65,23,34,"09'07""",4.59,7.32,9 3/4,33,,Pro Day,4.61,2.64,1.6,25,33,"10'02""",,,74.9,72,77,77,72
O'Brien Schofield,O'Brien,Schofield,Cardinals,Wisconsin,OLB,rSr/2010,4,32,130,118,NFL Combine,6022,221,,,,,,,,,9 1/4,32 3/8,,Pro Day,,,,,,,,,74.7,70,75,76,75
Shawn Lauvao,Shawn,Lauvao,Browns,Arizona State,OG,rSr/2010,3,28,92,163,NFL Combine,6027,315,5.27,3.06,1.85,33,26 1/2,"08'05""",4.51,7.56,9 1/2,33,,Pro Day,5.16,2.99,1.83,,31,"08'09""",,,74.6,72,72,75,76
Darrell Stuckey,Darrell,Stuckey,Chargers,Kansas,SS,rSr/2010,4,12,110,113,NFL Combine,5114,205,4.51,2.65,1.6,17,39 1/2,"10'00""",,,9 3/4,31,,Pro Day,,,,,,,,,74.6,74,72,74,76
Sean Lissemore,Sean,Lissemore,Cowboys,William & Mary,DT,rSr/2010,7,27,234,239,NFL Combine,6034,298,,,,,,,,,,,,Pro Day,4.91,2.89,1.7,36,30,"09'03""",4.52,7.57,74.6,63,76,76,77
Joique Bell,Joique,Bell,Undrafted,Wayne State (MI),RB,rSr/2010,,,Undrafted,240,NFL Combine,5112,220,4.71,2.75,1.62,,36 1/2,"10'00""",4.17,6.84,9,31 1/2,,Pro Day,4.68,2.68,1.62,16,,,,,74.6,60,58,76,84
John Jerry,John,Jerry,Dolphins,Mississippi,OT,Sr/2010,3,9,73,84,NFL Combine,6053,328,5.15,3.05,1.83,,27 1/2,"08'05""",4.69,7.93,9 3/4,34,,Pro Day,,,,31,,,,,74.4,76,69,75,75
Colt McCoy,Colt,McCoy,Browns,Texas,QB,rSr/2010,3,21,85,39,NFL Combine,6011,216,4.79,2.76,1.66,,,"09'06""",,,9 3/8,31,,Pro Day,,,,,,,,,74.4,77,75,73,73
Terrence Cody,Terrence,Cody,Ravens,Alabama,DT,Sr/2010,2,25,57,42,NFL Combine,6035,354,5.71,3.26,1.98,,20 1/2,"07'06""",5.03,8.19,11,34 1/4,,Pro Day,5.62,3.28,1.95,22,22,"07'09""",,,74.1,71,77,74,73
Jacoby Ford,Jacoby,Ford,Raiders,Clemson,WR,Sr/2010,4,10,108,127,NFL Combine,5087,186,4.28,2.5,1.48,15,33 1/2,"09'07""",4.44,7,9 1/4,30 1/2,,Pro Day,,,,,,,,,74.0,74,75,74,73
Cam Thomas,Cam,Thomas,Chargers,North Carolina,DT,rSr/2010,5,15,146,67,NFL Combine,6040,330,5.35,3,1.78,31,29,"08'06""",4.78,7.68,10 1/2,34 3/4,,Pro Day,5.14,2.94,1.78,,26,,4.98,7.66,74.0,60,72,76,78
Nate Allen,Nate,Allen,Eagles,South Florida,FS,Sr/2010,2,5,37,44,NFL Combine,6004,207,,,,16,,,,,9 3/8,31,,Pro Day,,,,,34 1/2,"09'06""",4.3,6.96,73.9,77,78,69,73
*Arrelious Benn,Arrelious,Benn,Bucs,Illinois,WR,Jr/2010,2,7,39,49,NFL Combine,6010,219,4.59,2.66,1.57,20,37,"09'10""",,,9 3/8,32 1/4,,Pro Day,4.42,2.6,1.52,,37 1/2,"10'01""",4.32,6.78,73.9,76,73,73,73
Garrett Graham,Garrett,Graham,Texans,Wisconsin,TE,rSr/2010,4,20,118,144,NFL Combine,6031,243,4.78,2.82,1.71,20,34 1/2,"09'04""",4.35,7.09,9 1/2,32,,Pro Day,,,,,,,,,73.9,67,64,78,76
Shelley Smith,Shelley,Smith,Texans,Colorado State,OG,rSr/2010,6,18,187,273,NFL Combine,6027,300,5.11,2.97,1.77,26,34,"09'04""",4.71,7.67,9 1/4,32 1/8,,Pro Day,,,,,,,,,73.9,65,67,74,79
J'Marcus Webb,J'Marcus,Webb,Bears,West Texas AM,OT,Sr/2010,7,11,218,266,NFL Combine,6073,328,,,,,,,,,,,,Pro Day,5.28,2.93,1.76,17,26,"08'05""",4.8,7.82,73.9,75,69,77,71
Riley Cooper,Riley,Cooper,Eagles,Florida,WR,Sr/2010,5,28,159,147,NFL Combine,6033,222,4.56,2.64,1.6,,33,"09'06""",,,10 3/8,32 5/8,,Pro Day,,,,,,,4.15,6.73,73.7,64,69,70,81
Charles Brown,Charles,Brown,Saints,Southern California,OT,rSr/2010,2,32,64,33,NFL Combine,6053,303,,,,21,31 1/2,,,,11 3/8,35 1/4,,Pro Day,5.21,2.95,1.76,20,32,"08'05""",,,73.4,70,78,74,70
Darryl Sharpton,Darryl,Sharpton,Texans,Miami (FL),ILB,rSr/2010,4,4,102,234,NFL Combine,5113,236,4.83,2.81,1.7,24,,,4.42,7.19,9 7/8,32 1/2,,Pro Day,4.74,2.69,1.66,26,31,"10'01""",4.24,7.07,73.4,68,75,73,75
Andrew Quarless,Andrew,Quarless,Packers,Penn State,TE,Sr/2010,5,23,154,184,NFL Combine,6043,254,4.69,2.8,1.7,23,32,"09'04""",,,10 1/4,34,,Pro Day,4.57,2.69,1.58,,,"09'11""",4.57,7.29,73.0,68,70,75,74
Anthony McCoy,Anthony,McCoy,Seahawks,Southern California,TE,Sr/2010,6,16,185,116,NFL Combine,6044,259,4.78,2.81,1.67,19,35 1/2,"09'05""",4.57,6.99,10 3/8,34,,Pro Day,,,,,,,,,73.0,63,65,77,76
Taylor Mays,Taylor,Mays,49ers,Southern California,FS,Sr/2010,2,17,49,17,NFL Combine,6031,230,4.43,2.58,1.56,24,41,"10'05""",,,10 1/4,34,,Pro Day,,,,,,,4.24,6.98,72.9,71,71,74,73
Ted Larsen,Ted,Larsen,Patriots,North Carolina State,C,rSr/2010,6,36,205,140,NFL Combine,6025,304,5.27,3.06,1.85,26,24,"08'00""",4.66,7.81,9 3/4,32,,Pro Day,,,,,26,,4.62,,72.9,73,69,73,74
Pat Angerer,Pat,Angerer,Colts,Iowa,ILB,rSr/2010,2,31,63,164,NFL Combine,6002,235,4.77,2.8,1.7,26,35,"09'02""",4.29,7.04,9 1/8,30 1/2,,Pro Day,4.64,2.72,1.58,,39,"09'03""",4.23,,72.7,75,80,77,60
Alex Carrington,Alex,Carrington,Bills,Arkansas State,DE,rSr/2010,3,8,72,59,NFL Combine,6052,285,4.92,2.9,1.76,26,,,,,10 1/2,33 1/4,,Pro Day,4.93,2.73,1.68,,33,"10'02""",4.81,7.64,72.7,68,71,71,76
*Jonathan Dwyer,Jonathan,Dwyer,Steelers,Georgia Tech,RB,Jr/2010,6,19,188,72,NFL Combine,5112,229,4.68,2.79,1.68,15,33,"08'11""",4.67,7.56,8 5/8,31,,Pro Day,4.51,2.64,1.69,18,,,4.29,7.31,72.4,60,67,76,76
Jamar Chaney,Jamar,Chaney,Eagles,Mississippi State,ILB,rSr/2010,7,13,220,148,NFL Combine,6006,242,4.54,2.66,1.59,26,39,"10'04""",4.29,6.9,9 7/8,33 1/2,,Pro Day,4.56,2.62,1.54,,,,,,72.1,69,76,70,72
*Jahvid Best,Jahvid,Best,Lions,California,RB,Jr/2010,1,30,30,38,NFL Combine,5101,199,4.35,2.55,1.51,18,32 1/2,"09'05""",4.17,6.75,9,31 3/4,,Pro Day,,,,,,,,,72.0,80,81,71,60
Vladimir Ducasse,Vladimir,Ducasse,Jets,Massachusetts,OT,Sr/2010,2,29,61,48,NFL Combine,6043,332,5.27,3.04,1.77,29,26,"07'07""",4.97,8.25,9 5/8,34 3/4,,Pro Day,,,,28,27,"08'08""",4.72,7.87,71.9,71,71,71,73
Clay Harbor,Clay,Harbor,Eagles,Missouri State,FB,Sr/2010,4,27,125,119,NFL Combine,6025,252,4.69,2.74,1.66,30,40,"10'00""",4.37,,9 1/2,32 5/8,,Pro Day,4.58,2.69,1.65,,,,4.36,7.12,71.6,66,71,74,71
Arthur Moats,Arthur,Moats,Bills,James Madison,OLB,rSr/2010,6,9,178,166,NFL Combine,6002,246,4.66,2.67,1.61,24,36 1/2,"10'02""",4.37,7.22,8 5/8,33 3/4,,Pro Day,,,,,,,,,71.6,70,69,70,74
Kavell Conner,Kavell,Conner,Colts,Clemson,OLB,rSr/2010,7,33,240,179,NFL Combine,6004,242,4.63,2.71,1.63,24,33 1/2,"09'02""",4.6,7.36,9 1/2,32 3/4,,Pro Day,,,,,,,,,71.6,65,73,73,72
Michael Hoomanawanui,Michael,Hoomanawanui,Rams,Illinois,TE,Sr/2010,5,1,132,201,NFL Combine,6035,264,,,,25,,,,,10 1/8,33,,Pro Day,4.77,2.76,1.67,,32 1/2,"09'02""",4.52,7.67,71.4,67,70,73,72
Kurt Coleman,Kurt,Coleman,Eagles,Ohio State,SS,Sr/2010,7,37,244,136,NFL Combine,5102,192,,,,19,,,,,9 1/8,30 3/4,,Pro Day,4.55,2.64,1.53,,34 1/2,"10'02""",4.15,6.81,71.4,68,74,70,72
*Amari Spievey,Amari,Spievey,Lions,Iowa,CB,rJr/2010,3,2,66,92,NFL Combine,5107,195,4.52,2.63,1.56,,35,"09'08""",,,9 5/8,32,,Pro Day,4.53,2.63,1.57,6,34 1/2,"10'00""",4.38,6.89,71.3,73,77,76,60
*Major Wright,Major,Wright,Bears,Florida,FS,Jr/2010,3,11,75,133,NFL Combine,5114,206,4.48,2.6,1.55,14,37 1/2,"09'11""",4.36,6.95,9 3/4,31,,Pro Day,,,,,,"09'08""",,,71.3,68,77,60,78
*Damian Williams,Damian,Williams,Titans,Southern California,WR,rJr/2010,3,13,77,55,NFL Combine,6005,197,4.52,,1.57,19,38,"09'10""",4.24,6.79,9 1/4,31 3/4,,Pro Day,,,,,,,,,71.3,67,72,72,72
*Aaron Hernandez,Aaron,Hernandez,Patriots,Florida,TE,Jr/2010,4,15,113,83,NFL Combine,6023,245,,,,,,,,,9 3/4,32 1/4,,Pro Day,4.64,2.71,1.65,30,33,"09'03""",4.18,6.83,71.1,82,88,60,60
Dekoda Watson,Dekoda,Watson,Bucs,Florida State,OLB,Sr/2010,7,10,217,110,NFL Combine,6013,240,4.56,2.63,1.58,24,40,"11'02""",4.11,7.06,8 3/4,32 3/4,,Pro Day,4.4,2.6,1.54,,,,,6.82,71.1,61,69,70,76
Tim Tebow,Tim,Tebow,Broncos,Florida,QB,Sr/2010,1,25,25,35,NFL Combine,6026,236,4.72,2.72,1.61,,38 1/2,"09'07""",4.17,6.66,10 1/8,31 3/4,,Pro Day,,,,,,,,,71.0,77,77,73,60
Joe Hawley,Joe,Hawley,Falcons,UNLV,C,rSr/2010,4,19,117,213,NFL Combine,6032,297,5.28,3.05,1.82,35,26,"08'09""",4.73,7.5,10 5/8,33 1/8,,Pro Day,,,,,31 1/2,"08'11""",,,70.7,68,68,70,73
Mike Kafka,Mike,Kafka,Eagles,Northwestern,QB,rSr/2010,4,24,122,195,NFL Combine,6031,225,5.04,2.9,1.73,,32,"09'02""",4.37,6.96,9 1/4,33 1/2,,Pro Day,4.81,2.73,1.69,,32 1/2,,4.1,6.78,70.7,67,72,71,71
Marshall Newhouse,Marshall,Newhouse,Packers,Texas Christian,OG,Sr/2010,5,38,169,142,NFL Combine,6036,319,5,2.94,1.78,25,25,"08'01""",4.6,7.4,10 1/4,34,,Pro Day,,,,,,,,,70.7,61,73,75,68
Brandon Deaderick,Brandon,Deaderick,Patriots,Alabama,DT,rSr/2010,7,40,247,233,NFL Combine,6037,314,,,,,,,,,9 3/8,34 3/8,,Pro Day,,,,,,,,,70.7,67,75,73,66
Jermaine Cunningham,Jermaine,Cunningham,Patriots,Florida,DE,Sr/2010,2,21,53,109,NFL Combine,6033,266,,,,,,,,,10 3/8,33 3/4,,Pro Day,4.89,2.77,1.6,,35,"09'10""",,,70.6,75,70,68,69
Perry Riley,Perry,Riley,Redskins,LSU,OLB,Sr/2010,4,5,103,132,NFL Combine,6010,239,4.72,2.78,1.67,,35 1/2,"09'11""",4.25,6.97,9 1/2,32 1/2,,Pro Day,,,,17,,,,,70.6,60,79,78,60
Austen Lane,Austen,Lane,Jags,Murray State (OK),DE,Sr/2010,5,22,153,87,NFL Combine,6056,276,4.91,2.86,1.74,,34 1/2,"10'05""",4.6,7.38,10 1/8,33 3/8,,Pro Day,4.89,2.83,1.75,20,,,4.44,,70.6,64,72,72,71
A.J. Jefferson,A.J.,Jefferson,Undrafted,Fresno State,CB,Sr/2010,,,Undrafted,194,NFL Combine,6001,193,4.51,2.65,1.59,7,44,"10'06""",4,6.72,9 1/4,32 1/2,,Pro Day,,,,,,,,,70.6,60,74,71,72
C.J. Wilson,C.J.,Wilson,Panthers,East Carolina,DE,Sr/2010,7,16,226,126,NFL Combine,6027,290,4.93,2.84,1.73,32,33,"09'08""",4.77,,10,33 1/8,,Pro Day,,,,,,,4.5,7.65,70.4,61,69,72,73
Corey Wootton,Corey,Wootton,Bears,Northwestern,DE,rSr/2010,4,11,109,70,NFL Combine,6060,270,,,,20,,,,,10 1/4,34 3/4,,Pro Day,4.92,2.79,1.66,,32,"09'00""",4.28,7,70.3,76,72,60,74
Jerome Murphy,Jerome,Murphy,Rams,South Florida,CB,rSr/2010,3,1,65,60,NFL Combine,6002,196,4.58,2.72,1.65,16,38,"10'07""",4.05,6.87,9,32 1/4,,Pro Day,4.51,2.62,1.63,,,,,,70.1,69,71,70,70
Perrish Cox,Perrish,Cox,Broncos,Oklahoma State,CB,Sr/2010,5,6,137,111,NFL Combine,5113,195,4.63,2.73,1.65,12,32 1/2,"09'05""",,,8 3/8,30,,Pro Day,4.56,2.62,1.58,,,,4.2,6.82,70.1,66,70,71,71
Anthony Dixon,Anthony,Dixon,49ers,Mississippi State,RB,Sr/2010,6,4,173,105,NFL Combine,6006,233,4.75,2.83,1.71,15,33,"10'01""",4.49,7.09,9 3/4,32 5/8,,Pro Day,4.59,2.7,1.62,15,32 1/2,"09'10""",4.45,7.22,70.1,68,68,68,73
Sam Young,Sam,Young,Cowboys,Notre Dame,OT,Sr/2010,6,10,179,155,NFL Combine,6075,316,5.24,3.02,1.78,29,29 1/2,"08'08""",4.87,7.73,10 1/8,34 1/2,,Pro Day,,,,,,"09'01""",,,70.0,67,69,72,69
Jason Fox,Jason,Fox,Lions,Miami (FL),OT,Sr/2010,4,30,128,191,NFL Combine,6067,303,,,,23,,,,,9 1/2,34 1/2,,Pro Day,5.45,3.1,1.88,25,29 1/2,"08'05""",,,69.9,68,64,69,73
Jordan Shipley,Jordan,Shipley,Bengals,Texas,WR,rSr/2010,3,20,84,79,NFL Combine,5112,193,4.64,,1.6,16,36 1/2,"09'08""",,,9 5/8,30 1/2,,Pro Day,4.52,2.65,1.6,,36 1/2,"10'00""",4.22,6.92,69.7,74,74,73,60
Robert McClain,Robert,McClain,Panthers,Connecticut,CB,Sr/2010,7,42,249,226,NFL Combine,5093,195,,,,,,,,,,,,Pro Day,4.51,2.58,1.6,23,38 1/2,"09'10""",,,69.6,60,59,73,74
Jeromy Miles,Jeromy,Miles,Undrafted,Massachusetts,SS,rSr/2010,,,Undrafted,230,NFL Combine,6020,210,,,,,,,,,,,,Pro Day,4.45,2.52,1.53,13,35 1/2,"10'10""",4.2,6.72,69.6,64,68,71,71
Brandon Ghee,Brandon,Ghee,Bengals,Wake Forest,CB,rSr/2010,3,32,96,57,NFL Combine,5115,192,4.45,2.62,1.56,15,37,"10'07""",4.07,6.75,10 1/2,32 1/2,,Pro Day,,,,,,"10'02""",3.98,,69.3,68,68,68,71
*Joe McKnight,Joe,McKnight,Jets,Southern California,RB,Jr/2010,4,14,112,123,NFL Combine,5113,198,4.47,2.65,1.57,18,36 1/2,"10'00""",,,9 1/8,31 3/4,,Pro Day,,,,,,"09'11""",4.48,7.12,69.1,62,73,69,69
Donald Jones,Donald,Jones,Undrafted,Youngstown State,WR,Sr/2010,,,Undrafted,267,NFL Combine,6003,214,4.54,2.62,1.57,20,41,"09'11""",4.2,6.9,9,32,,Pro Day,,,,,,,,,69.1,60,73,77,60
Eric Olsen,Eric,Olsen,Broncos,Notre Dame,C,Sr/2010,6,14,183,176,NFL Combine,6037,306,5.3,3.12,1.9,35,29 1/2,"07'09""",4.82,7.5,9 1/4,32 1/2,,Pro Day,,,,,,,,,68.9,64,70,70,69
David Gettis,David,Gettis,Panthers,Baylor,WR,Sr/2010,6,29,198,236,NFL Combine,6030,217,4.51,2.65,1.58,15,34 1/2,"10'04""",4.41,6.94,10,34,,Pro Day,4.39,2.59,1.56,,,,,,68.6,74,72,70,60
Montario Hardesty,Montario,Hardesty,Browns,Tennessee,RB,rSr/2010,2,27,59,66,NFL Combine,5116,225,4.49,2.69,1.56,21,41,"10'04""",4.14,6.87,9 1/2,31,,Pro Day,,,,,,,,,68.4,71,72,72,60
Kyle Williams,Kyle,Williams,49ers,Arizona State,WR,Sr/2010,6,37,206,228,NFL Combine,5100,188,4.43,,1.55,11,33,"09'10""",4.19,7,9 1/8,30,,Pro Day,4.34,2.59,1.56,,37,"10'00""",4.22,,68.4,52,69,72,71
Levi Brown,Levi,Brown,Bills,Troy,QB,rSr/2010,7,2,209,150,NFL Combine,6034,229,4.99,2.88,1.73,20,31 1/2,"08'10""",4.43,7.07,9,31 1/2,,Pro Day,4.82,2.82,1.72,,34 1/2,"08'11""",4.41,7.25,68.4,63,74,74,60
*Jimmy Clausen,Jimmy,Clausen,Panthers,Notre Dame,QB,Jr/2010,2,16,48,12,NFL Combine,6025,222,,,,,,,,,9,30 3/4,,Pro Day,,,,,,,,,68.3,70,68,68,67
Chris Scott,Chris,Scott,Steelers,Tennessee,OG,rSr/2010,5,20,151,297,NFL Combine,6045,319,5.55,3.2,1.93,19,22 1/2,"07'06""",5.03,8.24,10 3/8,34 1/8,,Pro Day,,,,,,,,,68.3,60,69,68,71
George Selvie,George,Selvie,Rams,South Florida,DE,rSr/2010,7,19,226,218,NFL Combine,6043,252,5.01,2.89,1.7,24,30 1/2,"09'01""",4.63,7.48,9 3/8,34 1/2,,Pro Day,4.9,2.9,1.77,,,,,,68.0,62,63,60,77
Chris DeGeare,Chris,DeGeare,Undrafted,Wake Forest,OG,Sr/2010,,,Undrafted,214,NFL Combine,6035,325,5.16,2.96,1.73,27,32 1/2,"08'07""",4.9,7.84,9 3/4,34,,Pro Day,,,,,,,,,68.0,73,70,70,60
Armanti Edwards,Armanti,Edwards,Panthers,Appalachian State,WR,Sr/2010,3,25,89,161,NFL Combine,5107,187,,,,,,,,,9 1/2,32 1/4,,Pro Day,4.41,2.5,1.53,13,34 1/2,"10'03""",4.19,6.74,67.9,63,64,66,72
Cody Grimm,Cody,Grimm,Bucs,Virginia Tech,SS,rSr/2010,7,3,210,235,NFL Combine,5107,203,4.64,2.7,1.6,11,35 1/2,"09'09""",,6.58,9 5/8,30 1/2,,Pro Day,4.48,2.55,1.59,,,,4.02,,67.6,70,70,71,60
Mitch Unrein,Mitch,Unrein,Undrafted,Wyoming,DE,rSr/2010,,,Undrafted,250,NFL Combine,6035,276,,,,,,,,,,,,Pro Day,4.89,2.84,1.66,26,31,"08'09""",4.49,7.2,67.6,60,62,66,73
Torell Troup,Torell,Troup,Bills,Central Florida,DT,Sr/2010,2,9,41,65,NFL Combine,6026,314,5.17,2.98,1.8,34,29,"08'02""",4.73,7.61,9 7/8,34,,Pro Day,,,,,,,,,67.4,66,66,68,68
Mike Johnson,Mike,Johnson,Falcons,Alabama,OG,rSr/2010,3,34,98,125,NFL Combine,6052,312,5.39,3.14,1.89,,25,"07'07""",5.01,8.15,9 3/4,32 1/2,,Pro Day,5.31,3.04,1.82,21,,,5.05,8.16,67.4,67,65,68,68
Al Woods,Al,Woods,Saints,LSU,DT,Sr/2010,4,25,123,82,NFL Combine,6035,309,5.2,3.02,1.84,,37,"09'01""",4.67,7.45,11,36,,Pro Day,4.98,2.9,1.71,23,,"09'00""",,,67.3,63,59,65,73
John Skelton,John,Skelton,Cardinals,Fordham,QB,Sr/2010,5,24,155,128,NFL Combine,6053,243,4.85,2.78,1.61,,33 1/2,"09'00""",4.33,7.17,9 3/4,32,,Pro Day,,,,,,,,,67.3,69,74,67,60
Adrian Tracy,Adrian,Tracy,Giants,William & Mary,OLB,rSr/2010,6,15,184,219,NFL Combine,6025,248,4.76,2.75,1.66,20,35 1/2,"09'02""",4.34,7.08,9 1/2,33 1/2,,Pro Day,,,,,,,,,67.3,64,67,68,68
Vincent Rey,Vincent,Rey,Undrafted,Duke,ILB,Sr/2010,,,Undrafted,268,NFL Combine,6020,240,,,,,,,,,,,,Pro Day,4.58,2.59,1.59,20,38 1/2,"10'06""",4.28,6.89,67.3,60,60,66,73
*Dominique Franks,Dominique,Franks,Falcons,Oklahoma,CB,rJr/2010,5,4,135,61,NFL Combine,5110,194,4.56,2.67,1.61,10,33 1/2,"09'09""",4.33,7.32,9 3/4,31 1/2,,Pro Day,4.47,2.58,1.59,,,,,,67.1,63,71,72,60
*Bruce Campbell,Bruce,Campbell,Raiders,Maryland,OT,Jr/2010,4,8,106,45,NFL Combine,6063,314,4.85,2.84,1.71,34,32,"08'05""",4.69,7.58,10 1/2,36 1/4,,Pro Day,,,,,,,,,67.0,71,69,69,60
Chris Maragos,Chris,Maragos,Undrafted,Wisconsin,FS,rSr/2010,,,Undrafted,237,NFL Combine,5105,200,,,,,,,,,,,,Pro Day,4.49,2.55,1.53,15,36,"10'01""",3.98,6.52,66.9,62,63,65,71
*Thaddeus Gibson,Thaddeus,Gibson,Steelers,Ohio State,OLB,rJr/2010,4,18,116,71,NFL Combine,6020,243,4.79,2.79,1.69,32,32,"09'07""",4.27,6.84,8 3/4,33,,Pro Day,4.58,2.67,1.53,,,,,,66.6,64,72,69,60
Nolan Carroll,Nolan,Carroll,Dolphins,Maryland,CB,rSr/2010,5,14,145,198,NFL Combine,5114,204,,,,,,,,,9 1/4,31,,Pro Day,4.42,2.55,1.53,17,37 1/2,"10'03""",4.21,6.81,66.4,64,65,72,60
D'Anthony Smith,D'Anthony,Smith,Jags,Louisiana Tech,DT,Sr/2010,3,10,74,124,NFL Combine,6021,304,,,,,,,,,10,32 3/8,,Pro Day,5.01,2.91,1.77,28,35 1/2,"09'05""",4.58,7.42,66.1,64,65,65,68
Walter Thurmond,Walter,Thurmond,Seahawks,Oregon,CB,rSr/2010,4,13,111,115,NFL Combine,5106,189,,,,,,,,,9 5/8,32 3/4,,Pro Day,,,,14,,,,,66.1,60,67,72,60
Albert McClellan,Albert,McClellan,Undrafted,Marshall,ILB,rSr/2010,,,Undrafted,289,NFL Combine,6010,247,4.81,2.81,1.72,26,36 1/2,"09'11""",4.21,7.24,9 3/4,33,,Pro Day,,,,27,,,,,66.1,60,58,69,69
Larry Asante,Larry,Asante,Browns,Nebraska,SS,Sr/2010,5,29,160,158,NFL Combine,6000,212,4.79,2.83,1.66,14,37 1/2,"09'10""",4.17,7,9,31 1/2,,Pro Day,4.63,2.67,1.6,,,,,,66.0,64,71,68,60
*Dezmon Briscoe,Dezmon,Briscoe,Bengals,Kansas,WR,Jr/2010,6,22,191,159,NFL Combine,6020,207,4.71,2.72,1.65,9,33,"09'07""",4.57,7.1,9 1/2,33 1/2,,Pro Day,4.51,2.58,1.65,11,34,"10'05""",4.15,7.1,66.0,62,72,68,60
Joe Webb,Joe,Webb,Vikings,Alabama-Birmingham,WR,rSr/2010,6,30,199,139,NFL Combine,6026,223,,,,,,,,,,,,Pro Day,4.44,2.55,1.54,21,42 1/2,"11'05""",4.04,6.71,66.0,66,67,64,67
Crezdon Butler,Crezdon,Butler,Steelers,Clemson,CB,Sr/2010,5,33,164,264,NFL Combine,5116,191,4.49,2.61,1.57,17,39 1/2,"10'01""",4.23,7.08,8 3/4,32,,Pro Day,,,,,,,,,65.9,60,60,67,69
Deji Karim,Deji,Karim,Jags,Southern Illinois,RB,Sr/2010,6,11,180,208,NFL Combine,5085,209,,,,,,,,,,,,Pro Day,4.4,2.45,1.45,19,43,"10'03""",4.33,6.95,65.9,66,68,69,60
Selvish Capers,Selvish,Capers,Redskins,West Virginia,OT,rSr/2010,7,24,231,108,NFL Combine,6045,308,5.14,2.98,1.76,19,30 1/2,"08'10""",4.68,7.68,10,34,,Pro Day,5.08,2.94,1.74,22,31,"08'11""",4.51,7.44,65.9,63,65,71,60
Ed Wang,Ed,Wang,Bills,Virginia Tech,OT,rSr/2010,5,9,140,96,NFL Combine,6046,314,5.2,3,1.78,29,27,"08'00""",4.7,,10 1/4,33 3/4,,Pro Day,5.09,2.95,1.78,,28,"08'07""",4.72,7.94,65.7,60,73,67,60
Ramon Harewood,Ramon,Harewood,Ravens,Morehouse,OT,Sr/2010,6,25,194,143,NFL Combine,6062,341,,,,,,,,,,,,Pro Day,5.11,2.95,1.83,22,24,"09'03""",,,65.7,62,56,74,60
*Brian Price,Brian,Price,Bucs,UCLA,DT,Jr/2010,2,3,35,34,NFL Combine,6011,303,5.19,2.98,1.81,34,28 1/2,"08'00""",,,9 1/2,32 1/4,,Pro Day,,,,,,,,,65.6,71,74,60,60
Robert Johnson,Robert,Johnson,Titans,Utah,FS,Sr/2010,5,17,148,193,NFL Combine,6021,203,,,,,,,,,,,,Pro Day,4.58,2.67,1.63,13,33,"09'07""",4.12,6.56,65.6,66,66,69,60
Keiland Williams,Keiland,Williams,Undrafted,LSU,RB,Sr/2010,,,Undrafted,203,NFL Combine,5107,233,,,,,,,,,8 3/4,30,,Pro Day,4.52,2.64,1.51,16,33,,,,65.6,65,69,68,60
Marcus Easley,Marcus,Easley,Bills,Connecticut,WR,rSr/2010,4,9,107,90,NFL Combine,6026,210,4.46,2.59,1.54,16,34,"10'03""",4.6,6.94,8 1/2,32 3/4,,Pro Day,,,,,37 1/2,,,,65.4,64,66,66,65
Hall Davis,Hall,Davis,Rams,Louisiana,DE,rSr/2010,5,18,149,149,NFL Combine,6036,271,4.9,2.85,1.73,28,,,,,9 7/8,34 3/8,,Pro Day,4.89,2.77,1.69,27,34 1/2,"09'06""",4.63,7.53,65.4,63,63,64,68
*Clifton Geathers,Clifton,Geathers,Browns,South Carolina,DE,Jr/2010,6,17,186,131,NFL Combine,6074,299,4.98,2.9,1.75,26,36,"09'04""",,7.69,11 1/8,37 3/4,,Pro Day,,,,,,,4.72,7.2,65.4,60,62,66,68
Myron Lewis,Myron,Lewis,Bucs,Vanderbilt,FS,Sr/2010,3,3,67,93,NFL Combine,6015,203,4.51,2.65,1.56,10,37,"10'06""",,,9 5/8,34,,Pro Day,,,,,,,4.2,6.9,65.1,66,68,67,60
Seyi Ajirotutu,Seyi,Ajirotutu,Undrafted,Fresno State,WR,rSr/2010,,,Undrafted,293,NFL Combine,6033,204,4.65,2.66,1.6,14,36,"09'07""",4.39,7.22,9 3/8,32 5/8,,Pro Day,4.61,2.72,1.64,,,,4.47,7.06,65.1,66,66,60,68
Matt Tennant,Matt,Tennant,Saints,Boston College,C,rSr/2010,5,27,158,114,NFL Combine,6045,300,5.16,3,1.81,27,25,"08'02""",4.62,7.6,9 1/2,32 1/4,,Pro Day,,,,,,,,,65.0,65,70,65,60
Shann Schillinger,Shann,Schillinger,Falcons,Montana,FS,Sr/2010,6,2,171,247,NFL Combine,5115,202,,,,,,,,,,,,Pro Day,4.5,2.61,1.57,21,37,"09'11""",4.29,7.04,65.0,67,67,67,60
Daniel Te'o-Nesheim,Daniel,Te'o-Nesheim,Eagles,Washington,DE,rSr/2010,3,22,86,122,NFL Combine,6034,263,4.81,2.75,1.66,29,37,"10'01""",4.18,6.91,10 1/2,33,,Pro Day,4.72,2.7,1.62,,,,,,64.9,65,65,68,60
George Johnson,George,Johnson,Undrafted,Rutgers,DE,Sr/2010,,,Undrafted,162,NFL Combine,6043,268,,,,,,,,,,,,Pro Day,4.79,2.73,1.67,29,31,"09'05""",4.57,6.96,64.9,60,64,66,66
Dorin Dickerson,Dorin,Dickerson,Texans,Pittsburgh,TE,Sr/2010,7,20,227,103,NFL Combine,6013,226,4.4,2.55,1.53,24,43 1/2,"10'05""",4.3,6.96,9 3/4,34,,Pro Day,,,,,,,4.23,,64.6,61,55,72,60
Sergio Kindle,Sergio,Kindle,Ravens,Texas,OLB,Sr/2010,2,11,43,21,NFL Combine,6027,250,4.71,2.76,1.7,25,36 1/2,"09'10""",4.53,7.26,10,33 1/4,,Pro Day,,,,,,,,,64.3,70,70,60,60
A.J. Edds,A.J.,Edds,Dolphins,Iowa,OLB,Sr/2010,4,21,119,199,NFL Combine,6035,246,4.71,2.78,1.6,16,33,"09'09""",4.28,7.19,9 1/8,32 3/4,,Pro Day,4.67,2.75,1.63,18,35 1/2,"10'00""",4.41,7.4,64.3,62,65,65,64
Trindon Holliday,Trindon,Holliday,Texans,LSU,WR,Sr/2010,6,28,197,283,NFL Combine,5052,166,4.34,2.58,1.52,10,42,"09'08""",4.48,6.54,8 1/4,28 1/2,,Pro Day,,,,,,,,,64.3,60,55,67,67
Jonathon Amaya,Jonathon,Amaya,Undrafted,Nebraska,FS,Sr/2010,,,Undrafted,281,NFL Combine,6006,203,4.6,2.69,1.6,8,28,"09'10""",,,8 1/4,31 1/4,,Pro Day,4.43,2.59,1.56,8,33,,4.3,6.82,64.3,60,66,68,60
*Carlton Mitchell,Carlton,Mitchell,Browns,South Florida,WR,rJr/2010,6,8,177,74,NFL Combine,6027,215,4.49,2.6,1.54,16,36,"10'02""",4.55,6.96,9 1/4,32 1/2,,Pro Day,4.46,2.6,1.56,,,,4.42,,64.1,61,67,67,60
Nate Byham,Nate,Byham,49ers,Pittsburgh,TE,Sr/2010,6,13,182,152,NFL Combine,6037,268,5.04,2.93,1.74,,29,"09'01""",,,10,33 1/2,,Pro Day,4.91,2.88,1.74,18,31 1/2,"09'09""",4.45,7.05,64.1,60,65,68,60
David Reed,David,Reed,Ravens,Utah,WR,Sr/2010,5,25,156,187,NFL Combine,6001,191,4.6,2.65,1.59,15,37,"09'06""",4.38,6.95,9 3/8,31 3/4,,Pro Day,4.52,2.65,1.59,,,"09'05""",4.15,6.78,64.0,60,67,67,60
Steve Maneri,Steve,Maneri,Undrafted,Temple,OT,Sr/2010,,,Undrafted,257,NFL Combine,6071,265,,,,,,,,,,,,Pro Day,4.84,2.74,1.69,23,28,"08'04""",4.5,7.55,64.0,64,57,69,60
Alfonso Smith,Alfonso,Smith,Undrafted,Kentucky,RB,rSr/2010,,,Undrafted,263,NFL Combine,6011,211,,,,,,,,,,,,Pro Day,4.38,2.55,1.55,19,36,"09'09""",4.31,7.12,64.0,60,67,67,60
R.J. Stanford,R.J.,Stanford,Panthers,Utah,CB,Sr/2010,7,16,223,223,NFL Combine,5101,183,,,,,,,,,,,,Pro Day,4.42,2.59,1.59,12,37 1/2,"10'11""",4.38,6.8,63.9,60,58,64,67
Kevin Matthews,Kevin,Matthews,Undrafted,Texas AM,C,rSr/2010,,,Undrafted,253,NFL Combine,6034,298,,,,,,,,,,,,Pro Day,5.32,3.04,1.83,28,29,"08'03""",4.82,7.65,63.9,63,66,66,60
Taylor Price,Taylor,Price,Patriots,Ohio,WR,Sr/2010,3,26,90,85,NFL Combine,6003,204,4.41,2.56,1.52,16,37,"09'06""",4.34,6.82,9 1/2,31 1/4,,Pro Day,,,,,,,,,63.7,62,64,64,64
Eric Norwood,Eric,Norwood,Panthers,South Carolina,OLB,Sr/2010,4,26,124,78,NFL Combine,6007,245,4.8,2.77,1.67,,36 1/2,"09'07""",4.23,7.08,9 1/2,33 3/8,,Pro Day,,,,21,,,,,63.7,68,69,60,60
Nate Collins,Nate,Collins,Undrafted,Virginia,DT,Sr/2010,,,Undrafted,215,NFL Combine,6020,290,,,,,,,,,,,,Pro Day,4.94,2.89,1.69,22,33,"08'10""",4.8,7.37,63.7,60,62,60,68
Kevin Thomas,Kevin,Thomas,Colts,Southern California,CB,rSr/2010,3,30,94,121,NFL Combine,6000,192,4.48,2.59,1.54,19,34 1/2,"10'06""",4.18,6.82,9,32,,Pro Day,4.45,2.55,1.6,,32 1/2,,,,63.4,62,71,60,60
Jeff Byers,Jeff,Byers,Undrafted,Southern California,C,rSr/2010,,,Undrafted,259,NFL Combine,6033,301,,,,33,,,,,9 1/2,33 1/8,,Pro Day,5.04,2.92,1.77,36,27,"08'02""",4.56,7.57,63.4,60,63,67,60
Mitch Petrus,Mitch,Petrus,Giants,Arkansas,OG,Sr/2010,5,16,147,107,NFL Combine,6030,310,5.39,3.13,1.9,45,,,,,9 1/2,33 3/4,,Pro Day,5.25,3.01,1.81,,30,"08'10""",4.58,7.28,63.3,65,69,60,60
Syd'Quan Thompson,Syd'Quan,Thompson,Broncos,California,CB,rSr/2010,7,18,225,174,NFL Combine,5092,186,,,,,33,"09'09""",4.26,6.73,9 3/8,31,,Pro Day,4.75,2.72,1.65,,,,,,63.3,68,67,60,60
Akwasi Owusu-Ansah,Akwasi,Owusu-Ansah,Cowboys,Indiana (PA),CB,Sr/2010,4,28,126,69,NFL Combine,6002,207,4.47,2.64,1.58,,35 1/2,"10'00""",4.32,6.84,9 1/8,32 1/2,,Pro Day,4.33,2.53,1.48,21,,,4.19,,63.1,64,69,60,60
Brody Eldridge,Brody,Eldridge,Colts,Oklahoma,TE,rSr/2010,5,31,162,276,NFL Combine,6046,261,,,,,31 1/2,,,,9 5/8,32 1/2,,Pro Day,4.72,2.65,1.63,20,,"09'04""",4.44,7.27,63.0,61,65,65,60
Ricky Sapp,Ricky,Sapp,Eagles,Clemson,OLB,Sr/2010,5,3,134,73,NFL Combine,6037,252,4.7,2.72,1.63,23,34,"09'06""",4.41,7.29,9 3/4,34 1/2,,Pro Day,,,,,,,,,62.9,60,55,65,65
Alex Parsons,Alex,Parsons,Undrafted,Southern California,OG,rSr/2010,,,Undrafted,238,NFL Combine,6040,309,5.17,3.03,1.84,23,27,"08'03""",,,10,31 3/4,,Pro Day,4.93,2.81,1.7,25,28 1/2,"08'10""",4.56,7.56,62.9,60,65,65,60
*Rennie Curran,Rennie,Curran,Titans,Georgia,OLB,Jr/2010,3,33,97,135,NFL Combine,5105,235,4.87,2.89,1.63,25,34 1/2,,,,10 3/8,31 1/2,,Pro Day,4.65,2.67,1.6,27,35,"09'04""",4.4,7.34,62.6,66,66,60,60
Trevard Lindley,Trevard,Lindley,Eagles,Kentucky,CB,rSr/2010,4,7,105,180,NFL Combine,5112,183,4.6,2.69,1.59,9,38 1/2,"09'08""",4.27,6.81,10 1/8,32 5/8,,Pro Day,4.5,2.63,1.56,,,,,,62.6,64,64,63,60
Walter McFadden,Walter,McFadden,Raiders,Auburn,CB,rSr/2010,5,7,138,129,NFL Combine,5100,181,,,,,,,,,,,,Pro Day,4.39,2.58,1.54,5,35 1/2,"10'03""",4.28,6.9,62.6,64,67,60,60
Micah Johnson,Micah,Johnson,Undrafted,Kentucky,ILB,Sr/2010,,,Undrafted,278,NFL Combine,6014,258,5.07,2.92,1.75,31,29,,,,9 1/2,32,,Pro Day,4.84,2.8,1.68,,,"08'11""",4.26,7.34,62.4,70,57,60,60
Myron Rolle,Myron,Rolle,Titans,Florida State,SS,Sr/2010,6,38,207,205,NFL Combine,6017,215,4.76,2.78,1.69,21,36,"10'04""",4.15,6.94,9 1/8,32 1/2,,Pro Day,4.61,2.57,1.6,,,,,,62.3,66,64,60,60
Dennis Landolt,Dennis,Landolt,Undrafted,Penn State,OT,rSr/2010,,,Undrafted,271,NFL Combine,6045,306,,,,,,,,,,,,Pro Day,5.01,2.85,1.7,24,28 1/2,"09'01""",4.46,7.48,62.1,63,60,64,60
Roddrick Muckelroy,Roddrick,Muckelroy,Bengals,Texas,OLB,rSr/2010,4,33,131,137,NFL Combine,6016,246,4.84,2.85,1.73,19,31,"09'02""",4.39,7.25,9 1/4,32 1/2,,Pro Day,4.67,2.76,1.68,,,,,,62.0,60,62,64,60
*Joshua Moore,Joshua,Moore,Bears,Kansas State,CB,rJr/2010,5,10,141,153,NFL Combine,5107,188,4.58,2.66,1.58,2,36 1/2,"10'02""",4.07,6.74,9 1/8,31 3/4,,Pro Day,4.5,2.61,1.55,,,,,,62.0,60,67,60,60
Fendi Onobun,Fendi,Onobun,Rams,Houston,TE,rSr/2010,6,1,170,225,NFL Combine,6054,252,,,,,,,,,,,,Pro Day,4.45,2.69,1.64,16,37 1/2,"11'01""",4.15,6.85,62.0,60,55,62,65
Danny Batten,Danny,Batten,Bills,South Dakota State,ILB,rSr/2010,6,23,192,216,NFL Combine,6027,246,,,,,,,,,,,,Pro Day,4.71,2.72,1.7,30,32 1/2,"10'02""",4.32,7.26,62.0,60,67,60,60
Matt Kopa,Matt,Kopa,Undrafted,Stanford,OT,rSr/2010,,,Undrafted,178,NFL Combine,6056,300,,,,,,,,,9 1/4,34 1/2,,Pro Day,,,,26,,,,,62.0,65,64,60,60
Kyle McCarthy,Kyle,McCarthy,Undrafted,Notre Dame,SS,rSr/2010,,,Undrafted,272,NFL Combine,6000,205,4.71,2.74,1.63,24,34,"09'09""",4.13,6.74,8 7/8,29 1/2,,Pro Day,4.54,2.54,1.57,,,,,6.5,62.0,64,65,60,60
Roberto Wallace,Roberto,Wallace,Undrafted,San Diego State,WR,rSr/2010,,,Undrafted,241,NFL Combine,6037,223,,,,,,,,,,,,Pro Day,4.48,2.56,1.47,19,36 1/2,"10'03""",4.12,6.8,62.0,61,55,66,60
Mardy Gilyard,Mardy,Gilyard,Rams,Cincinnati,WR,rSr/2010,4,1,99,88,NFL Combine,5117,187,4.64,2.65,1.61,,39,"09'08""",4.4,6.92,9 1/8,32 1/4,,Pro Day,4.52,2.63,1.63,,38 1/2,,4.14,6.78,61.7,60,63,63,60
Zac Robinson,Zac,Robinson,Patriots,Oklahoma State,QB,rSr/2010,7,43,250,220,NFL Combine,6024,214,4.71,2.72,1.63,,35,"09'02""",4.4,7.24,9,31 1/4,,Pro Day,,,,,,,,,61.7,60,60,64,60
Malcolm Sheppard,Malcolm,Sheppard,Undrafted,Arkansas,DT,Sr/2010,,,Undrafted,294,NFL Combine,6021,285,5.18,2.98,1.79,19,28,"08'04""",4.78,7.81,9 3/4,33 1/2,,Pro Day,5.04,2.86,1.75,24,30,"08'08""",4.58,7.67,61.7,60,66,60,60
Phillip Dillard,Phillip,Dillard,Giants,Nebraska,ILB,rSr/2010,4,17,115,154,NFL Combine,6002,245,4.72,2.74,1.65,,31 1/2,"08'10""",4.43,7.16,9 1/2,30 1/2,,Pro Day,,,,18,,"09'04""",4.43,,61.6,64,55,64,60
Javarris James,Javarris,James,Undrafted,Miami (FL),RB,Sr/2010,,,Undrafted,296,NFL Combine,6002,212,4.59,2.74,1.6,21,36,"09'07""",,,9 5/8,32,,Pro Day,4.59,2.65,1.64,,,,4.24,7.07,61.6,63,64,60,60
Dexter Davis,Dexter,Davis,Seahawks,Arizona State,OLB,rSr/2010,7,29,236,270,NFL Combine,6014,244,4.64,2.7,1.6,25,35,"09'01""",4.3,7.08,9 1/2,33,,Pro Day,,,,,35 1/2,,,,61.4,60,65,60,60
Duke Calhoun,Duke,Calhoun,Undrafted,Memphis,WR,Sr/2010,,,Undrafted,274,NFL Combine,6021,195,,,,,,,,,,,,Pro Day,4.49,2.57,1.59,12,35,"10'04""",4.46,6.75,61.4,60,65,60,60
Jonathan Crompton,Jonathan,Crompton,Chargers,Tennessee,QB,rSr/2010,5,37,168,117,NFL Combine,6031,222,,,,,,,,,,,,Pro Day,4.85,2.79,1.7,,31,"08'10""",4.34,6.95,61.3,63,63,60,60
Travis Goethel,Travis,Goethel,Raiders,Arizona State,ILB,Sr/2010,6,21,190,190,NFL Combine,6024,240,4.81,2.83,1.7,21,35,"09'03""",4.54,6.93,9 5/8,32,,Pro Day,4.58,2.69,1.62,,,"09'02""",4.11,6.78,61.3,60,60,63,60
Mickey Shuler,Mickey,Shuler,Vikings,Penn State,TE,rSr/2010,7,7,214,231,NFL Combine,6041,251,,,,,,,,,,,,Pro Day,4.63,2.67,1.61,28,37 1/2,"10'11""",4.25,6.77,61.3,60,59,62,62
Blair White,Blair,White,Undrafted,Michigan State,WR,rSr/2010,,,Undrafted,173,NFL Combine,6022,209,4.54,,1.56,18,33 1/2,"09'07""",4.03,6.69,9 1/4,31 1/2,,Pro Day,4.42,2.54,1.55,,35 1/2,"10'00""",,,61.3,67,55,60,60
Travis Ivey,Travis,Ivey,Undrafted,Maryland,DT,rSr/2010,,,Undrafted,286,NFL Combine,6040,341,,,,,,,,,,,,Pro Day,5.24,3.06,1.8,29,29,"08'07""",4.9,7.76,61.1,60,64,60,60
Dorian Brooks,Dorian,Brooks,Undrafted,James Madison,OG,rSr/2010,,,Undrafted,242,NFL Combine,6022,306,5.16,2.99,1.78,26,23,"08'04""",4.66,7.73,10,33 3/4,,Pro Day,,,,,,,,,61.0,66,55,60,60
Doug Worthington,Doug,Worthington,Steelers,Ohio State,DT,rSr/2010,7,35,242,261,NFL Combine,6051,292,,,,19,,,,,10,34,,Pro Day,5.02,2.9,1.7,,35 1/2,"10'01""",,,60.7,61,55,60,63
Cole Pemberton,Cole,Pemberton,Undrafted,Colorado State,OT,rSr/2010,,,Undrafted,227,NFL Combine,6072,315,5.4,3.13,1.85,18,22 1/2,"08'00""",4.77,7.65,10 1/8,34 1/4,,Pro Day,5.22,3.09,1.75,23,28,"08'04""",4.74,7.53,60.7,65,55,60,60
E.J. Wilson,E.J.,Wilson,Seahawks,North Carolina,DE,rSr/2010,4,29,127,210,NFL Combine,6024,286,,,,23,29 1/2,,,,10,32 3/4,,Pro Day,4.97,2.93,1.75,,32,"09'05""",4.7,7.4,60.6,60,62,60,60
Tony Pike,Tony,Pike,Panthers,Cincinnati,QB,rSr/2010,6,35,204,68,NFL Combine,6056,223,4.9,2.86,1.69,,28 1/2,"09'00""",4.53,7.06,10,34 1/2,,Pro Day,,,,,,,,,60.4,64,55,60,60
Dan LeFevour,Dan,LeFevour,Bears,Central Michigan,QB,rSr/2010,6,12,181,99,NFL Combine,6032,230,4.66,2.71,1.59,,29 1/2,"09'02""",4.22,6.93,9 1/4,32 1/2,,Pro Day,,,,,,,,,60.1,63,55,60,60
Lonyae Miller,Lonyae,Miller,Undrafted,Fresno State,RB,Sr/2010,,,Undrafted,145,NFL Combine,5114,221,4.53,2.74,1.61,26,36 1/2,"10'00""",4.54,7.2,8 7/8,30 3/4,,Pro Day,4.51,2.65,1.63,,,,4.46,6.94,60.0,60,60,60,60
Matt Dodge,Matt,Dodge,Giants,East Carolina,P,rSr/2010,7,14,221,299,NFL Combine,6014,224,,,,,,,,,9 3/4,32,,Pro Day,,,,23,34,"09'06""",,,59.9,62,55,60,60
*Chad Jones,Chad,Jones,Giants,LSU,SS,Jr/2010,3,12,76,80,NFL Combine,6021,221,4.65,2.74,1.64,9,36,"09'07""",4.14,6.83,9,32 1/2,,Pro Day,4.57,2.69,1.62,11,,"09'07""",4.18,,59.6,61,55,60,60
Charles Scott,Charles,Scott,Eagles,LSU,RB,Sr/2010,6,31,200,172,NFL Combine,5113,238,4.72,2.78,1.69,,30 1/2,"09'03""",4.47,6.98,9 1/2,33,,Pro Day,4.53,2.68,1.54,17,31,"09'06""",,,59.6,61,55,60,60
Keaton Kristick,Keaton,Kristick,Undrafted,Oregon State,OLB,Sr/2010,,,Undrafted,300,NFL Combine,6026,234,4.77,2.8,1.7,16,34,"10'00""",4.21,6.96,9 1/2,31,,Pro Day,4.74,2.76,1.59,18,33,"10'01""",4.26,6.87,59.6,61,55,60,60
Jarrett Brown,Jarrett,Brown,Undrafted,West Virginia,QB,rSr/2010,,,Undrafted,165,NFL Combine,6027,224,4.54,2.64,1.57,,34 1/2,"09'06""",4.39,7.24,10,34 7/8,,Pro Day,,,,,36 1/2,,,,59.6,61,55,60,60
Jeremy Williams,Jeremy,Williams,Undrafted,Tulane,WR,rSr/2010,,,Undrafted,181,NFL Combine,6001,206,4.64,,1.56,14,36,"09'09""",,6.73,10,31 1/2,,Pro Day,4.48,2.64,1.56,,,,4.31,,59.6,61,55,60,60
Will Barker,Will,Barker,Undrafted,Virginia,OT,rSr/2010,,,Undrafted,298,NFL Combine,6071,315,,,,,,,,,,,,Pro Day,5.26,3.07,1.85,22,25,"08'08""",4.88,7.45,59.4,60,56,60,60
Larry Hart,Larry,Hart,Jags,Central Arkansas,OLB,Sr/2010,5,12,143,251,NFL Combine,6003,248,,,,,,,,,,,,Pro Day,4.62,2.72,1.63,24,34,"10'01""",4.26,7,59.3,60,55,60,60
Brent Bowden,Brent,Bowden,Bucs,Virginia Tech,P,rSr/2010,6,3,172,245,NFL Combine,6024,202,,,,,,,,,9 1/4,31,,Pro Day,,,,,,,,,59.3,60,55,60,60
Chris McCoy,Chris,McCoy,Dolphins,Middle Tennessee,OLB,rSr/2010,7,5,212,185,NFL Combine,6031,261,,,,,,,,,,,,Pro Day,4.7,2.73,1.65,23,33,"10'03""",4.51,7.13,59.3,60,55,60,60
Kyle Calloway,Kyle,Calloway,Bills,Iowa,OT,rSr/2010,7,9,216,207,NFL Combine,6064,323,5.53,3.2,1.92,22,23 1/2,"07'08""",4.86,7.96,10 1/8,33 1/4,,Pro Day,5.53,3.09,1.82,24,,,,,59.3,60,55,60,60
Jeff Owens,Jeff,Owens,Eagles,Georgia,DT,rSr/2010,7,36,243,188,NFL Combine,6010,304,5.04,2.93,1.75,44,30,"08'05""",4.68,,8 7/8,32 3/4,,Pro Day,4.95,2.81,1.72,,,"09'02""",4.68,,59.3,60,55,60,60
Jameson Konz,Jameson,Konz,Seahawks,Kent State,TE,rSr/2010,7,38,245,246,NFL Combine,6034,234,,,,,,,,,,,,Pro Day,4.41,2.52,1.46,,46,"10'08""",4.25,6.93,59.3,60,55,60,60
Benjamin Burney,Benjamin,Burney,Undrafted,Michigan State,CB,rSr/2010,,,Undrafted,168,NFL Combine,5105,202,,,,,,,,,,,,Pro Day,4.38,2.6,1.53,16,39,"10'01""",4.1,6.71,59.3,60,55,60,60
David Pender,David,Pender,Undrafted,Purdue,CB,Sr/2010,,,Undrafted,202,NFL Combine,6000,180,4.47,2.63,1.6,8,39,"10'04""",,,9,32,,Pro Day,,,,12,,,4.28,7.08,59.3,60,55,60,60
Patrick Stoudamire,Patrick,Stoudamire,Undrafted,Western Illinois,CB,Sr/2010,,,Undrafted,269,NFL Combine,5104,206,,,,,,,,,,,,Pro Day,4.52,2.6,1.53,11,31,"09'11""",4.14,7,59.3,60,55,60,60
Thad Turner,Thad,Turner,Undrafted,Ohio,CB,rSr/2010,,,Undrafted,295,NFL Combine,5103,188,,,,,,,,,,,,Pro Day,4.51,2.62,1.56,14,41,"10'03""",4.26,7.2,59.3,60,55,60,60
Brandon Lang,Brandon,Lang,Undrafted,Troy,DE,Sr/2010,,,Undrafted,101,NFL Combine,6036,266,5.03,2.88,1.65,20,28 1/2,"08'08""",4.68,,8 3/4,32,,Pro Day,4.85,2.86,1.65,,31 1/2,"09'03""",4.51,7.34,59.3,60,55,60,60
Lindsey Witten,Lindsey,Witten,Undrafted,Connecticut,DE,Sr/2010,,,Undrafted,138,NFL Combine,6044,250,4.76,2.74,1.64,23,36 1/2,"09'07""",4.62,7.32,9,35,,Pro Day,4.7,2.67,1.65,,36 1/2,"10'03""",,,59.3,60,55,60,60
*Kevin Basped,Kevin,Basped,Undrafted,Nevada,DE,rJr/2010,,,Undrafted,169,NFL Combine,6044,258,4.8,2.81,1.72,26,29,"08'08""",4.88,7.54,9 3/4,34 3/4,,Pro Day,4.66,2.7,1.62,,29 1/2,,4.82,,59.3,60,55,60,60
Rahim Alem,Rahim,Alem,Undrafted,LSU,DE,rSr/2010,,,Undrafted,189,NFL Combine,6025,251,4.75,2.76,1.65,,30 1/2,"08'10""",4.8,7.54,10 1/4,33 1/4,,Pro Day,,,,18,33,"09'07""",4.58,7.18,59.3,60,55,60,60
Jeffrey Fitzgerald,Jeffrey,Fitzgerald,Undrafted,Kansas State,DE,rSr/2010,,,Undrafted,224,NFL Combine,6035,270,,,,,,,,,,,,Pro Day,4.83,2.72,1.68,21,35,"09'09""",4.36,7.29,59.3,60,55,60,60
Brandon Sharpe,Brandon,Sharpe,Undrafted,Texas Tech,DE,rSr/2010,,,Undrafted,265,NFL Combine,6017,254,,,,,,,,,,,,Pro Day,4.71,2.78,1.62,23,35,"10'00""",4.54,7.39,59.3,60,55,60,60
Alex Daniels,Alex,Daniels,Undrafted,Cincinnati,DE,rSr/2010,,,Undrafted,279,NFL Combine,6022,265,,,,,,,,,,,,Pro Day,4.73,2.73,1.66,31,36 1/2,"10'09""",4.51,7.08,59.3,60,55,60,60
James Ruffin,James,Ruffin,Undrafted,Northern Iowa,DE,rSr/2010,,,Undrafted,290,NFL Combine,6035,264,,,,,,,,,,,,Pro Day,4.73,2.79,1.64,27,33,"09'05""",4.56,7.2,59.3,60,55,60,60
Aleric Mullins,Aleric,Mullins,Undrafted,North Carolina,DT,Sr/2010,,,Undrafted,248,NFL Combine,6012,321,,,,,,,,,9 3/8,32 1/4,,Pro Day,4.95,2.88,1.75,35,26,"08'05""",4.81,7.67,59.3,60,55,60,60
Jay Ross,Jay,Ross,Undrafted,East Carolina,DT,Sr/2010,,,Undrafted,275,NFL Combine,6030,313,5.15,2.97,1.78,30,32,"08'04""",4.64,7.83,10 1/4,32 5/8,,Pro Day,5.03,2.93,1.68,,,"08'01""",4.56,7.67,59.3,60,55,60,60
Rashawn Jackson,Rashawn,Jackson,Undrafted,Virginia,FB,rSr/2010,,,Undrafted,177,NFL Combine,6010,239,4.78,2.81,1.69,,34 1/2,"09'09""",,,9 7/8,33,,Pro Day,4.74,2.78,1.62,20,,,4.47,7,59.3,60,55,60,60
Richard Dickson,Richard,Dickson,Undrafted,LSU,FB,Sr/2010,,,Undrafted,243,NFL Combine,6025,249,,,,,,,,,,,,Pro Day,4.85,2.76,1.65,14,28 1/2,"08'06""",4.52,7.53,59.3,60,55,60,60
Ryan Moya,Ryan,Moya,Undrafted,UCLA,FB,rSr/2010,,,Undrafted,254,NFL Combine,6013,231,,,,,,,,,,,,Pro Day,4.67,2.69,1.6,22,30,"08'10""",4.3,7.07,59.3,60,55,60,60
Riar Geer,Riar,Geer,Undrafted,Colorado,FB,rSr/2010,,,Undrafted,285,NFL Combine,6027,256,5.01,2.9,1.71,13,33,"08'10""",4.29,7.13,10 1/8,33,,Pro Day,,,,,,,,,59.3,60,55,60,60
*Donovan Warren,Donovan,Warren,Undrafted,Michigan,FS,Jr/2010,,,Undrafted,175,NFL Combine,5114,193,4.73,2.82,1.75,12,,"09'05""",,,9 1/4,30 1/2,,Pro Day,4.62,2.71,1.62,,31,,4.36,7.21,59.3,60,55,60,60
Quentin Scott,Quentin,Scott,Undrafted,Northern Iowa,FS,Sr/2010,,,Undrafted,200,NFL Combine,6037,224,,,,,,,,,,,,Pro Day,4.4,2.61,1.63,13,35 1/2,"10'01""",4.18,6.88,59.3,60,55,60,60
Mike McLaughlin,Mike,McLaughlin,Undrafted,Boston College,ILB,rSr/2010,,,Undrafted,260,NFL Combine,6002,242,4.95,2.86,1.66,29,38 1/2,"09'06""",4.11,6.85,9,31 1/2,,Pro Day,,,,,,,,,59.3,60,55,60,60
Leigh Tiffin,Leigh,Tiffin,Undrafted,Alabama,K,Sr/2010,,,Undrafted,206,NFL Combine,6007,209,,,,,,,,,9 1/4,30 1/2,,Pro Day,,,,,,,,,59.3,60,55,60,60
Aaron Pettrey,Aaron,Pettrey,Undrafted,Ohio State,K,rSr/2010,,,Undrafted,249,NFL Combine,6010,202,,,,,,,,,8 1/2,31 3/4,,Pro Day,,,,,,,,,59.3,60,55,60,60
Clint Gresham,Clint,Gresham,Undrafted,Texas Christian,LS,rSr/2010,,,Undrafted,262,NFL Combine,6026,236,,,,,,,,,9,31 1/2,,Pro Day,5.08,2.88,1.73,,,,,,59.3,60,55,60,60
Ciron Black,Ciron,Black,Undrafted,LSU,OG,rSr/2010,,,Undrafted,170,NFL Combine,6044,327,5.55,3.13,1.92,23,25 1/2,"07'07""",5.13,8.52,10 1/8,33,,Pro Day,,,,,26,"07'07""",4.93,8.04,59.3,60,55,60,60
Charlie Tanner,Charlie,Tanner,Undrafted,Texas,OG,rSr/2010,,,Undrafted,196,NFL Combine,6037,308,,,,,,,,,,,,Pro Day,5.12,3.01,1.72,35,36,"09'03""",4.7,7.63,59.3,60,55,60,60
Simoni Lawrence,Simoni,Lawrence,Undrafted,Minnesota,OLB,Sr/2010,,,Undrafted,232,NFL Combine,6003,232,4.68,2.73,1.64,21,40,"10'03""",4.43,7.3,9 5/8,33,,Pro Day,4.55,2.66,1.6,,,"10'07""",4.35,6.88,59.3,60,55,60,60
Tim Knicky,Tim,Knicky,Undrafted,Stephen F. Austin,OLB,Sr/2010,,,Undrafted,256,NFL Combine,6042,252,,,,,,,,,,,,Pro Day,4.68,2.68,1.64,17,34,"09'07""",4.44,7.07,59.3,60,55,60,60
Kyle Bosworth,Kyle,Bosworth,Undrafted,UCLA,OLB,rSr/2010,,,Undrafted,277,NFL Combine,6005,236,4.75,2.77,1.63,25,32 1/2,"09'09""",4.11,6.67,9 1/4,32,,Pro Day,4.62,2.66,1.58,,31 1/2,"09'02""",,,59.3,60,55,60,60
Ryan Stamper,Ryan,Stamper,Undrafted,Florida,OLB,rSr/2010,,,Undrafted,288,NFL Combine,6016,237,,,,,,,,,,,,Pro Day,,,,,,,,,59.3,60,55,60,60
Tony Washington,Tony,Washington,Undrafted,Abilene Christian,OT,Sr/2010,,,Undrafted,151,NFL Combine,6061,311,5.25,3.02,1.75,33,29 1/2,"09'06""",4.84,7.52,10 1/2,35 1/2,,Pro Day,5.09,2.87,1.73,,,,4.6,,59.3,60,55,60,60
Chris Campbell,Chris,Campbell,Undrafted,Eastern Illinois,OT,Sr/2010,,,Undrafted,197,NFL Combine,6050,328,,,,,,,,,,,,Pro Day,5.28,3,1.77,14,25,"08'00""",4.14,8.08,59.3,60,55,60,60
Andrew Tyshovnytsky,Andrew,Tyshovnytsky,Undrafted,Fordham,OT,Sr/2010,,,Undrafted,229,NFL Combine,6042,318,,,,,,,,,,,,Pro Day,4.91,2.84,1.8,37,28,"09'02""",4.76,7.95,59.3,60,55,60,60
Chris Marinelli,Chris,Marinelli,Undrafted,Stanford,OT,rSr/2010,,,Undrafted,282,NFL Combine,6065,301,,,,,,,,,,,,Pro Day,5.07,2.92,1.8,16,30 1/2,"08'08""",4.85,7.49,59.3,60,55,60,60
Matt Nichols,Matt,Nichols,Undrafted,Eastern Washington,QB,rSr/2010,,,Undrafted,244,NFL Combine,6017,219,,,,,,,,,,,,Pro Day,4.88,2.81,1.71,,28 1/2,"08'09""",4.18,7.11,59.3,60,55,60,60
*Jevan Snead,Jevan,Snead,Undrafted,Mississippi,QB,rJr/2010,,,Undrafted,280,NFL Combine,6030,219,5.04,2.91,1.7,,33,"08'10""",4.33,7.08,10,32 1/4,,Pro Day,,,,,,,,,59.3,60,55,60,60
Tim Hiller,Tim,Hiller,Undrafted,Western Michigan,QB,rSr/2010,,,Undrafted,284,NFL Combine,6040,229,4.97,2.85,1.69,18,32 1/2,"09'10""",4.54,7.1,9 1/8,31 1/4,,Pro Day,,,,,,,,,59.3,60,55,60,60
Brandon Minor,Brandon,Minor,Undrafted,Michigan,RB,Sr/2010,,,Undrafted,221,NFL Combine,6000,214,,,,,,,,,9,32,,Pro Day,,,,,,,,,59.3,60,55,60,60
Chris Brown,Chris,Brown,Undrafted,Oklahoma,RB,Sr/2010,,,Undrafted,255,NFL Combine,5103,210,4.61,,1.6,17,36,"09'07""",,,9 1/8,29,,Pro Day,4.56,2.57,1.57,19,34 1/2,"09'10""",4.49,7.12,59.3,60,55,60,60
Andre Dixon,Andre,Dixon,Undrafted,Connecticut,RB,rSr/2010,,,Undrafted,291,NFL Combine,6006,205,4.63,2.75,1.6,,40,"09'09""",4.19,6.99,10 1/8,32 1/4,,Pro Day,,,,,,,,,59.3,60,55,60,60
Marcellus Bowman,Marcellus,Bowman,Undrafted,Michigan State,SS,rSr/2010,,,Undrafted,287,NFL Combine,6020,223,,,,,,,,,,,,Pro Day,4.57,2.66,1.47,21,37 1/2,"10'01""",4.21,6.89,59.3,60,55,60,60
Colin Peek,Colin,Peek,Undrafted,Alabama,TE,rSr/2010,,,Undrafted,292,NFL Combine,6052,254,,,,19,,,,,9 5/8,34,,Pro Day,4.93,2.82,1.7,,34 1/2,"09'04""",4.39,7.23,59.3,60,55,60,60
Scott Long,Scott,Long,Undrafted,Louisville,WR,rSr/2010,,,Undrafted,171,NFL Combine,6021,216,4.46,2.61,1.51,20,41 1/2,"10'03""",4.09,6.45,9 3/4,31 1/4,,Pro Day,,,,,,,,,59.3,60,55,60,60
Shay Hodge,Shay,Hodge,Undrafted,Mississippi,WR,Sr/2010,,,Undrafted,192,NFL Combine,6012,209,4.64,2.65,1.58,11,33 1/2,"09'09""",4.32,6.9,9 1/4,33,,Pro Day,4.55,2.58,1.55,,33,"09'10""",4.28,,59.3,60,55,60,60
Freddie Barnes,Freddie,Barnes,Undrafted,Bowling Green,WR,rSr/2010,,,Undrafted,211,NFL Combine,6000,215,,,,,,,,,,,,Pro Day,4.67,2.77,1.63,12,30 1/2,"08'11""",4.55,7.16,59.3,60,55,60,60
Juamorris Stewart,Juamorris,Stewart,Undrafted,Southern,WR,rSr/2010,,,Undrafted,217,NFL Combine,6007,201,,,,,,,,,,,,Pro Day,4.59,2.62,1.57,5,37,"09'08""",4.38,7.08,59.3,60,55,60,60
Chris McGaha,Chris,McGaha,Undrafted,Arizona State,WR,rSr/2010,,,Undrafted,258,NFL Combine,6007,201,,,,19,40,"10'02""",4.21,,10 1/8,31 3/4,,Pro Day,4.52,2.54,1.52,19,40,"10'02""",4.1,6.75,59.3,60,55,60,60
