full_name,first_name,last_name,draft_team,college,position,class/year,round,pick,overall,ds_rank,category,ht,wt,yd40,yd20,yd10,bench,vert,broad,shut20,cone3,hand_size,arm_length,wingspan,category,yd40,yd20,yd10,bench,vert,broad,shut20,cone3,rating,madden13,madden14,madden15,madden16
*J.J. Watt,J.J.,Watt,Texans,Wisconsin,DE,rJr/2011,1,11,11,14,NFL Combine,6053,290,4.91,2.85,1.71,34,37,"10'00""",4.21,6.88,11.125,34,,Pro Day,,,,,,,,,97.4,88,99,99,99
Richard Sherman,Richard,Sherman,Seahawks,Stanford,CB,rSr/2011,5,23,154,194,NFL Combine,6025,195,4.6,2.65,1.61,16,38,"10'05""",4.33,6.82,9.75,32,,Pro Day,4.53,2.56,1.58,,37,"11'00""",4.29,6.72,95.7,83,96,99,97
Von Miller,Von,Miller,Broncos,Texas AM,OLB,Sr/2011,1,2,2,2,NFL Combine,6025,246,4.53,2.64,1.62,21,37,"10'06""",4.06,6.7,9.25,33.5,,Pro Day,4.49,2.61,1.59,,,,4.12,6.88,95.6,89,97,96,97
*A.J. Green,A.J.,Green,Bengals,Georgia,WR,Jr/2011,1,4,4,4,NFL Combine,6035,211,4.49,2.63,1.56,18,34 1/2,"10'06""",4.21,6.91,9.25,34.375,,Pro Day,,,,,,,,,93.1,89,94,95,92
*Aldon Smith,Aldon,Smith,49ers,Missouri,DE,rSo/2011,1,7,7,19,NFL Combine,6042,263,4.82,2.79,1.68,20,34,"09'10""",4.5,7.19,9.75,35.375,,Pro Day,,,,,34 1/2,"09'09""",,,92.9,89,95,96,89
*Justin Houston,Justin,Houston,Chiefs,Georgia,OLB,rJr/2011,3,6,70,55,NFL Combine,6027,270,4.76,2.75,1.66,30,36 1/2,"10'05""",4.37,6.95,10.875,34.5,,Pro Day,4.61,2.66,1.61,,,,,,92.9,82,91,93,97
*Muhammad Wilkerson,Muhammad,Wilkerson,Jets,Temple,DT,Jr/2011,1,30,30,29,NFL Combine,6041,315,5.05,2.94,1.8,27,26,"08'10""",4.59,7.31,10,35.25,,Pro Day,,,,,29,,,,92.7,81,94,93,96
*Julio Jones,Julio,Jones,Falcons,Alabama,WR,Jr/2011,1,6,6,8,NFL Combine,6026,220,4.42,2.54,1.53,17,38 1/2,"11'03""",4.25,6.66,9.75,33.75,,Pro Day,,,,,,,,,92.3,88,92,92,94
*Marcell Dareus,Marcell,Dareus,Bills,Alabama,DT,Jr/2011,1,3,3,3,NFL Combine,6031,319,4.95,2.87,1.73,24,27,,4.62,7.83,10.125,33.375,,Pro Day,,,,,,"08'10""",,,91.1,86,88,91,94
*Tyron Smith,Tyron,Smith,Cowboys,Southern California,OT,Jr/2011,1,9,9,10,NFL Combine,6050,307,,,,29,,,,,11,36.375,,Pro Day,4.93,2.87,1.69,31,29,"09'01""",4.68,7.47,91.1,88,87,92,93
*Robert Quinn,Robert,Quinn,Rams,North Carolina,DE,Jr/2011,1,14,14,5,NFL Combine,6040,265,4.74,2.79,1.69,22,34,"09'08""",4.4,7.13,10.125,34,,Pro Day,4.6,2.74,1.64,24,33,"10'05""",4.31,6.99,90.4,78,78,97,93
*Jurrell Casey,Jurrell,Casey,Titans,Southern California,DT,Jr/2011,3,13,77,80,NFL Combine,6005,300,5.15,2.94,1.8,26,27 1/2,"08'05""",4.78,7.51,8.875,32,,Pro Day,4.97,2.88,1.75,,,,,,90.4,82,88,93,92
*Patrick Peterson,Patrick,Peterson,Cardinals,LSU,CB,Jr/2011,1,5,5,1,NFL Combine,6002,219,4.38,2.58,1.57,15,38,"10'06""",4.07,6.58,9.25,32,,Pro Day,,,,,,,,,90.0,84,89,93,89
DeMarco Murray,DeMarco,Murray,Cowboys,Oklahoma,RB,rSr/2011,3,7,71,64,NFL Combine,5115,213,4.43,2.6,1.55,21,34 1/2,"10'04""",4.18,7.28,9.25,32,,Pro Day,,,,,,,,,89.6,83,84,89,94
*Cam Newton,Cam,Newton,Panthers,Auburn,QB,rJr/2011,1,1,1,11,NFL Combine,6050,248,4.6,2.67,1.6,,35,"10'06""",4.18,6.92,9.875,33.75,,Pro Day,,,,,,,,,89.4,89,89,89,90
Ryan Kerrigan,Ryan,Kerrigan,Redskins,Purdue,DE,Sr/2011,1,16,16,15,NFL Combine,6037,267,4.79,2.79,1.72,31,33 1/2,"10'02""",4.39,7.18,9.5,33.375,,Pro Day,,,,,,,,,87.9,86,87,86,90
*Randall Cobb,Randall,Cobb,Packers,Kentucky,WR,Jr/2011,2,32,64,49,NFL Combine,5102,191,4.55,2.66,1.6,16,33 1/2,"09'07""",4.34,7.08,9.375,31,,Pro Day,,,,,,,,,87.9,76,88,89,91
*Nick Fairley,Nick,Fairley,Lions,Auburn,DT,Jr/2011,1,13,13,7,NFL Combine,6037,291,4.89,2.88,1.75,,31,"09'05""",4.56,7.14,9.75,34.75,,Pro Day,,,,,,,,,87.7,79,90,91,86
Cameron Jordan,Cameron,Jordan,Saints,California,DE,Sr/2011,1,24,24,12,NFL Combine,6041,287,4.76,2.77,1.71,25,31,"09'09""",4.37,7.07,11.125,35,,Pro Day,,,,,,,,,87.4,78,81,93,87
Matt Bosher,Matt,Bosher,Falcons,Miami (FL),P,rSr/2011,6,27,192,296,NFL Combine,6005,208,,,,8,,,,,9.75,31.5,,Pro Day,,,,,,,,,87.1,73,81,90,92
Anthony Sherman,Anthony,Sherman,Cardinals,Connecticut,FB,Sr/2011,5,5,136,173,NFL Combine,5102,242,4.78,2.79,1.65,32,32 1/2,"09'03""",4.41,7.23,9.375,30,,Pro Day,,,,,,,,,87.0,71,73,90,95
Orlando Franklin,Orlando,Franklin,Broncos,Miami (FL),OT,rSr/2011,2,14,46,60,NFL Combine,6054,316,5.2,3.05,1.89,26,28 1/2,,,,11.125,35,,Pro Day,,,,,30,"08'09""",,8.37,86.6,76,86,87,90
Bruce Miller,Bruce,Miller,49ers,Central Florida,OLB,rSr/2011,7,8,211,273,NFL Combine,6013,254,4.91,2.85,1.75,35,31,"09'05""",4.34,7.05,9,30.25,,Pro Day,4.67,2.69,1.6,,33 1/2,"09'07""",4.31,6.87,86.1,77,88,87,88
Nate Solder,Nate,Solder,Patriots,Colorado,OT,rSr/2011,1,17,17,23,NFL Combine,6082,319,5.05,2.93,1.77,21,32,"09'02""",4.34,7.44,9.875,35.5,,Pro Day,,,,,,,,,86.0,80,85,91,82
Mike Pouncey,Mike,Pouncey,Dolphins,Florida,OG,Sr/2011,1,15,15,20,NFL Combine,6050,303,5.28,3.07,1.85,,25,"08'00""",4.64,7.66,9.75,32.25,,Pro Day,,,,24,,,,,85.7,80,89,87,84
*Torrey Smith,Torrey,Smith,Ravens,Maryland,WR,rJr/2011,2,26,58,38,NFL Combine,6007,204,4.44,2.58,1.54,19,41,"10'06""",4.13,6.72,8.625,32.625,,Pro Day,,,,,,,,,85.0,80,85,86,86
*Henry Hynoski,Henry,Hynoski,Undrafted,Pittsburgh,FB,rJr/2011,,,Undrafted,237,NFL Combine,6003,257,5.12,2.93,1.75,24,30 1/2,"09'03""",,,9.625,31.375,,Pro Day,,,,,,,,,85.0,74,85,83,90
Stefen Wisniewski,Stefen,Wisniewski,Raiders,Penn State,C,Sr/2011,2,16,48,71,NFL Combine,6030,313,5.35,3.11,1.87,30,28 1/2,"08'04""",4.63,7.51,10.375,33,,Pro Day,,,,,,,,,84.4,82,85,88,80
Jason Kelce,Jason,Kelce,Eagles,Cincinnati,C,rSr/2011,6,26,191,182,NFL Combine,6025,280,4.93,2.89,1.76,,30 1/2,"09'02""",4.14,7.22,9.5,32.5,,Pro Day,,,,,,,,,84.3,76,79,87,87
Anthony Castonzo,Anthony,Castonzo,Colts,Boston College,OT,Sr/2011,1,22,22,16,NFL Combine,6070,311,5.23,3.03,1.82,28,29 1/2,"08'09""",4.4,7.25,10.625,34.5,,Pro Day,,,,,,,,,84.1,77,79,83,89
Colin Kaepernick,Colin,Kaepernick,49ers,Nevada,QB,rSr/2011,2,4,36,62,NFL Combine,6045,233,4.63,2.71,1.63,,32 1/2,"09'07""",4.18,6.85,9.125,33.5,,Pro Day,,,,,,,,,84.0,70,89,89,81
K.J. Wright,K.J.,Wright,Seahawks,Mississippi State,OLB,Sr/2011,4,2,99,85,NFL Combine,6033,246,4.75,2.78,1.69,20,32,"10'00""",4.46,7.26,9,34.875,,Pro Day,4.71,2.69,1.66,,34,,4.35,7.21,84.0,80,84,83,86
Prince Amukamara,Prince,Amukamara,Giants,Nebraska,CB,Sr/2011,1,19,19,6,NFL Combine,6000,206,4.48,2.64,1.65,15,38,"10'08""",4.08,6.97,8.5,30.5,,Pro Day,,,,,,,,,83.6,79,80,84,86
Jimmy Smith,Jimmy,Smith,Ravens,Colorado,CB,rSr/2011,1,27,27,30,NFL Combine,6022,211,4.47,2.63,1.59,24,36,"10'03""",4.06,6.93,9.75,32.25,,Pro Day,,,,,37,,,,83.6,81,76,82,88
Cameron Heyward,Cameron,Heyward,Steelers,Ohio State,DE,Sr/2011,1,31,31,26,NFL Combine,6045,294,,,,,30,,,,10.125,34.25,,Pro Day,,,,,,,,,83.6,76,77,84,88
Jabaal Sheard,Jabaal,Sheard,Browns,Pittsburgh,DE,Sr/2011,2,5,37,45,NFL Combine,6027,264,4.73,2.77,1.68,,31,"09'07""",,,10,33.5,,Pro Day,,,,,32 1/2,"09'04""",4.65,7.34,83.4,84,82,83,84
Andy Dalton,Andy,Dalton,Bengals,Texas Christian,QB,rSr/2011,2,3,35,44,NFL Combine,6020,215,4.93,2.89,1.77,,29 1/2,"08'10""",4.27,6.93,9.5,31.75,,Pro Day,,,,,,,,,83.1,83,84,85,80
*Kyle Rudolph,Kyle,Rudolph,Vikings,Notre Dame,TE,Jr/2011,2,11,43,34,NFL Combine,6061,259,,,,,,,,,10.75,34,,Pro Day,4.83,2.8,1.67,19,34 1/2,"09'05""",4.37,7.24,83.0,79,86,84,81
*Corey Liuget,Corey,Liuget,Chargers,Illinois,DT,Jr/2011,1,18,18,18,NFL Combine,6021,298,5,2.87,1.75,27,27 1/2,"08'06""",4.68,7.48,9.5,33.25,,Pro Day,,,,,,,,,82.1,73,84,83,84
*Rahim Moore,Rahim,Moore,Broncos,UCLA,FS,Jr/2011,2,13,45,54,NFL Combine,5116,202,4.66,2.73,1.65,11,35,"09'07""",3.96,6.98,9.625,30.25,,Pro Day,,,,15,,,4.15,,82.1,68,82,85,85
Rodney Hudson,Rodney,Hudson,Chiefs,Florida State,C,Sr/2011,2,23,55,52,NFL Combine,6023,299,5.31,3.12,1.9,27,25 1/2,"07'11""",4.96,8.03,9.375,32.5,,Pro Day,,,,,,,,,82.1,74,76,79,89
Phil Taylor,Phil,Taylor,Browns,Baylor,DT,rSr/2011,1,21,21,28,NFL Combine,6032,334,5.21,3.01,1.83,31,29 1/2,"08'04""",4.77,7.75,10.75,34,,Pro Day,,,,,,,,,82.0,82,83,83,80
*Akeem Ayers,Akeem,Ayers,Titans,UCLA,OLB,rJr/2011,2,7,39,27,NFL Combine,6024,254,4.88,2.87,1.72,18,31,"09'08""",4.28,7.49,9,33,,Pro Day,4.7,2.72,1.62,22,34 1/2,"09'05""",,7.19,81.6,78,79,84,81
Charles Clay,Charles,Clay,Dolphins,Tulsa,FB,Sr/2011,6,9,174,127,NFL Combine,6027,245,4.73,2.74,1.67,18,33 1/2,"09'10""",4.15,7.07,9.625,33,,Pro Day,4.7,2.64,1.64,20,35,"09'06""",4.32,7.02,81.6,68,77,84,86
Pernell McPhee,Pernell,McPhee,Ravens,Mississippi State,DE,Sr/2011,5,34,165,107,NFL Combine,6025,278,5.04,2.97,1.81,20,28 1/2,"08'11""",4.59,7.13,9,34.375,,Pro Day,4.8,2.78,1.72,19,,,,,81.3,79,77,76,87
Marcus Gilbert,Marcus,Gilbert,Steelers,Florida,OT,rSr/2011,2,31,63,81,NFL Combine,6061,330,5.46,3.14,1.93,30,,,,,9.75,33.5,,Pro Day,5.47,3.18,1.88,,30 1/2,"08'02""",5.02,,81.1,78,78,80,84
Julius Thomas,Julius,Thomas,Broncos,Portland State,TE,Sr/2011,4,32,129,177,NFL Combine,6045,246,4.68,2.74,1.64,16,35 1/2,"09'03""",4.31,6.96,10.25,33,,Pro Day,,,,,,,,,81.1,62,65,87,89
Jordan Cameron,Jordan,Cameron,Browns,Southern California,TE,rSr/2011,4,5,102,97,NFL Combine,6052,254,4.59,2.66,1.58,23,37 1/2,"09'11""",4.03,6.82,9.75,33.5,,Pro Day,,,,,,,,,80.9,57,77,88,84
*Mark Ingram,Mark,Ingram,Saints,Alabama,RB,Jr/2011,1,28,28,13,NFL Combine,5091,215,4.66,2.7,1.62,21,31 1/2,"09'10""",4.62,7.13,9.5,30.75,,Pro Day,4.53,2.58,1.54,,,,,,80.4,79,81,77,83
Chris Culliver,Chris,Culliver,49ers,South Carolina,CB,Sr/2011,3,16,80,102,NFL Combine,6003,199,4.42,2.6,1.55,,38 1/2,"10'03""",4.08,6.88,8.625,31.25,,Pro Day,,,,15,,,,,80.4,74,78,78,85
Brandon Fusco,Brandon,Fusco,Vikings,Slippery Rock,C,Sr/2011,6,7,172,135,NFL Combine,6040,306,5.21,3.02,1.84,26,28 1/2,"09'00""",4.43,7.29,10,33.75,,Pro Day,,,,,,,,,80.3,70,76,84,82
Clint Boling,Clint,Boling,Bengals,Georgia,OG,Sr/2011,4,4,101,101,NFL Combine,6045,308,5.3,3.06,1.84,28,31,"08'06""",4.64,7.66,9.25,33.5,,Pro Day,,,,,,,,,80.1,73,78,79,84
*Shane Vereen,Shane,Vereen,Patriots,California,RB,rJr/2011,2,24,56,88,NFL Combine,5102,210,4.55,2.66,1.62,31,34,"09'07""",4.28,6.95,9,30.625,,Pro Day,,,,,,,,,79.9,73,78,82,81
*Stevan Ridley,Stevan,Ridley,Patriots,LSU,RB,rJr/2011,3,9,73,175,NFL Combine,5112,225,4.73,2.77,1.66,18,36,"09'10""",4.21,6.78,9.25,31.875,,Pro Day,4.66,2.65,1.66,21,,,4.17,6.78,79.6,75,85,80,76
Byron Maxwell,Byron,Maxwell,Seahawks,Clemson,CB,rSr/2011,6,8,173,211,NFL Combine,6002,202,4.52,2.61,1.58,24,33,"10'04""",,,9.5,33.5,,Pro Day,,,,,,,4.49,7.12,79.4,66,70,84,84
Da'Norris Searcy,Da'Norris,Searcy,Bills,North Carolina,SS,Sr/2011,4,3,100,105,NFL Combine,5105,223,4.64,2.7,1.65,27,33,"10'00""",4.09,6.87,9.5,33.5,,Pro Day,4.5,2.68,1.62,,,"10'05""",,,79.3,70,75,76,86
Brooks Reed,Brooks,Reed,Texans,Arizona,OLB,rSr/2011,2,10,42,41,NFL Combine,6024,263,4.66,2.7,1.63,30,30 1/2,"09'05""",4.28,7.11,10,32.25,,Pro Day,,,,,,,,,79.1,79,79,78,80
Cecil Shorts,Cecil,Shorts,Jags,Missouri,WR,rSr/2011,4,17,114,191,NFL Combine,5116,205,4.58,2.63,1.55,21,34 1/2,"09'06""",4.07,6.5,9.25,31.625,,Pro Day,4.5,2.55,1.51,,,,,,78.9,61,83,84,78
Denarius Moore,Denarius,Moore,Raiders,Tennessee,WR,Sr/2011,5,17,148,117,NFL Combine,5115,194,4.5,2.6,1.56,13,36,"09'10""",4.15,6.78,9.5,33,,Pro Day,4.39,2.53,1.56,,,,,,78.9,80,82,81,73
Derek Newton,Derek,Newton,Texans,Arkansas State,OT,rSr/2011,7,11,214,183,NFL Combine,6047,311,5.01,2.9,1.74,24,25 1/2,"08'04""",5,7.76,9.375,33.125,,Pro Day,,,,,,,,,78.6,70,73,73,87
Adrian Clayborn,Adrian,Clayborn,Bucs,Iowa,DE,rSr/2011,1,20,20,22,NFL Combine,6025,281,4.85,2.78,1.67,,33,"09'05""",4.13,7.3,9.75,32.5,,Pro Day,,,,17,35 1/2,"09'06""",,7.08,78.3,80,80,76,78
*Jacquizz Rodgers,Jacquizz,Rodgers,Falcons,Oregon State,RB,Jr/2011,5,14,145,128,NFL Combine,5057,196,4.7,2.74,1.67,,33,"09'05""",4.26,7.31,8.875,30.5,,Pro Day,4.52,2.61,1.58,13,34,"09'08""",4.33,7.31,78.3,74,81,80,76
Bruce Carter,Bruce,Carter,Cowboys,North Carolina,OLB,Sr/2011,2,8,40,51,NFL Combine,6014,241,,,,25,,,,,9.25,32.625,,Pro Day,,,,,,,,,78.0,70,81,79,78
Allen Bailey,Allen,Bailey,Chiefs,Miami (FL),DE,Sr/2011,3,22,86,59,NFL Combine,6030,285,4.83,2.82,1.7,27,36 1/2,"09'09""",4.56,7.43,10.25,34,,Pro Day,,,,,,,,,77.9,72,70,80,81
Cortez Allen,Cortez,Allen,Steelers,Citadel,CB,rSr/2011,4,31,128,176,NFL Combine,6012,197,4.53,2.6,1.57,18,35 1/2,"10'09""",4.01,6.76,8.625,32.25,,Pro Day,,,,,37 1/2,,,,77.6,65,80,82,76
James Carpenter,James,Carpenter,Seahawks,Alabama,OT,Sr/2011,1,25,25,40,NFL Combine,6043,321,5.28,3.06,1.81,23,,,,,9.75,34,,Pro Day,,,,,28 1/2,"08'10""",4.75,7.56,77.4,71,75,78,80
*Aaron Williams,Aaron,Williams,Bills,Texas,CB,Jr/2011,2,2,34,33,NFL Combine,5117,204,4.62,2.69,1.6,18,37 1/2,"10'07""",4.07,6.72,9.25,31.5,,Pro Day,4.4,2.48,1.57,,,,,,77.4,72,75,79,79
Roy Helu,Roy,Helu,Redskins,Nebraska,RB,Sr/2011,4,8,105,149,NFL Combine,5114,219,4.44,2.64,1.5,11,36 1/2,"09'11""",4.01,6.67,10.25,31.375,,Pro Day,,,,,,,,,77.4,79,74,78,77
Stephen Paea,Stephen,Paea,Bears,Oregon State,DT,rSr/2011,2,21,53,48,NFL Combine,6012,303,,,,49,,,,,10,32.875,,Pro Day,,,,,,,,,77.1,73,60,79,83
Lance Kendricks,Lance,Kendricks,Rams,Wisconsin,TE,rSr/2011,2,15,47,82,NFL Combine,6027,243,4.75,2.77,1.69,25,34 1/2,"10'02""",4.15,6.94,9.625,32,,Pro Day,4.57,2.64,1.56,,38 1/2,,,,76.9,72,78,77,78
Joe Barksdale,Joe,Barksdale,Raiders,LSU,OT,Sr/2011,3,28,92,122,NFL Combine,6046,325,5.38,3.11,1.85,29,29,"08'07""",4.75,8.27,10,36,,Pro Day,,,,,29 1/2,,4.64,7.95,76.9,71,69,79,80
Kendall Hunter,Kendall,Hunter,49ers,Oklahoma State,RB,Sr/2011,4,18,115,74,NFL Combine,5072,199,4.57,2.67,1.6,24,35,"10'02""",4.21,6.74,8.75,31,,Pro Day,4.56,2.59,1.57,,,,,,76.7,75,79,78,74
Cedric Thornton,Cedric,Thornton,Undrafted,Southern Arkansas,DT,Sr/2011,,,Undrafted,159,NFL Combine,6031,309,5.29,3.08,1.88,23,27,"08'05""",4.71,7.7,10,33.625,,Pro Day,,,,,,,,,76.4,61,71,80,81
Chris Hairston,Chris,Hairston,Bills,Clemson,OT,rSr/2011,4,25,122,197,NFL Combine,6061,326,5.43,3.09,1.85,33,29,"08'00""",4.7,7.9,9.25,35.25,,Pro Day,,,,,27 1/2,"08'06""",4.74,7.64,76.3,69,74,81,74
Marcus Gilchrist,Marcus,Gilchrist,Chargers,Clemson,CB,Sr/2011,2,18,50,66,NFL Combine,5100,195,4.54,2.66,1.64,26,38 1/2,"09'11""",4.12,6.81,8.5,31.375,,Pro Day,,,,,,"10'06""",4.25,,76.1,70,72,77,79
Davon House,Davon,House,Packers,New Mexico State,CB,Sr/2011,4,34,131,56,NFL Combine,6004,200,4.49,2.63,1.58,14,33 1/2,"09'01""",4.12,6.65,9.5,31.875,,Pro Day,4.37,2.55,1.56,,,"09'01""",,,76.1,71,74,74,80
Christian Ponder,Christian,Ponder,Vikings,Florida State,QB,rSr/2011,1,12,12,32,NFL Combine,6020,229,4.72,2.76,1.64,,34,"09'08""",4.09,6.85,10.25,32.125,,Pro Day,,,,,,,,,75.9,75,78,77,73
Buster Skrine,Buster,Skrine,Browns,Chattanooga,CB,Sr/2011,5,6,137,162,NFL Combine,5094,186,4.5,2.64,1.62,20,37,"10'02""",3.9,6.44,8.875,30.25,,Pro Day,,,,,,,,,75.4,70,74,75,78
Mason Foster,Mason,Foster,Bucs,Washington,OLB,Sr/2011,3,20,84,98,NFL Combine,6012,245,4.79,2.77,1.63,22,31,"09'02""",4.45,7.14,9.625,31,,Pro Day,4.74,2.73,1.62,,30 1/2,,4.48,7.14,75.3,74,75,75,76
Jarvis Jenkins,Jarvis,Jenkins,Redskins,Clemson,DT,Sr/2011,2,9,41,58,NFL Combine,6040,310,5.11,3.01,1.83,17,26 1/2,"08'02""",4.83,7.42,9.5,33.25,,Pro Day,4.93,2.89,1.83,21,27,"08'07""",4.75,,75.0,73,79,75,72
Ian Williams,Ian,Williams,Undrafted,Notre Dame,DT,Sr/2011,,,Undrafted,118,NFL Combine,6012,319,5.29,3.02,1.84,31,28 1/2,"08'02""",4.78,,9.5,32,,Pro Day,5.13,3.04,1.82,,,,,7.75,75.0,64,73,74,80
Leonard Hankerson,Leonard,Hankerson,Redskins,Miami (FL),WR,Sr/2011,3,15,79,79,NFL Combine,6014,209,4.53,2.63,1.59,14,36,"09'09""",4.21,6.94,10.625,32.25,,Pro Day,,,,,,,,,74.9,71,73,76,76
Akeem Dent,Akeem,Dent,Falcons,Georgia,ILB,rSr/2011,3,27,91,129,NFL Combine,6010,242,,,,24,37 1/2,"10'03""",,,10,32,,Pro Day,4.73,2.72,1.7,,,,4.38,6.93,74.9,70,77,75,75
James Brewer,James,Brewer,Giants,Indiana,OT,rSr/2011,4,20,117,92,NFL Combine,6062,323,5.27,3.09,1.89,25,26,"08'04""",4.81,7.84,10.375,35.5,,Pro Day,,,,,,,,,74.7,73,76,75,74
Jeremy Kerley,Jeremy,Kerley,Jets,Texas Christian,WR,Sr/2011,5,22,153,166,NFL Combine,5094,189,4.67,2.71,1.63,16,34 1/2,"10'00""",,,9,30,,Pro Day,4.56,2.64,1.54,,37 1/2,"10'02""",3.99,6.7,74.7,67,73,77,76
Lee Smith,Lee,Smith,Patriots,Marshall,TE,rSr/2011,5,28,159,215,NFL Combine,6056,266,5.01,2.91,1.76,25,29,"09'00""",4.28,7.13,9.75,34.375,,Pro Day,4.99,2.89,1.72,,,,,,74.7,69,73,75,77
Shareece Wright,Shareece,Wright,Chargers,Southern California,CB,rSr/2011,3,25,89,65,NFL Combine,5107,185,4.56,2.68,1.63,16,34 1/2,"09'05""",,,9.5,32.25,,Pro Day,,,,,35 1/2,"10'00""",4.28,7.09,74.6,68,75,77,74
Nate Irving,Nate,Irving,Broncos,North Carolina State,ILB,rSr/2011,3,3,67,168,NFL Combine,6010,240,,,,,,,,,10.25,33.25,,Pro Day,4.74,2.78,1.71,27,32 1/2,"08'11""",4.25,6.97,74.3,65,66,76,79
Jah Reid,Jah,Reid,Ravens,Central Florida,OT,rSr/2011,3,21,85,113,NFL Combine,6071,327,5.4,3.14,1.91,28,29 1/2,"09'03""",4.65,7.73,10.25,34.375,,Pro Day,5.29,3.07,1.78,25,29,"09'03""",4.59,7.63,74.3,74,76,73,74
Derek Sherrod,Derek,Sherrod,Packers,Mississippi State,OT,Sr/2011,1,32,32,25,NFL Combine,6053,321,5.28,3.05,1.87,23,28,"08'01""",4.63,7.43,11,35.375,,Pro Day,5.27,3.06,1.84,,,,,,74.1,70,75,76,73
Luke Stocker,Luke,Stocker,Bucs,Tennessee,TE,rSr/2011,4,7,104,91,NFL Combine,6046,258,4.79,2.79,1.69,27,33,"09'07""",4.4,7.03,9.75,33,,Pro Day,4.7,2.71,1.59,,,,,,74.1,67,77,75,74
Daniel Kilgore,Daniel,Kilgore,49ers,Appalachian State,OG,Sr/2011,5,32,163,300,NFL Combine,6032,308,5.33,3.1,1.85,23,32 1/2,"08'09""",4.68,7.59,10,32.5,,Pro Day,,,,,,,,,74.0,67,64,75,79
Byron Bell,Byron,Bell,Undrafted,New Mexico,OT,Sr/2011,,,Undrafted,278,NFL Combine,6052,339,,,,,,,,,,,,Pro Day,5.36,3.06,1.76,20,30 1/2,"08'06""",4.76,7.69,74.0,71,73,76,73
Jeron Johnson,Jeron,Johnson,Undrafted,Boise State,SS,rSr/2011,,,Undrafted,158,NFL Combine,5102,212,4.61,2.69,1.64,23,,,,,9,31.125,,Pro Day,,,,,31,"09'05""",4.2,6.95,74.0,68,74,74,76
Jaiquawn Jarrett,Jaiquawn,Jarrett,Eagles,Temple,FS,Sr/2011,2,22,54,104,NFL Combine,5117,198,4.69,2.69,1.58,14,30,"09'05""",4.14,6.95,10,32.25,,Pro Day,,,,17,30 1/2,,,,73.7,70,71,69,79
Kelvin Sheppard,Kelvin,Sheppard,Bills,LSU,ILB,rSr/2011,3,4,68,144,NFL Combine,6017,250,,,,22,33 1/2,"09'02""",4.28,,9.625,31.75,,Pro Day,4.7,2.76,1.66,,,,,7.25,73.7,76,76,71,73
Terrell McClain,Terrell,McClain,Panthers,South Florida,DT,Sr/2011,3,1,65,84,NFL Combine,6015,297,5.06,2.96,1.75,29,28,"08'08""",4.56,7.48,10.125,32.75,,Pro Day,4.85,2.81,1.67,,,,,,73.6,72,70,71,77
Kai Forbath,Kai,Forbath,Undrafted,UCLA,K,rSr/2011,,,Undrafted,241,NFL Combine,5107,197,,,,,,,,,9.25,30.75,,Pro Day,,,,,,,,,73.6,59,81,69,78
*Ryan Mallett,Ryan,Mallett,Patriots,Arkansas,QB,rJr/2011,3,10,74,37,NFL Combine,6066,253,,,,,24,"08'07""",,,10.75,34.375,,Pro Day,5.37,3.06,1.84,,26,"08'07""",,,73.4,72,74,73,74
Sam Acho,Sam,Acho,Cardinals,Texas,OLB,Sr/2011,4,6,103,73,NFL Combine,6015,262,4.76,2.77,1.69,23,33 1/2,"09'04""",4.32,6.69,9.75,33.5,,Pro Day,,,,,,,,,73.4,74,74,73,73
Kenrick Ellis,Kenrick,Ellis,Jets,Hampton,DT,rSr/2011,3,30,94,78,NFL Combine,6047,346,5.27,3.07,1.85,26,,,,,10.5,35.125,,Pro Day,,,,,32,"08'06""",4.88,7.84,73.3,65,73,75,75
Virgil Green,Virgil,Green,Broncos,Nevada,TE,rSr/2011,7,1,204,143,NFL Combine,6033,249,4.64,2.72,1.62,23,42 1/2,"10'10""",4.4,6.9,9.25,33.5,,Pro Day,,,,,,,,,73.3,64,71,66,82
Austin Pettis,Austin,Pettis,Rams,Boise State,WR,Sr/2011,3,14,78,155,NFL Combine,6025,209,4.62,2.65,1.6,14,33 1/2,"10'00""",3.88,6.68,9.75,31.75,,Pro Day,,,,,,,,,73.1,65,73,76,73
Bilal Powell,Bilal,Powell,Jets,Louisville,RB,Sr/2011,4,29,126,114,NFL Combine,5104,207,,,,18,,,,,8.75,30.875,,Pro Day,4.51,2.64,1.53,,,,,,73.1,62,74,76,74
*Ryan Williams,Ryan,Williams,Cardinals,Virginia Tech,RB,rSo/2011,2,6,38,46,NFL Combine,5093,212,4.64,2.71,1.65,19,40,"10'03""",4.18,6.96,9,30.75,,Pro Day,4.49,2.5,1.59,,,,,,73.0,73,74,72,73
*Blaine Gabbert,Blaine,Gabbert,Jags,Missouri,QB,Jr/2011,1,10,10,9,NFL Combine,6043,234,4.66,2.71,1.62,,33 1/2,"10'00""",4.26,6.84,10,33,,Pro Day,,,,,,,,,72.9,74,74,72,72
Rob Housler,Rob,Housler,Cardinals,Florida Atlantic,TE,rSr/2011,3,5,69,106,NFL Combine,6053,248,4.55,2.67,1.58,22,37,"09'09""",4.21,6.9,9.75,34.5,,Pro Day,,,,,,,,,72.9,66,74,76,71
Vincent Brown,Vincent,Brown,Chargers,Miami (FL),WR,Sr/2011,3,18,82,150,NFL Combine,5112,187,4.8,2.76,1.66,12,33 1/2,"10'01""",4.25,6.64,10.25,33,,Pro Day,4.57,2.65,1.56,,36,,,,72.9,74,74,73,71
Marcus Cannon,Marcus,Cannon,Patriots,Texas Christian,OT,rSr/2011,5,7,138,50,NFL Combine,6050,358,5.26,3.07,1.86,33,30 1/2,"08'09""",4.97,8.07,9.125,34,,Pro Day,,,,,,"08'11""",,,72.9,67,74,75,72
Shiloh Keo,Shiloh,Keo,Texans,Idaho,SS,rSr/2011,5,13,144,218,NFL Combine,5112,219,4.76,2.75,1.67,24,32 1/2,"09'02""",3.9,6.55,9.5,30,,Pro Day,4.66,2.67,1.58,,34,"09'09""",,,72.6,68,67,75,74
Dwayne Harris,Dwayne,Harris,Cowboys,East Carolina,WR,rSr/2011,6,11,176,160,NFL Combine,5103,203,4.63,2.7,1.67,10,34,"09'03""",4.21,6.77,10.125,31.125,,Pro Day,4.51,2.55,1.75,,,,,,72.6,66,71,73,75
Chris Conte,Chris,Conte,Bears,California,FS,Sr/2011,3,29,93,95,NFL Combine,6023,197,4.59,2.71,1.65,18,35 1/2,"10'07""",4.19,7.01,9.125,30.5,,Pro Day,4.54,2.66,1.66,,,,,,72.1,72,60,74,75
*Brandon Harris,Brandon,Harris,Texans,Miami (FL),CB,Jr/2011,2,28,60,35,NFL Combine,5094,191,4.52,2.63,1.58,13,35 1/2,"09'05""",4.12,6.77,8.5,30.625,,Pro Day,,,,,34 1/2,,,,72.0,70,71,72,73
Andre Holmes,Andre,Holmes,Undrafted,Hillsdale,WR,Sr/2011,,,Undrafted,233,NFL Combine,6043,210,4.61,2.72,1.64,11,35,"10'10""",4.31,6.69,8.625,34,,Pro Day,4.45,2.6,1.58,,33 1/2,,,,72.0,67,66,73,75
Ras-I Dowling,Ras-I,Dowling,Patriots,Virginia,CB,Sr/2011,2,1,33,42,NFL Combine,6013,198,4.56,2.65,1.66,19,,,,,9.5,31,,Pro Day,,,,,,,,,71.7,74,74,69,71
Tyrod Taylor,Tyrod,Taylor,Ravens,Virginia Tech,QB,Sr/2011,6,15,180,153,NFL Combine,6006,217,4.52,2.61,1.56,,37 1/2,"10'06""",4.09,6.78,10,32.25,,Pro Day,,,,,,,,,71.6,67,73,72,72
Mark Herzlich,Mark,Herzlich,Undrafted,Boston College,OLB,rSr/2011,,,Undrafted,217,NFL Combine,6040,244,5.02,2.92,1.78,29,32 1/2,"09'04""",4.46,7.32,10,32.375,,Pro Day,4.96,2.89,1.72,,,,4.34,7.38,71.6,68,66,71,75
Jake Locker,Jake,Locker,Titans,Washington,QB,rSr/2011,1,8,8,24,NFL Combine,6024,231,4.58,2.69,1.66,,35,"10'00""",4.12,6.77,9.625,31.625,,Pro Day,,,,,,,,,71.3,75,77,75,60
Gabe Carimi,Gabe,Carimi,Bears,Wisconsin,OT,rSr/2011,1,29,29,21,NFL Combine,6070,314,5.27,3.02,1.8,29,31 1/2,"09'01""",,,10.375,35,,Pro Day,,,,,,,,,71.3,79,75,73,60
Alex Henery,Alex,Henery,Eagles,Nebraska,K,rSr/2011,4,23,120,138,NFL Combine,6014,177,,,,,,,,,8.75,30.5,,Pro Day,,,,,,,,,71.3,77,80,71,60
Colin McCarthy,Colin,McCarthy,Titans,Miami (FL),ILB,rSr/2011,4,12,109,83,NFL Combine,6013,238,4.68,2.71,1.64,23,36 1/2,"09'11""",4.2,6.93,10.25,29.5,,Pro Day,,,,,,,,,71.1,76,74,76,60
Josh Bynes,Josh,Bynes,Undrafted,Auburn,ILB,Sr/2011,,,Undrafted,253,NFL Combine,6015,240,,,,,,,,,,,,Pro Day,4.81,2.77,1.68,21,33,"09'08""",4.32,7.11,71.1,58,65,75,75
*Dion Lewis,Dion,Lewis,Eagles,Pittsburgh,RB,rSo/2011,5,18,149,184,NFL Combine,5065,193,4.62,2.68,1.6,17,34 1/2,"09'04""",4.18,6.9,8.75,28.125,,Pro Day,4.47,2.54,1.51,,,,,,71.0,72,71,71,70
Daniel Thomas,Daniel,Thomas,Dolphins,Kansas State,RB,Sr/2011,2,30,62,70,NFL Combine,6002,230,,,,21,,,,,9,32.375,,Pro Day,4.62,2.64,1.54,,34,"10'03""",4.29,7.06,70.9,74,74,76,60
D.J. Williams,D.J.,Williams,Packers,Arkansas,TE,Sr/2011,5,10,141,124,NFL Combine,6021,245,4.67,2.72,1.62,20,33 1/2,"09'03""",4.51,7.29,10.375,31.5,,Pro Day,,,,,,,,,70.9,68,74,78,60
Jason Pinkston,Jason,Pinkston,Browns,Pittsburgh,OT,rSr/2011,5,19,150,137,NFL Combine,6033,317,5.47,3.12,1.87,,26 1/2,"08'02""",4.91,7.88,10.25,34,,Pro Day,5.28,3.03,1.82,22,,,,,70.9,74,74,76,60
Stanley Havili,Stanley,Havili,Eagles,Southern California,FB,rSr/2011,7,37,240,163,NFL Combine,6002,227,,,,,,,,,9.25,31,,Pro Day,,,,,,,,,70.9,63,73,80,60
Niles Paul,Niles,Paul,Redskins,Nebraska,WR,Sr/2011,5,24,155,133,NFL Combine,6007,224,4.57,2.62,1.55,24,34 1/2,"09'09""",4.14,6.9,8.875,31,,Pro Day,4.46,2.56,1.49,,,,,,70.7,63,70,70,74
Jerrell Powe,Jerrell,Powe,Chiefs,Mississippi,DT,rSr/2011,6,34,199,110,NFL Combine,6016,335,5.36,3.09,1.9,27,25,"07'09""",5.06,8.17,9.625,33.25,,Pro Day,5.27,3.03,1.8,,24 1/2,"07'10""",4.96,,70.7,67,70,72,71
*Sealver Siliga,Sealver,Siliga,Undrafted,Utah,DT,Jr/2011,,,Undrafted,258,NFL Combine,6016,305,,,,29,29,"08'04""",4.75,7.7,10,34.5,,Pro Day,5.38,3.1,1.85,,,,,,70.7,55,65,69,79
*Mikel Leshoure,Mikel,Leshoure,Lions,Illinois,RB,Jr/2011,2,25,57,36,NFL Combine,5115,227,4.65,2.72,1.64,21,38,"10'02""",4.4,6.82,9.5,32.625,,Pro Day,,,,,,,,,70.6,72,79,72,60
Byron Stingily,Byron,Stingily,Titans,Louisville,OT,Sr/2011,6,10,175,199,NFL Combine,6050,313,,,,,,,,,,,,Pro Day,4.95,2.87,1.69,25,27 1/2,"09'02""",4.48,7.6,70.4,62,69,70,74
*Jordan Todman,Jordan,Todman,Chargers,Connecticut,RB,Jr/2011,6,18,183,108,NFL Combine,5087,203,4.5,2.63,1.55,25,38,"10'06""",4.18,7.24,9.375,32,,Pro Day,,,,,,,,,70.1,62,66,72,73
Colin Jones,Colin,Jones,49ers,Texas Christian,FS,rSr/2011,6,25,190,294,NFL Combine,5114,201,,,,,,,,,,,,Pro Day,4.38,2.56,1.44,20,37,"10'04""",4.04,6.69,70.1,68,69,69,72
Mistral Raymond,Mistral,Raymond,Vikings,South Florida,FS,Sr/2011,6,5,170,235,NFL Combine,6012,194,,,,,,,,,,,,Pro Day,4.64,2.59,1.59,8,32 1/2,"10'02""",4.51,7.14,70.0,68,76,75,60
*Da'Quan Bowers,Da'Quan,Bowers,Bucs,Clemson,DE,Jr/2011,2,19,51,17,NFL Combine,6033,280,,,,22,,,,,10.25,33.125,,Pro Day,4.92,2.89,1.76,,34 1/2,"09'02""",4.57,6.98,69.9,75,77,70,60
Greg Little,Greg,Little,Browns,North Carolina,WR,Sr/2011,2,27,59,130,NFL Combine,6024,231,4.6,2.65,1.57,27,40 1/2,"10'09""",4.21,6.8,9.125,33.25,,Pro Day,4.5,2.63,1.63,,38,"10'10""",4.16,6.65,69.9,75,76,71,60
*Tandon Doss,Tandon,Doss,Ravens,Indiana,WR,Jr/2011,4,26,123,109,NFL Combine,6020,201,,,,14,,,,,10.125,31.25,,Pro Day,4.62,2.72,1.6,,33 1/2,"09'08""",4.22,6.91,69.9,65,69,71,71
Evan Royster,Evan,Royster,Redskins,Penn State,RB,rSr/2011,6,12,177,249,NFL Combine,5115,212,4.73,2.77,1.69,20,34,"09'05""",4.18,7.07,9.25,30.75,,Pro Day,4.53,2.61,1.58,,,,,6.78,69.9,73,74,74,60
Cliff Matthews,Cliff,Matthews,Falcons,South Carolina,DE,Sr/2011,7,27,230,148,NFL Combine,6034,257,4.88,2.86,1.72,17,32,"09'04""",4.37,7.21,9.75,34,,Pro Day,4.78,2.78,1.72,,32,"09'03""",4.53,7.08,69.6,67,68,68,72
Ben Ijalana,Ben,Ijalana,Colts,Villanova,OG,Sr/2011,2,17,49,53,NFL Combine,6035,317,,,,,,,,,10.5,36,,Pro Day,5.2,2.93,1.75,,25 1/2,08'09',4.7,7.75,69.4,75,72,66,66
T.J. Yates,T.J.,Yates,Texans,North Carolina,QB,rSr/2011,5,21,152,201,NFL Combine,6033,219,5.07,2.98,1.76,,29 1/2,"08'08""",4.12,6.96,10.25,32.5,,Pro Day,,,,,,,,,69.4,74,74,60,72
Aldrick Robinson,Aldrick,Robinson,Redskins,Southern Methodist,WR,Sr/2011,6,13,178,226,NFL Combine,5095,184,4.48,2.6,1.58,17,40,"10'06""",4.09,6.65,8.75,29.5,,Pro Day,,,,,,,,,69.4,57,69,74,69
Scott Tolzien,Scott,Tolzien,Undrafted,Wisconsin,QB,rSr/2011,,,Undrafted,280,NFL Combine,6020,212,5.06,2.96,1.79,,29 1/2,"09'08""",4.12,6.84,10,30.5,,Pro Day,,,,,,,,,69.3,65,65,71,71
*Lawrence Guy,Lawrence,Guy,Packers,Arizona State,DT,Jr/2011,7,30,233,180,NFL Combine,6041,305,5.08,2.97,1.84,28,29,,4.43,7.6,10.75,32.75,,Pro Day,4.98,2.93,1.81,,,"08'08""",,7.34,69.1,59,63,70,74
Ricardo Lockette,Ricardo,Lockette,Undrafted,Fort Valley State,WR,rSr/2011,,,Undrafted,213,NFL Combine,6021,211,4.41,2.57,1.56,,35 1/2,"10'07""",4.19,7.15,9.75,33.75,,Pro Day,,,,22,39,,4.37,6.76,69.1,67,65,65,74
Quinton Carter,Quinton,Carter,Broncos,Oklahoma,FS,rSr/2011,4,11,108,72,NFL Combine,6005,208,4.6,2.76,1.66,23,34 1/2,"10'01""",4.06,7.05,9.25,31.5,,Pro Day,,,,,,,,,69.0,72,72,73,60
Drake Nevis,Drake,Nevis,Colts,LSU,DT,Sr/2011,3,23,87,63,NFL Combine,6005,294,5.06,2.95,1.79,31,30 1/2,"09'04""",4.65,7.71,9.375,31.5,,Pro Day,4.92,2.86,1.79,,,,,7.76,68.7,73,73,71,60
J.T. Thomas,J.T.,Thomas,Bears,West Virginia,OLB,rSr/2011,6,30,195,230,NFL Combine,6010,241,4.73,2.75,1.66,23,30 1/2,"09'06""",4.28,7.23,9.5,30.5,,Pro Day,4.68,2.71,1.55,,33,,4.18,7.01,68.7,60,60,68,75
Chimdi Chekwa,Chimdi,Chekwa,Raiders,Ohio State,CB,rSr/2011,4,16,113,89,NFL Combine,5116,191,4.38,2.56,1.52,,34 1/2,"10'06""",,,8.375,31.375,,Pro Day,,,,,,,,,68.6,67,68,69,69
Chris Prosinski,Chris,Prosinski,Jags,Wyoming,FS,rSr/2011,4,24,121,243,NFL Combine,6010,201,,,,,,,,,,,,Pro Day,4.39,2.6,1.54,14,39 1/2,"11'02""",4.28,6.85,68.6,66,66,70,69
Corbin Bryant,Corbin,Bryant,Undrafted,Northwestern,DT,rSr/2011,,,Undrafted,270,NFL Combine,6033,297,,,,,,,,,,,,Pro Day,5.08,2.95,1.75,31,27 1/2,"08'06""",4.51,7.33,68.6,60,66,72,69
*Jon Baldwin,Jon,Baldwin,Chiefs,Pittsburgh,WR,Jr/2011,1,26,26,47,NFL Combine,6043,228,4.52,2.66,1.59,20,42,"10'09""",4.34,7.07,10.125,33.625,,Pro Day,,,,,,,,,68.4,74,73,69,60
Demarcus Van Dyke,Demarcus,Van Dyke,Raiders,Miami (FL),CB,Sr/2011,3,17,81,134,NFL Combine,6006,176,4.37,2.58,1.58,5,33 1/2,"10'01""",4.09,6.97,9,31.375,,Pro Day,,,,,,,,,68.4,70,69,68,67
Sione Fua,Sione,Fua,Panthers,Stanford,DT,Sr/2011,3,33,97,136,NFL Combine,6014,308,5.28,3.01,1.77,30,24,"08'05""",4.54,7.54,10.5,34,,Pro Day,,,,,27,"08'07""",,,68.4,69,73,72,60
Jalil Brown,Jalil,Brown,Chiefs,Colorado,CB,Sr/2011,4,21,118,115,NFL Combine,6005,204,4.57,2.67,1.62,24,35 1/2,"09'08""",4.25,6.85,9.875,30.75,,Pro Day,4.45,2.53,1.54,,35 1/2,,4.1,,68.4,67,66,68,70
Tim Barnes,Tim,Barnes,Undrafted,Missouri,C,rSr/2011,,,Undrafted,212,NFL Combine,6035,300,,,,,,,,,,,,Pro Day,5.17,3.03,1.83,26,31 1/2,"08'07""",4.42,7.19,68.4,62,63,69,72
Curtis Marsh,Curtis,Marsh,Eagles,Utah State,CB,Sr/2011,3,26,90,123,NFL Combine,6004,197,4.51,2.64,1.6,12,37 1/2,"10'03""",4.07,6.87,9,32,,Pro Day,,,,,,,,,68.3,66,67,69,69
Brandon Bair,Brandon,Bair,Undrafted,Oregon,DE,rSr/2011,,,Undrafted,167,NFL Combine,6057,276,5.01,2.9,1.77,26,28,"09'06""",4.37,7.07,10.375,33,,Pro Day,,,,,,,,,68.3,67,68,68,69
*Taiwan Jones,Taiwan,Jones,Raiders,Eastern Washington,RB,Jr/2011,4,28,125,99,NFL Combine,5115,194,,,,13,,,,,8.75,29.5,,Pro Day,4.33,2.54,1.58,,39 1/2,"11'00""",4.08,6.9,68.1,68,68,69,67
DeJon Gomes,DeJon,Gomes,Redskins,Nebraska,SS,Sr/2011,5,15,146,282,NFL Combine,5114,208,4.56,2.67,1.61,13,31,"09'02""",,,9.625,31.375,,Pro Day,,,,,,,4.2,6.9,68.1,69,72,72,60
Chris Carter,Chris,Carter,Steelers,Fresno State,OLB,Sr/2011,5,31,162,93,NFL Combine,6011,248,4.67,2.71,1.64,27,36,"09'06""",4.34,6.88,9.375,33,,Pro Day,,,,,32 1/2,,,,68.0,62,64,70,70
Clyde Gates,Clyde,Gates,Dolphins,Abilene Christian,WR,Sr/2011,4,14,111,76,NFL Combine,5116,192,4.49,2.63,1.62,16,40,"10'11""",,,9.375,30.75,,Pro Day,,,,,,"11'02""",4.17,6.87,67.9,66,68,69,67
*Martez Wilson,Martez,Wilson,Saints,Illinois,ILB,rJr/2011,3,8,72,43,NFL Combine,6036,250,4.46,2.63,1.59,23,36,"10'04""",4.28,7.04,9.75,34.625,,Pro Day,,,,,,,,,67.7,71,70,71,60
Jerrel Jernigan,Jerrel,Jernigan,Giants,Troy,WR,Sr/2011,3,19,83,61,NFL Combine,5087,185,4.47,2.59,1.56,11,37 1/2,"10'04""",4.25,7.07,9.25,32,,Pro Day,4.4,2.46,1.45,,38,"10'01""",4.28,6.94,67.7,66,66,74,60
Greg Salas,Greg,Salas,Rams,Hawaii,WR,rSr/2011,4,15,112,103,NFL Combine,6011,210,4.56,2.66,1.58,15,37,"10'00""",4.1,6.65,9.25,32,,Pro Day,,,,,,,,,67.7,65,65,67,70
David Arkin,David,Arkin,Cowboys,Missouri State,OG,rSr/2011,4,13,110,156,NFL Combine,6046,300,5.36,3.11,1.89,25,29,"08'07""",4.63,7.6,10.5,33.875,,Pro Day,,,,,,,,,67.6,69,69,66,67
Armon Binns,Armon,Binns,Undrafted,Cincinnati,WR,Sr/2011,,,Undrafted,251,NFL Combine,6030,209,4.58,2.64,1.57,13,31 1/2,"09'10""",4.31,6.86,9.5,32.5,,Pro Day,,,,,33 1/2,"10'01""",,,67.6,68,67,67,68
Will Rackley,Will,Rackley,Jags,Lehigh,OG,Sr/2011,3,12,76,68,NFL Combine,6032,309,,,,29,23 1/2,"08'03""",4.94,7.91,10.375,33.25,,Pro Day,5.39,3.09,1.79,,27,"08'01""",4.78,8.13,67.4,66,72,71,60
Alex Green,Alex,Green,Packers,Hawaii,RB,Sr/2011,3,32,96,90,NFL Combine,6002,225,4.55,2.69,1.58,20,34,"09'06""",4.15,6.91,9.125,32,,Pro Day,,,,,,,,,67.4,68,71,71,60
Chykie Brown,Chykie,Brown,Ravens,Texas,CB,rSr/2011,5,33,164,151,NFL Combine,5112,190,4.54,2.67,1.62,,36 1/2,"10'00""",4,6.5,8.75,33.875,,Pro Day,4.37,2.47,1.54,,39 1/2,,,,67.4,64,66,66,70
Weslye Saunders,Weslye,Saunders,Undrafted,South Carolina,TE,Sr/2011,,,Undrafted,267,NFL Combine,6051,270,,,,19,33 1/2,"09'08""",,,10.5,35.625,,Pro Day,4.93,2.82,1.75,19,33,"10'02""",4.56,7.48,67.4,66,73,70,60
Chris Neild,Chris,Neild,Redskins,West Virginia,DT,rSr/2011,7,50,253,252,NFL Combine,6016,319,5.16,2.94,1.81,30,29,"08'10""",4.46,7.56,10.75,31.875,,Pro Day,5.11,2.99,1.71,,,,4.52,7.35,67.3,69,71,70,60
Shaun Chapas,Shaun,Chapas,Cowboys,Georgia,FB,rSr/2011,7,17,220,292,NFL Combine,6021,247,5.04,2.96,1.75,23,35 1/2,"09'08""",4.4,7.13,9.5,32,,Pro Day,4.79,2.78,1.66,,,,4.46,7.12,67.1,66,71,71,60
Mike Mohamed,Mike,Mohamed,Broncos,California,ILB,rSr/2011,6,24,189,222,NFL Combine,6030,239,4.79,2.78,1.69,21,32,"09'07""",4,6.7,9.5,33,,Pro Day,,,,,,,,,66.7,58,61,63,74
Johnny Patrick,Johnny,Patrick,Saints,Louisville,CB,rSr/2011,3,24,88,94,NFL Combine,5105,191,4.63,2.71,1.65,13,32,"09'02""",4.16,,8.25,30,,Pro Day,4.48,2.62,1.57,,,,4.3,,66.3,68,70,68,60
Marvin Austin,Marvin,Austin,Giants,North Carolina,DT,Sr/2011,2,20,52,39,NFL Combine,6015,309,4.85,2.81,1.73,38,30 1/2,"09'04""",4.4,7.33,10.25,32.625,,Pro Day,,,,,,,,,66.1,69,71,66,60
Curtis Brown,Curtis,Brown,Steelers,Texas,CB,Sr/2011,3,31,95,69,NFL Combine,5115,185,4.54,2.65,1.63,10,39 1/2,"10'08""",4,6.59,9.5,32.25,,Pro Day,,,,,,,,,66.1,67,69,60,69
Josh Thomas,Josh,Thomas,Cowboys,Buffalo,CB,Sr/2011,5,12,143,247,NFL Combine,5102,191,4.63,2.73,1.6,13,38 1/2,"10'06""",4.15,6.99,9.125,31.625,,Pro Day,4.43,2.53,1.59,,40,"10'08""",,6.89,66.1,64,69,70,60
Maurice Hurt,Maurice,Hurt,Redskins,Florida,OG,rSr/2011,7,14,217,236,NFL Combine,6025,318,,,,18,,,,,9,34.125,,Pro Day,5.39,3.09,1.93,19,29,"08'01""",4.9,8.13,66.1,69,69,68,60
Eric Hagg,Eric,Hagg,Browns,Nebraska,FS,Sr/2011,7,45,248,205,NFL Combine,6013,209,4.73,2.76,1.66,18,34 1/2,"10'01""",4.19,6.73,10.125,32.875,,Pro Day,4.56,2.62,1.55,,38 1/2,,,,66.1,64,60,73,60
Kris Durham,Kris,Durham,Seahawks,Georgia,WR,Sr/2011,4,10,107,254,NFL Combine,6052,216,,,,,,,,,,,,Pro Day,4.46,2.59,1.66,17,36,"10'01""",4.41,6.89,66.0,64,65,71,60
Dane Sanzenbacher,Dane,Sanzenbacher,Undrafted,Ohio State,WR,Sr/2011,,,Undrafted,181,NFL Combine,5113,182,4.57,2.68,1.62,,33 1/2,"09'10""",3.97,6.46,8.25,30.5,,Pro Day,4.56,2.66,1.52,,,,,,66.0,67,65,70,60
Danny Watkins,Danny,Watkins,Eagles,Baylor,OG,Sr/2011,1,23,23,31,NFL Combine,6033,310,5.4,3.11,1.89,29,26,"07'08""",4.62,7.61,10.125,34.25,,Pro Day,,,,,,,,,65.9,74,73,60,60
*Brandon Burton,Brandon,Burton,Vikings,Utah,CB,rJr/2011,5,8,139,111,NFL Combine,5115,190,4.52,2.65,1.62,18,32,"09'10""",4.07,6.93,8.5,31.5,,Pro Day,4.48,2.58,1.57,,,,,,65.9,66,68,69,60
Jeff Tarpinian,Jeff,Tarpinian,Undrafted,Iowa,ILB,rSr/2011,,,Undrafted,227,NFL Combine,6021,235,,,,,,,,,,,,Pro Day,4.56,2.65,1.54,16,37,"10'05""",4.1,6.78,65.9,55,63,69,68
Mike McNeill,Mike,McNeill,Undrafted,Nebraska,TE,rSr/2011,,,Undrafted,298,NFL Combine,6042,231,,,,,,,,,,,,Pro Day,4.67,2.72,1.62,13,33 1/2,"10'05""",4.19,6.9,65.9,59,63,73,60
Owen Marecic,Owen,Marecic,Browns,Stanford,FB,Sr/2011,4,27,124,152,NFL Combine,6004,248,5,2.9,1.76,22,28 1/2,"08'06""",4.56,7.1,9.125,32.625,,Pro Day,4.73,2.65,1.68,22,32,"08'11""",4.5,,65.7,70,75,60,60
Joe Lefeged,Joe,Lefeged,Undrafted,Rutgers,SS,Sr/2011,,,Undrafted,198,NFL Combine,5115,210,4.44,2.59,1.54,18,36 1/2,"10'02""",4.13,6.82,9.625,31.5,,Pro Day,,,,,,,,6.72,65.7,72,74,60,60
Jonas Mouton,Jonas,Mouton,Chargers,Michigan,OLB,rSr/2011,2,29,61,169,NFL Combine,6010,239,4.94,2.85,1.73,,31 1/2,"09'07""",4.34,7.08,9.75,31.5,,Pro Day,4.89,2.79,1.64,17,,,,,65.6,63,69,69,60
Roc Carmichael,Roc,Carmichael,Texans,Clemson,CB,rSr/2011,4,30,127,139,NFL Combine,5100,192,4.76,2.85,1.81,13,31,"09'08""",4.06,6.69,9,31.75,,Pro Day,4.41,2.5,1.54,,33 1/2,"10'01""",4.09,,65.6,64,65,70,60
Chris White,Chris,White,Bills,Mississippi State,ILB,Sr/2011,6,4,169,170,NFL Combine,6026,240,4.73,2.76,1.66,17,34,"09'07""",4.25,6.95,9,30.875,,Pro Day,4.74,2.64,1.62,,,,,7.07,65.6,57,61,67,69
Anthony Gaitor,Anthony,Gaitor,Bucs,Florida International,CB,Sr/2011,7,19,222,178,NFL Combine,5097,177,,,,,,,,,,,,Pro Day,4.48,2.55,1.56,12,36,"10'06""",4.12,6.85,65.6,61,70,69,60
Christian Ballard,Christian,Ballard,Vikings,Iowa,DE,Sr/2011,4,9,106,75,NFL Combine,6036,283,4.76,2.79,1.67,,31 1/2,"09'03""",4.51,7.54,10.125,33,,Pro Day,4.73,2.79,1.66,16,34,"09'07""",4.49,7.23,65.4,72,73,60,60
Nick Bellore,Nick,Bellore,Undrafted,Central Michigan,ILB,Sr/2011,,,Undrafted,266,NFL Combine,6010,245,4.91,2.85,1.73,23,32 1/2,"09'01""",4,6.98,9.875,30.75,,Pro Day,4.76,2.78,1.67,22,,,,,65.4,60,65,66,67
Ahmad Black,Ahmad,Black,Bucs,Florida,SS,Sr/2011,5,20,151,125,NFL Combine,5094,184,4.77,2.72,1.68,18,35 1/2,"09'11""",4.2,6.85,9.875,31,,Pro Day,4.74,2.69,1.62,,36 1/2,,4.12,6.77,65.3,67,75,60,60
Chris Matthews,Chris,Matthews,Undrafted,Kentucky,WR,Sr/2011,,,Undrafted,288,NFL Combine,6047,218,,,,,,,,,,,,Pro Day,4.57,2.59,1.56,,33 1/2,"09'10""",4.29,6.9,65.3,55,60,60,74
Delone Carter,Delone,Carter,Colts,Syracuse,RB,rSr/2011,4,22,119,131,NFL Combine,5085,222,4.58,2.65,1.57,27,37,"10'00""",4.07,6.92,9.5,31,,Pro Day,4.46,2.53,1.51,,,"10'01""",,,65.0,71,72,60,60
Ryan Whalen,Ryan,Whalen,Bengals,Stanford,WR,Sr/2011,6,2,167,203,NFL Combine,6011,202,4.6,2.67,1.58,18,38 1/2,"10'03""",4.09,6.67,9,30,,Pro Day,,,,,,,,,65.0,63,68,68,60
David Carter,David,Carter,Cardinals,UCLA,DT,rSr/2011,6,19,184,228,NFL Combine,6044,297,,,,,,,,,,,,Pro Day,5.02,2.8,1.75,25,28 1/2,"09'03""",4.69,7.63,65.0,71,72,60,60
Ricky Stanzi,Ricky,Stanzi,Chiefs,Iowa,QB,rSr/2011,5,4,135,100,NFL Combine,6043,223,4.96,2.86,1.71,,32 1/2,"09'02""",4.43,6.95,10,32,,Pro Day,4.89,2.85,1.66,,32,"09'07""",4.6,6.99,64.7,65,65,65,64
John Moffitt,John,Moffitt,Seahawks,Wisconsin,OG,rSr/2011,3,11,75,86,NFL Combine,6042,319,5.55,3.22,1.96,23,30 1/2,"08'06""",4.53,7.79,9.5,33,,Pro Day,,,,,,,,,64.6,70,71,60,60
Kevin Rutland,Kevin,Rutland,Undrafted,Missouri,CB,rSr/2011,,,Undrafted,295,NFL Combine,5115,190,4.66,2.77,1.7,12,35 1/2,"09'10""",4.15,6.92,9,31.125,,Pro Day,4.47,2.6,1.56,14,37 1/2,"10'02""",4.28,6.87,64.6,64,67,67,60
Pat Devlin,Pat,Devlin,Undrafted,Delaware,QB,rSr/2011,,,Undrafted,185,NFL Combine,6033,225,4.87,2.8,1.67,,33,"09'08""",4.32,7.08,9.875,32,,Pro Day,,,,,,,,,64.6,62,65,65,65
Casey Matthews,Casey,Matthews,Eagles,Oregon,ILB,Sr/2011,4,19,116,96,NFL Combine,6007,231,,,,13,,,,,8.5,31.5,,Pro Day,4.78,2.71,1.67,,32 1/2,"09'05""",4.36,7.1,64.4,65,62,63,66
Justin Rogers,Justin,Rogers,Bills,Richmond,CB,rSr/2011,7,3,206,240,NFL Combine,5104,180,4.57,2.66,1.64,14,33,"09'06""",4.2,7.21,8.25,31.375,,Pro Day,4.4,2.57,1.51,,,,4.2,6.69,64.4,63,67,60,67
Cheta Ozougwu,Cheta,Ozougwu,Texans,Rice,DE,Sr/2011,7,51,254,291,NFL Combine,6015,247,4.9,2.8,1.69,26,34 1/2,"09'11""",4.31,7.06,9.375,31,,Pro Day,,,,,,,,,64.4,64,60,69,60
Titus Young,Titus,Young,Lions,Boise State,WR,rSr/2011,2,12,44,57,NFL Combine,5113,174,4.49,2.64,1.59,,,"10'03""",,,9,30.875,,Pro Day,4.39,2.53,1.58,,35,"10'03""",4.3,6.85,64.3,75,60,60,60
Brian Rolle,Brian,Rolle,Eagles,Ohio State,OLB,Sr/2011,6,28,193,157,NFL Combine,5095,229,4.62,2.66,1.63,28,33,"09'07""",4.26,6.89,10.375,31,,Pro Day,4.53,2.71,1.52,,,,,,64.3,71,68,60,60
Greg McElroy,Greg,McElroy,Jets,Alabama,QB,rSr/2011,7,5,208,165,NFL Combine,6017,220,4.6,2.67,1.6,,33,"08'11""",4.45,7.11,9.375,30.75,,Pro Day,,,,,,,,,64.3,66,72,60,60
Anthony Allen,Anthony,Allen,Ravens,Georgia Tech,RB,rSr/2011,7,22,225,260,NFL Combine,6006,228,4.61,2.55,1.57,24,41 1/2,"10'00""",4.06,6.79,9.625,30.375,,Pro Day,4.59,2.6,1.6,,,,,,64.1,70,69,60,60
Willie Smith,Willie,Smith,Undrafted,East Carolina,OT,rSr/2011,,,Undrafted,242,NFL Combine,6053,310,5.5,3.19,1.89,,30 1/2,"08'10""",4.83,7.95,11.25,34.5,,Pro Day,5.4,3.05,1.78,27,,,,7.81,64.1,65,60,68,60
Caleb Schlauderaff,Caleb,Schlauderaff,Packers,Utah,OG,rSr/2011,6,14,179,274,NFL Combine,6042,305,,,,,,,,,9.75,32.25,,Pro Day,,,,,28,"08'06""",4.81,,63.9,63,66,66,60
Andrew Jackson,Andrew,Jackson,Falcons,Fresno State,OG,rSr/2011,7,7,210,192,NFL Combine,6050,299,5.38,3.08,1.85,25,28,"08'02""",4.65,7.55,10.25,32.5,,Pro Day,5.36,3.03,1.82,27,29,"08'06""",4.84,7.8,63.7,68,60,65,60
Jeff Maehl,Jeff,Maehl,Undrafted,Oregon,WR,Sr/2011,,,Undrafted,219,NFL Combine,6007,190,4.69,2.78,1.68,,33 1/2,"09'07""",3.94,6.42,9.125,31.5,,Pro Day,4.63,2.69,1.68,8,33 1/2,"10'01""",4.04,6.9,63.3,61,62,64,64
Chas Henry,Chas,Henry,Undrafted,Florida,P,Sr/2011,,,Undrafted,208,NFL Combine,6031,219,,,,,,,,,9.25,33,,Pro Day,,,,,,,,,63.1,66,68,60,60
Da'Rel Scott,Da'Rel,Scott,Giants,Maryland,RB,rSr/2011,7,18,221,225,NFL Combine,5110,211,4.38,2.59,1.55,19,34,"09'09""",4.2,7.15,9,32.5,,Pro Day,,,,,,,,,63.0,63,69,60,60
Greg Jones,Greg,Jones,Giants,Michigan State,ILB,Sr/2011,6,20,185,142,NFL Combine,6001,242,4.84,2.8,1.71,21,31 1/2,"09'09""",4.27,7.27,10,32,,Pro Day,4.72,2.72,1.68,,,,,,62.9,67,66,60,60
Chris Rucker,Chris,Rucker,Colts,Michigan State,CB,Sr/2011,6,23,188,204,NFL Combine,6004,195,,,,10,,,,,9,33,,Pro Day,4.54,2.68,1.65,13,33 1/2,"09'11""",4.35,6.87,62.6,69,60,60,60
Jeremy Beal,Jeremy,Beal,Broncos,Oklahoma,DE,rSr/2011,7,44,247,207,NFL Combine,6022,262,5.21,3.03,1.85,22,28 1/2,"08'10""",4.46,7.19,9.875,33.125,,Pro Day,,,,,,,4.41,6.95,62.6,66,66,60,60
Stephen Burton,Stephen,Burton,Vikings,West Texas AM,WR,Sr/2011,7,33,236,196,NFL Combine,6013,221,4.56,2.66,1.59,19,34 1/2,"09'09""",4.31,7.04,9.125,32,,Pro Day,4.38,2.56,1.46,19,35,"10'04""",,,62.4,65,66,60,60
Doug Hogue,Doug,Hogue,Lions,Syracuse,OLB,Sr/2011,5,26,157,214,NFL Combine,6024,235,4.64,2.69,1.64,18,36,"10'01""",4.57,7.09,9.375,32.625,,Pro Day,4.61,2.65,1.66,,,,,,62.3,64,66,60,60
Greg Romeus,Greg,Romeus,Saints,Pittsburgh,DE,rSr/2011,7,23,226,121,NFL Combine,6047,264,,,,,,,,,10.875,35,,Pro Day,,,,24,,,,,62.3,64,66,60,60
David Mims,David,Mims,Undrafted,Virginia Union,OT,Sr/2011,,,Undrafted,231,NFL Combine,6082,331,,,,,,,,,,,,Pro Day,5.32,3.07,1.9,29,26,"08'06""",4.8,8.1,62.1,60,60,65,60
Brandon Hogan,Brandon,Hogan,Panthers,West Virginia,CB,Sr/2011,4,1,98,146,NFL Combine,5102,192,,,,19,,,,,9.625,30.375,,Pro Day,,,,,,,,,62.0,67,60,60,60
Dontay Moch,Dontay,Moch,Bengals,Nevada,OLB,rSr/2011,3,2,66,67,NFL Combine,6013,248,4.53,2.71,1.68,21,42,"10'08""",4.38,7.09,9.25,33,,Pro Day,,,,,,,,,61.9,59,65,62,60
Mana Silva,Mana,Silva,Undrafted,Hawaii,SS,rSr/2011,,,Undrafted,271,NFL Combine,6006,206,,,,,,,,,,,,Pro Day,4.43,2.55,1.52,23,40,"10'03""",4.16,6.97,61.9,63,65,60,60
Johnny White,Johnny,White,Bills,North Carolina,RB,rSr/2011,5,2,133,189,NFL Combine,5097,209,4.65,2.76,1.71,,32 1/2,"09'09""",4.31,7.07,9.125,30,,Pro Day,4.55,2.65,1.65,,,"09'08""",4.46,,61.7,66,60,60,60
Lee Ziemba,Lee,Ziemba,Panthers,Auburn,OT,Sr/2011,7,41,244,147,NFL Combine,6055,317,5.6,3.24,1.97,20,29,"07'11""",4.65,7.74,9.625,34,,Pro Day,5.46,3.06,1.87,,28,"08'04""",,,61.7,64,64,60,60
Terrence Toliver,Terrence,Toliver,Undrafted,Michigan State,WR,Sr/2011,,,Undrafted,171,NFL Combine,6034,212,4.62,2.68,1.63,,32,"10'02""",4.03,6.48,10,32,,Pro Day,4.54,2.7,1.68,,33 1/2,"10'02""",,,61.6,61,61,63,60
*Jamie Harper,Jamie,Harper,Titans,Clemson,RB,Jr/2011,4,33,130,154,NFL Combine,5113,233,4.63,2.79,1.64,24,36 1/2,"10'00""",4.39,7.16,8.875,30.375,,Pro Day,4.46,2.65,1.58,23,35 1/2,"10'03""",4.5,6.94,61.4,65,60,60,60
Lawrence Wilson,Lawrence,Wilson,Panthers,Connecticut,OLB,rSr/2011,6,1,166,140,NFL Combine,6007,229,4.74,2.77,1.68,24,32 1/2,"09'05""",4.5,7.31,10,30.5,,Pro Day,4.68,2.69,1.62,,,"09'06""",,7.08,61.4,65,60,60,60
Quan Sturdivant,Quan,Sturdivant,Cardinals,North Carolina,ILB,Sr/2011,6,6,171,87,NFL Combine,6010,241,,,,21,34,"09'07""",4.5,,10,32.5,,Pro Day,4.75,2.77,1.69,,,,4.47,7.29,61.4,65,60,60,60
DeMarcus Love,DeMarcus,Love,Vikings,Arkansas,OT,rSr/2011,6,3,168,161,NFL Combine,6043,315,5.31,3.11,1.87,27,26 1/2,"08'01""",4.84,7.84,9.5,35.25,,Pro Day,5.07,2.95,1.7,,,,,,61.3,63,63,60,60
Mario Harvey,Mario,Harvey,Undrafted,Marshall,ILB,rSr/2011,,,Undrafted,202,NFL Combine,5107,257,,,,,,,,,,,,Pro Day,4.46,2.58,1.59,27,32,"09'05""",4.19,7.13,61.3,57,63,63,60
Zack Pianalto,Zack,Pianalto,Undrafted,Michigan State,TE,Sr/2011,,,Undrafted,286,NFL Combine,6032,256,4.87,2.86,1.74,22,32,"09'00""",4.41,6.85,9.625,33,,Pro Day,4.82,2.83,1.7,,,,,,61.3,63,63,60,60
*Robert Sands,Robert,Sands,Bengals,West Virginia,FS,rJr/2011,5,3,134,141,NFL Combine,6043,217,4.61,2.69,1.61,12,35,"10'04""",4.06,7.03,9.75,33.375,,Pro Day,,,,,,,,,61.1,64,60,60,60
*Tyler Sash,Tyler,Sash,Giants,Iowa,SS,rJr/2011,6,33,198,77,NFL Combine,6000,211,4.71,2.74,1.64,11,33,"09'00""",4.27,6.9,9.375,30,,Pro Day,4.61,2.69,1.57,14,33,"09'04""",,,61.1,62,63,60,60
Greg Lloyd,Greg,Lloyd,Eagles,Connecticut,ILB,rSr/2011,7,34,237,283,NFL Combine,6011,246,4.89,2.83,1.71,22,32,"09'01""",4.46,7.17,10.125,33.5,,Pro Day,,,,,,,,,60.9,63,60,60,60
Pierre Allen,Pierre,Allen,Undrafted,Nebraska,DE,rSr/2011,,,Undrafted,116,NFL Combine,6034,273,,,,,,,,,9.875,35,,Pro Day,,,,,,,,,60.9,63,60,60,60
Nathan Enderle,Nathan,Enderle,Bears,Idaho,QB,rSr/2011,5,29,160,244,NFL Combine,6041,240,5.22,2.99,1.78,,25 1/2,"08'06""",4.46,7.13,9.875,31.25,,Pro Day,5.13,2.91,1.73,,25,"08'05""",4.41,7.08,60.7,55,65,60,60
Ray Dominguez,Ray,Dominguez,Undrafted,Arkansas,OG,rSr/2011,,,Undrafted,246,NFL Combine,6040,334,5.48,3.13,1.88,21,27 1/2,"07'06""",4.9,7.74,9.875,34,,Pro Day,5.3,3,1.84,,28 1/2,"07'10""",4.75,7.99,60.7,57,64,60,60
Anthony Walters,Anthony,Walters,Undrafted,Delaware,FS,rSr/2011,,,Undrafted,264,NFL Combine,5117,204,,,,,,,,,,,,Pro Day,4.52,2.65,1.51,19,36 1/2,"10'06""",,,60.6,62,60,60,60
Derek Hall,Derek,Hall,Undrafted,Stanford,OT,rSr/2011,,,Undrafted,220,NFL Combine,6042,308,,,,,,,,,,,,Pro Day,5.56,3.12,1.83,21,26 1/2,"07'05""",4.9,7.75,60.6,62,60,60,60
Keith Williams,Keith,Williams,Steelers,Nebraska,OG,rSr/2011,6,31,196,216,NFL Combine,6042,318,5.36,3.11,1.89,23,24 1/2,"07'09""",5.03,8.42,10,32.375,,Pro Day,,,,23,,,,,60.4,61,61,60,60
Markus White,Markus,White,Redskins,Florida State,DE,rSr/2011,7,21,224,229,NFL Combine,6034,266,4.9,2.89,1.76,14,32 1/2,"09'09""",4.51,7.25,10,33.375,,Pro Day,4.82,2.89,1.75,15,32 1/2,"08'11""",4.59,7.65,60.4,55,64,60,60
Mark LeGree,Mark,LeGree,Seahawks,Appalachian State,FS,Sr/2011,5,25,156,186,NFL Combine,5114,210,4.59,2.69,1.63,21,31,"09'08""",4.09,6.9,9.25,30.25,,Pro Day,,,,,,,,,60.3,61,60,60,60
Jermale Hines,Jermale,Hines,Rams,Ohio State,SS,Sr/2011,5,27,158,174,NFL Combine,6011,219,4.72,2.77,1.7,19,31,,4.21,6.9,9.75,32.25,,Pro Day,4.59,2.63,1.56,,,"09'06""",,,60.3,61,60,60,60
Ronald Johnson,Ronald,Johnson,49ers,Southern California,WR,Sr/2011,6,17,182,172,NFL Combine,5112,199,4.57,2.67,1.61,16,,,,,9,30.75,,Pro Day,4.45,2.65,1.59,20,37 1/2,"10'04""",4.28,6.64,60.3,61,60,60,60
Ricky Elmore,Ricky,Elmore,Packers,Arizona,DE,rSr/2011,6,32,197,193,NFL Combine,6044,255,4.95,2.85,1.7,26,31 1/2,"08'10""",4.32,7.25,9.75,31,,Pro Day,4.84,2.78,1.65,,34 1/2,"09'07""",4.41,7.3,60.3,58,62,60,60
Zack Williams,Zack,Williams,Panthers,Maryland,C,rSr/2011,6,38,203,277,NFL Combine,6030,309,5.27,3.06,1.84,28,30,"08'07""",4.62,7.54,9.5,33.25,,Pro Day,,,,30,,,,,60.3,61,60,60,60
Jabara Williams,Jabara,Williams,Rams,Stephen F. Austin,OLB,rSr/2011,7,25,228,239,NFL Combine,6017,228,,,,,,,,,,,,Pro Day,4.57,2.65,1.48,17,36 1/2,"09'10""",4.3,7.04,60.3,61,60,60,60
Zane Taylor,Zane,Taylor,Undrafted,Utah,C,rSr/2011,,,Undrafted,188,NFL Combine,6024,309,5.61,3.22,1.94,33,25 1/2,"08'08""",4.77,8.15,10.25,33,,Pro Day,5.48,3.07,1.82,41,26 1/2,,,8,60.3,61,60,60,60
Zach Hurd,Zach,Hurd,Undrafted,Connecticut,OG,rSr/2011,,,Undrafted,179,NFL Combine,6066,316,5.34,3.03,1.81,,28,"08'05""",4.77,7.73,9.625,34.25,,Pro Day,,,,25,,,,,60.3,61,60,60,60
Mario Fannin,Mario,Fannin,Undrafted,Auburn,RB,rSr/2011,,,Undrafted,284,NFL Combine,5103,231,4.41,2.71,1.54,21,37 1/2,"09'07""",4.21,6.99,9.5,30.75,,Pro Day,,,,,,"09'08""",,,60.3,61,60,60,60
Johnny Culbreath,Johnny,Culbreath,Lions,South Carolina State,OT,rSr/2011,7,6,209,263,NFL Combine,6051,322,,,,,,,,,,,,Pro Day,5.02,2.89,1.86,27,30 1/2,"09'00""",4.83,7.76,60.0,60,60,60,60
Ryan Bartholomew,Ryan,Bartholomew,Undrafted,Syracuse,C,rSr/2011,,,Undrafted,297,NFL Combine,6011,302,4.97,2.9,1.74,34,26 1/2,"07'08""",4.62,7.62,9.625,33.75,,Pro Day,,,,,29,"08'03""",,,60.0,60,60,60,60
Kendric Burney,Kendric,Burney,Undrafted,North Carolina,CB,rSr/2011,,,Undrafted,224,NFL Combine,5093,186,4.82,2.81,1.73,14,32 1/2,"09'04""",,,9.125,29.25,,Pro Day,4.73,2.7,1.68,,30,"09'04""",4.4,6.91,60.0,60,60,60,60
Ryan Donahue,Ryan,Donahue,Undrafted,Iowa,P,rSr/2011,,,Undrafted,232,NFL Combine,6017,193,,,,,,,,,8.625,31.125,,Pro Day,,,,,,,,,60.0,60,60,60,60
Josh Portis,Josh,Portis,Undrafted,California (PA),QB,rSr/2011,,,Undrafted,269,NFL Combine,6027,211,4.69,2.79,1.71,,40,"10'06""",4.12,6.84,9.375,34.125,,Pro Day,,,,,,,,,60.0,60,60,60,60
*Darvin Adams,Darvin,Adams,Undrafted,Auburn,WR,Jr/2011,,,Undrafted,210,NFL Combine,6021,190,4.65,2.74,1.67,,,,,,9.25,34,,Pro Day,,,,,35,"09'09""",4.33,6.98,60.0,60,60,60,60
Scott Lutrus,Scott,Lutrus,Undrafted,Connecticut,OLB,rSr/2011,,,Undrafted,287,NFL Combine,6023,241,4.7,2.73,1.63,,38,"10'01""",4.09,6.89,10,31.125,,Pro Day,,,,18,,,,,59.9,59,60,60,60
D.J. Young,D.J.,Young,Undrafted,Michigan State,OT,rSr/2011,,,Undrafted,245,NFL Combine,6046,307,,,,,,,,,,,,Pro Day,5.17,3.01,1.84,36,29,"08'09""",4.7,7.92,59.9,59,60,60,60
Ugo Chinasa,Ugo,Chinasa,Undrafted,Oklahoma State,DE,rSr/2011,,,Undrafted,126,NFL Combine,6047,264,4.73,2.71,1.62,22,28,"09'09""",4.39,7.07,10,36,,Pro Day,4.61,2.63,1.64,,,,,,59.7,58,60,60,60
Markell Carter,Markell,Carter,Patriots,Central Arkansas,OLB,Sr/2011,6,29,194,256,NFL Combine,6043,252,,,,,,,,,,,,Pro Day,4.7,2.74,1.71,17,35 1/2,"10'01""",4.45,7.43,59.3,55,60,60,60
Ross Homan,Ross,Homan,Vikings,Ohio State,OLB,rSr/2011,6,35,200,112,NFL Combine,6006,240,4.77,2.72,1.64,32,35 1/2,"09'03""",4.34,7.21,9.75,30.5,,Pro Day,4.66,2.76,1.56,,,,,,59.3,55,60,60,60
Steve Schilling,Steve,Schilling,Chargers,Michigan,OG,rSr/2011,6,36,201,132,NFL Combine,6042,308,5.29,3.03,1.83,30,25 1/2,"08'02""",4.62,7.73,9.625,32.75,,Pro Day,,,,,,,,,59.3,55,60,60,60
Pep Levingston,Pep,Levingston,Seahawks,LSU,DE,rSr/2011,7,2,205,275,NFL Combine,6034,292,5.03,2.97,1.81,,29 1/2,"08'08""",4.62,7.29,10.375,33,,Pro Day,4.86,2.96,1.79,20,31,,,7.39,59.3,55,60,60,60
Kris O'Dowd,Kris,O'Dowd,Undrafted,Southern California,C,Sr/2011,,,Undrafted,119,NFL Combine,6041,304,5.16,2.98,1.8,31,32 1/2,"08'09""",4.59,7.67,9.5,32.5,,Pro Day,,,,,,,,,59.3,55,60,60,60
Jake Kirkpatrick,Jake,Kirkpatrick,Undrafted,Texas Christian,C,rSr/2011,,,Undrafted,234,NFL Combine,6017,300,,,,,,,,,,,,Pro Day,5.31,3.12,1.82,25,30 1/2,"08'06""",4.74,7.69,59.3,55,60,60,60
Alex Linnenkohl,Alex,Linnenkohl,Undrafted,Oregon State,C,rSr/2011,,,Undrafted,257,NFL Combine,6016,304,5.37,3.11,1.86,24,26 1/2,"07'05""",4.62,7.67,9.25,31.375,,Pro Day,,,,31,,"07'07""",,,59.3,55,60,60,60
Ryan Jones,Ryan,Jones,Undrafted,Northwest Missouri State,CB,rSr/2011,,,Undrafted,200,NFL Combine,5110,198,,,,,,,,,,,,Pro Day,4.46,2.61,1.61,19,40,"10'08""",4.18,6.84,59.3,55,60,60,60
Loyce Means,Loyce,Means,Undrafted,Houston,CB,Sr/2011,,,Undrafted,262,NFL Combine,5101,177,,,,,,,,,,,,Pro Day,,,,14,34,,,,59.3,55,60,60,60
Devon Torrence,Devon,Torrence,Undrafted,Ohio State,CB,Sr/2011,,,Undrafted,279,NFL Combine,5115,199,4.74,2.79,1.7,,33,"09'03""",4.09,6.95,9,30.375,,Pro Day,4.53,2.7,1.57,,,,4.05,6.75,59.3,55,60,60,60
Eddie Jones,Eddie,Jones,Undrafted,Texas,DE,rSr/2011,,,Undrafted,259,NFL Combine,6022,258,,,,,,,,,,,,Pro Day,,,,16,34,"11'00""",4.48,7.36,59.3,55,60,60,60
Ryan Winterswyk,Ryan,Winterswyk,Undrafted,Boise State,DE,rSr/2011,,,Undrafted,265,NFL Combine,6041,268,5,2.91,1.72,18,30,"09'03""",4.37,7.01,9.75,32.75,,Pro Day,4.85,2.84,1.76,22,30 1/2,,,,59.3,55,60,60,60
Martin Parker,Martin,Parker,Undrafted,Richmond,DT,rSr/2011,,,Undrafted,195,NFL Combine,6021,303,5.04,2.9,1.78,22,29,"08'08""",4.57,7.56,9.75,33.75,,Pro Day,4.92,2.89,1.7,23,,,,,59.3,55,60,60,60
Ollie Ogbu,Ollie,Ogbu,Undrafted,Penn State,DT,rSr/2011,,,Undrafted,206,NFL Combine,6007,298,,,,,,,,,,,,Pro Day,4.84,2.78,1.63,26,25 1/2,"09'11""",4.63,7.69,59.3,55,60,60,60
Anthony Gray,Anthony,Gray,Undrafted,Southern Miss,DT,rSr/2011,,,Undrafted,290,NFL Combine,5113,330,,,,,,,,,,,,Pro Day,5.16,2.95,1.63,39,31 1/2,"09'04""",4.61,7.97,59.3,55,60,60,60
Deunta Williams,Deunta,Williams,Undrafted,North Carolina,FS,rSr/2011,,,Undrafted,145,NFL Combine,6016,205,,,,,,,,,10,33.25,,Pro Day,,,,,,,,,59.3,55,60,60,60
*Jerrard Tarrant,Jerrard,Tarrant,Undrafted,Georgia Tech,FS,rJr/2011,,,Undrafted,164,NFL Combine,6003,204,4.63,2.66,1.57,14,33,"09'06""",4.21,6.92,9.25,30.75,,Pro Day,4.5,2.6,1.58,,,,4.37,,59.3,55,60,60,60
Josh Jasper,Josh,Jasper,Undrafted,LSU,K,Sr/2011,,,Undrafted,289,NFL Combine,5101,174,,,,,,,,,8.125,30.125,,Pro Day,,,,,,,,,59.3,55,60,60,60
Danny Aiken,Danny,Aiken,Undrafted,Virginia,LS,Sr/2011,,,Undrafted,261,NFL Combine,6042,244,5.11,2.97,1.79,11,,,,,9.5,32.25,,Pro Day,5,2.94,1.8,13,32,"08'08""",4.67,7.45,59.3,55,60,60,60
Carl Johnson,Carl,Johnson,Undrafted,Florida,OG,rSr/2011,,,Undrafted,285,NFL Combine,6050,361,5.43,3.2,1.95,25,25 1/2,"08'00""",5.03,,10.25,36.5,,Pro Day,,,,,25 1/2,,,8.26,59.3,55,60,60,60
Adrian Moten,Adrian,Moten,Undrafted,Maryland,OLB,rSr/2011,,,Undrafted,190,NFL Combine,6015,228,4.6,2.69,1.63,18,31,"09'06""",4.21,7.05,9.5,31.375,,Pro Day,4.55,2.57,1.68,,32 1/2,"10'08""",4.51,7.32,59.3,55,60,60,60
Jeremiha Hunter,Jeremiha,Hunter,Undrafted,Iowa,OLB,rSr/2011,,,Undrafted,250,NFL Combine,6004,239,4.83,2.78,1.65,20,31 1/2,"09'08""",,,9.75,32,,Pro Day,4.65,2.65,1.57,19,34,"09'10""",,,59.3,55,60,60,60
Trevis Turner,Trevis,Turner,Undrafted,Abilene Christian,OT,Sr/2011,,,Undrafted,293,NFL Combine,6071,333,,,,,,,,,,,,Pro Day,5.39,3.04,1.93,22,21 1/2,"07'10""",5.12,8.9,59.3,55,60,60,60
Reid Forrest,Reid,Forrest,Undrafted,Washington State,P,rSr/2011,,,Undrafted,276,NFL Combine,6001,189,,,,,,,,,8.5,32,,Pro Day,4.69,2.65,1.61,,32 1/2,"08'10""",,,59.3,55,60,60,60
Adam Froman,Adam,Froman,Undrafted,Louisville,QB,Sr/2011,,,Undrafted,221,NFL Combine,6040,220,,,,,,,,,,,,Pro Day,4.54,2.64,1.59,,30 1/2,"09'04""",4.16,6.8,59.3,55,60,60,60
Taylor Potts,Taylor,Potts,Undrafted,Texas Tech,QB,rSr/2011,,,Undrafted,255,NFL Combine,6041,218,,,,,,,,,,,,Pro Day,5.01,2.84,1.69,,30 1/2,"09'09""",4.4,6.96,59.3,55,60,60,60
Derrick Locke,Derrick,Locke,Undrafted,Kentucky,RB,Sr/2011,,,Undrafted,209,NFL Combine,5082,188,4.5,2.66,1.6,16,37 1/2,"09'10""",4.15,6.98,9,28.875,,Pro Day,,,,,,,,,59.3,55,60,60,60
Noel Devine,Noel,Devine,Undrafted,West Virginia,RB,Sr/2011,,,Undrafted,268,NFL Combine,5074,179,,,,24,,,,,8.625,29.25,,Pro Day,4.43,2.54,1.51,,35 1/2,"10'01""",4.25,6.88,59.3,55,60,60,60
DeAndre McDaniel,DeAndre,McDaniel,Undrafted,Clemson,SS,Sr/2011,,,Undrafted,120,NFL Combine,6001,217,4.69,2.72,1.63,,35,"09'08""",,,10.125,32.5,,Pro Day,4.67,2.76,1.69,,,"09'10""",4.39,7.07,59.3,55,60,60,60
Nate Williams,Nate,Williams,Undrafted,Washington,SS,Sr/2011,,,Undrafted,223,NFL Combine,6000,211,4.78,2.79,1.69,17,30 1/2,"09'06""",4.15,6.98,9,31.125,,Pro Day,4.69,2.7,1.69,18,30 1/2,,,,59.3,55,60,60,60
Andre Smith,Andre,Smith,Undrafted,Virginia Tech,TE,rSr/2011,,,Undrafted,187,NFL Combine,6043,270,,,,,,,,,,,,Pro Day,4.78,2.83,1.71,22,33 1/2,"09'11""",4.3,7.13,59.3,55,60,60,60
Schuylar Oordt,Schuylar,Oordt,Undrafted,Northern Iowa,TE,rSr/2011,,,Undrafted,238,NFL Combine,6056,261,4.67,2.74,1.64,18,36,"09'11""",4.25,6.83,9.875,33.75,,Pro Day,,,,22,,,,,59.3,55,60,60,60
Collin Franklin,Collin,Franklin,Undrafted,Iowa State,TE,rSr/2011,,,Undrafted,248,NFL Combine,6055,256,,,,,,,,,,,,Pro Day,4.69,2.75,1.65,28,34 1/2,"10'04""",4.29,7.44,59.3,55,60,60,60
Demario Ballard,Demario,Ballard,Undrafted,Western Oregon,WR,rSr/2011,,,Undrafted,272,NFL Combine,6054,219,,,,,,,,,,,,Pro Day,4.49,2.62,1.56,9,35 1/2,"10'08""",4.28,7.17,59.3,55,60,60,60
Courtney Smith,Courtney,Smith,Undrafted,South Alabama,WR,Sr/2011,,,Undrafted,281,NFL Combine,6040,223,,,,,,,,,,,,Pro Day,4.65,2.74,1.66,18,32,"09'08""",4.07,6.98,59.3,55,60,60,60
Marshall Williams,Marshall,Williams,Undrafted,Wake Forest,WR,rSr/2011,,,Undrafted,299,NFL Combine,6006,188,4.63,2.71,1.62,9,35 1/2,"10'03""",4.09,6.61,9.25,32,,Pro Day,4.62,2.75,1.59,7,34,"10'00""",,,59.3,55,60,60,60
