full_name,first_name,last_name,draft_team,college,position,class/year,round,pick,overall,ds_rank,category,ht,wt,yd40,yd20,yd10,bench,vert,broad,shut20,cone3,hand_size,arm_length,wingspan,category,yd40,yd20,yd10,bench,vert,broad,shut20,cone3,rating,madden14,madden15,madden16,madden17
*Luke Kuechly,Luke,Kuechly,Panthers,Boston College,ILB,Jr/2012,1,9,9,9,NFL Combine,6032,242,4.58,2.63,1.57,27,38,"10'03""",4.12,6.92,9 3/4,31,,Pro Day,,,,,,,,,96.0,89,94,96,99
Harrison Smith,Harrison,Smith,Vikings,Notre Dame,SS,rSr/2012,1,29,29,46,NFL Combine,6017,213,4.57,2.66,1.56,19,34,"10'02""",4.12,6.63,10 1/4,32 5/8,,Pro Day,,,,,,,,,90.9,84,84,93,94
Russell Wilson,Russell,Wilson,Seahawks,Wisconsin,QB,rSr/2012,3,12,75,121,NFL Combine,5105,204,4.55,2.66,1.59,,34,"09'10""",4.09,6.97,10 1/4,31,,Pro Day,,,,,,,,,90.7,89,93,89,91
*Andrew Luck,Andrew,Luck,Colts,Stanford,QB,rJr/2012,1,1,1,1,NFL Combine,6040,234,4.67,2.75,1.65,,36,"10'04""",4.28,6.8,10,32 5/8,,Pro Day,,,,,,,,,90.6,88,88,94,88
Lavonte David,Lavonte,David,Bucs,Nebraska,OLB,Sr/2012,2,26,58,41,NFL Combine,6005,233,4.65,2.68,1.6,19,36 1/2,"09'11""",4.22,7.28,8 3/4,31 3/4,,Pro Day,,,,,,,,,89.9,89,93,91,86
Bobby Wagner,Bobby,Wagner,Seahawks,Utah State,OLB,Sr/2012,2,15,47,49,NFL Combine,6003,241,,,,,,,,,,,,Pro Day,4.46,2.64,1.57,24,39 1/2,"11'00""",4.28,7.1,89.7,88,88,92,88
*Fletcher Cox,Fletcher,Cox,Eagles,Mississippi State,DT,Jr/2012,1,12,12,7,NFL Combine,6040,298,4.79,2.82,1.66,30,26,"08'07""",4.53,7.07,10 3/8,34 1/2,,Pro Day,,,,,26,"09'00""",,,89.4,79,84,92,93
*Dont'a Hightower,Dont'a,Hightower,Patriots,Alabama,ILB,rJr/2012,1,25,25,25,NFL Combine,6022,265,4.68,2.74,1.66,,32,,,,9 3/4,32 5/8,,Pro Day,,,,,33,"09'09""",4.64,7.55,89.0,80,84,93,90
*Alshon Jeffery,Alshon,Jeffery,Bears,South Carolina,WR,Jr/2012,2,13,45,45,NFL Combine,6027,216,,,,,,,,,10 1/4,33,,Pro Day,4.48,2.63,1.64,,36 1/2,"10'02""",4.17,6.71,88.4,75,91,90,91
Kevin Zeitler,Kevin,Zeitler,Bengals,Wisconsin,OG,Sr/2012,1,27,27,33,NFL Combine,6037,314,5.39,3.09,1.81,32,29,"08'05""",4.61,7.77,10 1/4,32 3/4,,Pro Day,,,,,,,,,87.9,87,83,89,89
Kelechi Osemele,Kelechi,Osemele,Ravens,Iowa State,OT,rSr/2012,2,29,60,55,NFL Combine,6054,333,5.36,3.07,1.87,32,26 1/2,"08'08""",4.87,7.91,10 1/4,35 7/8,,Pro Day,,,,36,,,,,87.0,80,81,90,89
T.Y. Hilton,T.Y.,Hilton,Colts,Florida International,WR,Sr/2012,3,30,92,89,NFL Combine,5094,183,,,,,,,,,8 1/2,32,,Pro Day,4.34,2.51,1.53,7,35 1/2,"09'11""",4.36,7.03,87.0,79,85,89,89
Doug Martin,Doug,Martin,Bucs,Boise State,RB,rSr/2012,1,31,31,35,NFL Combine,5092,223,4.55,2.69,1.64,28,36,"10'00""",4.16,6.79,9,30 1/2,,Pro Day,,,,,,,,,86.4,90,89,78,90
*Dontari Poe,Dontari,Poe,Chiefs,Memphis,DT,rJr/2012,1,11,11,19,NFL Combine,6034,346,4.98,2.86,1.69,44,29 1/2,"08'09""",4.56,7.9,9 5/8,32,,Pro Day,,,,,,,,,86.3,78,91,87,85
Cordy Glenn,Cordy,Glenn,Bills,Georgia,OT,Sr/2012,2,9,41,21,NFL Combine,6056,345,5.15,2.95,1.84,31,23 1/2,"07'09""",5,8.13,10 1/8,35 3/4,,Pro Day,,,,,,,,,86.3,77,88,86,89
*Vontaze Burfict,Vontaze,Burfict,Undrafted,Arizona State,ILB,Jr/2012,,,Undrafted,243,NFL Combine,6013,248,5.09,2.96,1.78,,30,"08'08""",,,9 3/4,31 1/4,,Pro Day,,,,16,30,,4.56,7.51,85.9,77,88,86,88
Mike Daniels,Mike,Daniels,Packers,Iowa,DT,rSr/2012,4,37,132,156,NFL Combine,6004,291,,,,,,,,,9 5/8,32 1/2,,Pro Day,,,,,,,,,85.7,71,75,89,92
Josh Norman,Josh,Norman,Panthers,Coastal Carolina,CB,Sr/2012,5,8,143,225,NFL Combine,6002,197,4.66,2.72,1.59,14,33,"10'04""",4.23,7.09,9 1/4,32 3/4,,Pro Day,4.57,2.63,1.62,,,,4.53,6.92,85.7,74,76,84,94
*Chandler Jones,Chandler,Jones,Patriots,Syracuse,DE,rJr/2012,1,21,21,30,NFL Combine,6053,266,4.87,2.86,1.69,22,35,"10'00""",4.38,7.07,9 3/4,35 1/2,,Pro Day,,,,,35,"09'11""",,,85.1,81,87,88,82
*Stephon Gilmore,Stephon,Gilmore,Bills,South Carolina,CB,Jr/2012,1,10,10,15,NFL Combine,6004,190,4.4,2.54,1.52,15,36,"10'03""",3.94,6.61,9 1/4,31,,Pro Day,,,,,,,,,85.0,82,85,86,85
Casey Hayward,Casey,Hayward,Packers,Vanderbilt,CB,Sr/2012,2,31,62,72,NFL Combine,5113,192,4.57,2.65,1.62,19,34,"09'11""",3.9,6.76,9,30 1/4,,Pro Day,,,,,,,,,85.0,86,85,85,84
*David DeCastro,David,DeCastro,Steelers,Stanford,OG,rJr/2012,1,24,24,10,NFL Combine,6047,316,5.43,3.09,1.84,34,29 1/2,"08'02""",4.56,7.3,10,32 3/4,,Pro Day,,,,,,,,,84.7,79,85,87,84
*Olivier Vernon,Olivier,Vernon,Dolphins,Miami (FL),DE,Jr/2012,3,9,72,181,NFL Combine,6021,261,4.8,2.78,1.64,31,34 1/2,"10'02""",4.5,7.39,10 1/8,33,,Pro Day,4.64,2.78,1.63,,,,,,84.0,69,80,83,91
Michael Floyd,Michael,Floyd,Cardinals,Notre Dame,WR,Sr/2012,1,13,13,12,NFL Combine,6025,220,4.47,2.66,1.59,16,36 1/2,"10'02""",,,9 3/8,32 7/8,,Pro Day,,,,,,,4.37,7.11,83.7,75,83,86,85
Blair Walsh,Blair,Walsh,Vikings,Georgia,K,Sr/2012,6,5,175,249,NFL Combine,5092,187,,,,,,,,,8 3/8,29 3/8,,Pro Day,,,,,,,,,83.6,92,81,79,81
*Lamar Miller,Lamar,Miller,Dolphins,Miami (FL),RB,rSo/2012,4,2,97,61,NFL Combine,5106,212,4.4,2.55,1.53,,33,,,,9 1/4,31 3/8,,Pro Day,,,,,35 1/2,"10'00""",4.08,6.94,83.4,75,77,84,88
Janoris Jenkins,Janoris,Jenkins,Rams,North Alabama,CB,Sr/2012,2,7,39,48,NFL Combine,5100,193,4.46,2.58,1.55,,33 1/2,"10'01""",4.13,6.95,8 1/4,32,,Pro Day,,,,,,,,,83.3,82,84,81,85
*Dwayne Allen,Dwayne,Allen,Colts,Clemson,TE,rJr/2012,3,1,64,53,NFL Combine,6031,255,4.89,2.85,1.73,27,32,"09'02""",4.37,7.12,9 5/8,33,,Pro Day,,,,,,,,,83.3,84,84,85,80
Ryan Tannehill,Ryan,Tannehill,Dolphins,Texas AM,QB,rSr/2012,1,8,8,8,NFL Combine,6037,221,,,,,,,,,9,32 5/8,,Pro Day,,,,,,,,,82.6,81,84,85,79
Bryan Anger,Bryan,Anger,Jags,California,P,rSr/2012,3,7,70,97,NFL Combine,6035,208,,,,,,,,,9 1/8,33 1/4,,Pro Day,,,,,,,,,82.6,78,78,86,82
Bruce Irvin,Bruce,Irvin,Seahawks,West Virginia,OLB,Sr/2012,1,15,15,52,NFL Combine,6030,245,4.5,2.66,1.58,23,33 1/2,"10'03""",4.03,6.7,9 5/8,33 3/8,,Pro Day,,,,,,,,,82.3,79,83,84,81
Mychal Kendricks,Mychal,Kendricks,Eagles,California,ILB,Sr/2012,2,14,46,57,NFL Combine,5111,239,4.56,2.61,1.53,24,39 1/2,"10'07""",4.19,,9 3/8,31 5/8,,Pro Day,,,,,,,4.14,6.68,82.3,72,76,86,85
Coby Fleener,Coby,Fleener,Colts,Stanford,TE,rSr/2012,2,2,34,31,NFL Combine,6060,247,,,,27,,,,,10,33 3/8,,Pro Day,4.51,2.65,1.56,,37,"09'08""",4.3,7.02,82.1,77,80,83,84
Kendall Wright,Kendall,Wright,Titans,Baylor,WR,Sr/2012,1,20,20,24,NFL Combine,5102,196,4.61,2.76,1.69,,38 1/2,"10'01""",4.18,6.93,8 5/8,30 1/2,,Pro Day,4.42,2.65,1.53,4,,,,,82.0,78,86,83,79
*Whitney Mercilus,Whitney,Mercilus,Texans,Illinois,DE,rJr/2012,1,26,26,22,NFL Combine,6035,261,4.68,2.69,1.58,27,32,"09'10""",4.53,7.17,9 1/4,33 7/8,,Pro Day,,,,,,,4.47,7.03,81.9,77,72,80,88
Mitchell Schwartz,Mitchell,Schwartz,Browns,California,OT,rSr/2012,2,5,37,76,NFL Combine,6053,318,5.45,3.16,1.92,23,26 1/2,"07'05""",4.87,7.86,10,33 1/2,,Pro Day,,,,,,,,,81.9,83,78,77,86
Derek Wolfe,Derek,Wolfe,Broncos,Cincinnati,DT,Sr/2012,2,4,36,82,NFL Combine,6051,295,5.01,2.85,1.69,33,33 1/2,"09'00""",4.44,7.26,10 3/4,33 1/4,,Pro Day,,,,,,,,,81.7,74,76,82,86
Brandon Brooks,Brandon,Brooks,Texans,Miami (OH),OG,rSr/2012,3,13,76,63,NFL Combine,6050,346,,,,,,,,,,,,Pro Day,4.99,2.79,1.71,36,32,"08'09""",4.53,7.37,81.7,68,83,87,80
Melvin Ingram,Melvin,Ingram,Chargers,South Carolina,OLB,rSr/2012,1,18,18,13,NFL Combine,6014,264,4.79,,1.62,28,34 1/2,"09'01""",4.18,6.83,9 5/8,31 1/2,,Pro Day,,,,,,,,,81.6,77,78,79,86
*Riley Reiff,Riley,Reiff,Lions,Iowa,OT,rJr/2012,1,23,23,16,NFL Combine,6056,313,5.23,3.02,1.82,23,26 1/2,"08'02""",4.75,7.87,10 1/8,33 1/4,,Pro Day,,,,26,29 1/2,,,,81.4,77,80,82,83
George Iloka,George,Iloka,Bengals,Boise State,FS,Sr/2012,5,32,167,81,NFL Combine,6035,225,4.66,2.66,1.61,20,34 1/2,"10'04""",4.03,7.03,9 5/8,34 1/2,,Pro Day,,,,,,,,,81.1,65,77,86,84
Malik Jackson,Malik,Jackson,Broncos,Tennessee,DE,Sr/2012,5,2,137,210,NFL Combine,6046,284,4.91,,1.73,25,28,"08'09""",4.41,7.38,9,33 3/4,,Pro Day,,,,,,,,,81.0,65,76,84,86
Brandon Marshall,Brandon,Marshall,Jags,Nevada,OLB,rSr/2012,5,7,142,294,NFL Combine,6013,242,4.81,2.82,1.71,28,30 1/2,"09'00""",4.09,7.05,10 3/8,33 3/4,,Pro Day,4.63,2.76,1.68,,29 1/2,"09'02""",4.18,,81.0,65,64,84,90
*Michael Brockers,Michael,Brockers,Rams,LSU,DT,rSo/2012,1,14,14,17,NFL Combine,6050,322,5.36,3.12,1.81,,26 1/2,"08'09""",4.81,7.46,9 1/8,35,,Pro Day,5.18,3.01,1.73,21,30,"08'02""",4.78,7.48,80.4,82,81,80,79
Brad Nortman,Brad,Nortman,Panthers,Wisconsin,P,Sr/2012,6,38,207,288,NFL Combine,6024,213,,,,,,,,,9,32 1/2,,Pro Day,4.78,2.77,1.64,12,35,"10'01""",4.31,6.81,80.4,69,85,81,81
*Robert Griffin III,Robert,Griffin III,Redskins,Baylor,QB,rJr/2012,1,2,2,2,NFL Combine,6023,223,4.41,2.58,1.53,,39,"10'00""",,,9 1/2,32 1/4,,Pro Day,,,,,,,,,80.3,89,82,78,73
Mike Adams,Mike,Adams,Steelers,Ohio State,OT,Sr/2012,2,24,56,40,NFL Combine,6072,323,5.4,3.13,1.83,19,28 1/2,"08'04""",4.95,7.94,10 7/8,34,,Pro Day,,,,21,,,,,80.3,73,78,85,78
Akiem Hicks,Akiem,Hicks,Saints,Regina,DT,rSr/2012,3,27,89,124,NFL Combine,6045,318,5.23,3.05,1.77,26,31 1/2,"09'00""",4.86,7.75,10 1/4,35 1/8,,Pro Day,,,,27,32,"09'02""",,7.39,80.1,79,82,81,78
*Matt Kalil,Matt,Kalil,Vikings,Southern California,OT,rJr/2012,1,4,4,3,NFL Combine,6065,306,5.13,2.96,1.81,30,27,,4.65,7.33,10 3/8,34 1/2,,Pro Day,,,,,,,,,80.0,87,80,73,80
*Rueben Randle,Rueben,Randle,Giants,LSU,WR,Jr/2012,2,32,63,34,NFL Combine,6027,210,4.55,2.66,1.59,15,31,"10'01""",4.36,6.99,9 1/2,33,,Pro Day,4.43,2.57,1.52,,31,"10'01""",4.56,,79.3,76,77,82,78
Courtney Upshaw,Courtney,Upshaw,Ravens,Alabama,DE,Sr/2012,2,3,35,18,NFL Combine,6015,272,,,,22,,,,,9,32,,Pro Day,4.74,2.72,1.67,,27,"09'01""",4.6,7.32,79.0,79,78,80,78
Marvin Jones,Marvin,Jones,Bengals,California,WR,Sr/2012,5,31,166,74,NFL Combine,6017,199,4.46,2.58,1.51,22,33,"09'04""",4.11,6.81,10 1/4,33 1/8,,Pro Day,,,,,,,,,79.0,70,81,78,82
Tyrone Crawford,Tyrone,Crawford,Cowboys,Boise State,DE,Sr/2012,3,19,81,54,NFL Combine,6042,275,4.89,,1.74,28,33,"09'05""",4.44,7.09,9 1/2,33 3/4,,Pro Day,4.78,2.8,1.69,,,,,,78.9,72,74,82,80
Nigel Bradham,Nigel,Bradham,Bills,Florida State,OLB,Sr/2012,4,10,105,111,NFL Combine,6017,241,4.66,2.74,1.69,24,37,"10'01""",4.37,7.18,10 1/2,33 3/4,,Pro Day,,,,,,,,,78.7,73,77,83,76
Robert Blanton,Robert,Blanton,Vikings,Notre Dame,CB,Sr/2012,5,4,139,241,NFL Combine,6006,208,4.7,2.7,1.58,12,34,"09'08""",3.97,6.71,9 1/8,31 1/4,,Pro Day,4.52,2.53,1.55,,,,,,78.7,71,70,86,76
Mark Barron,Mark,Barron,Bucs,Alabama,SS,Sr/2012,1,7,7,14,NFL Combine,6010,213,,,,,,,,,9 1/2,33 5/8,,Pro Day,4.54,2.65,1.63,,34 1/2,"10'02""",,,78.6,80,82,78,75
*Nick Perry,Nick,Perry,Packers,Southern California,DE,rJr/2012,1,28,28,27,NFL Combine,6026,271,4.64,2.65,1.58,35,38 1/2,"10'04""",4.66,7.25,9 1/2,33,,Pro Day,,,,,,,,,78.6,76,73,79,81
Zach Brown,Zach,Brown,Titans,North Carolina,OLB,Sr/2012,2,20,52,66,NFL Combine,6012,244,4.5,2.65,1.66,,33 1/2,"09'08""",,,9 1/2,33 1/4,,Pro Day,4.48,2.64,1.62,22,35,,4.32,7.26,78.6,79,75,75,82
*Trent Richardson,Trent,Richardson,Browns,Alabama,RB,Jr/2012,1,3,3,4,NFL Combine,5092,228,,,,,,,,,9 1/2,30 1/4,,Pro Day,4.48,2.56,1.56,25,,,,,78.3,87,80,75,72
Vinny Curry,Vinny,Curry,Eagles,Marshall,DE,rSr/2012,2,28,59,43,NFL Combine,6031,266,4.98,,1.76,,32,"09'02""",4.4,6.9,9 1/4,32 3/4,,Pro Day,4.69,2.72,1.58,28,35,"09'03""",,,78.3,70,77,81,79
Kirk Cousins,Kirk,Cousins,Redskins,Michigan State,QB,rSr/2012,4,7,102,65,NFL Combine,6025,214,4.93,2.87,1.71,,28 1/2,"09'01""",4.5,7.05,9 7/8,31 3/4,,Pro Day,,,,,,,,,78.1,75,77,73,83
Ladarius Green,Ladarius,Green,Chargers,Louisiana,TE,Sr/2012,4,15,110,93,NFL Combine,6056,238,4.56,2.65,1.62,16,34 1/2,"10'04""",4.47,7.12,10 1/8,34 1/2,,Pro Day,,,,17,35 1/2,"10'06""",,,78.0,68,79,78,81
Tahir Whitehead,Tahir,Whitehead,Lions,Temple,OLB,Sr/2012,5,3,138,232,NFL Combine,6012,233,4.7,2.65,1.63,21,37,"10'04""",4.37,7.14,10 1/4,32 3/8,,Pro Day,4.68,2.6,1.56,21,35 1/2,"10'07""",4.16,7.18,77.9,66,66,82,83
Quinton Coples,Quinton,Coples,Jets,North Carolina,DE,Sr/2012,1,16,16,11,NFL Combine,6056,284,4.78,2.81,1.68,25,31 1/2,"09'01""",4.78,7.57,10 1/4,33 1/4,,Pro Day,,,,,,,,,77.6,75,79,79,76
Nick Foles,Nick,Foles,Eagles,Arizona,QB,rSr/2012,3,26,88,200,NFL Combine,6050,243,5.14,2.96,1.77,,30 1/2,"09'04""",,,10 5/8,34 1/4,,Pro Day,4.99,2.9,1.79,,33 1/2,"09'00""",4.68,7.14,77.6,75,88,78,68
Jaye Howard,Jaye,Howard,Seahawks,Florida,DT,rSr/2012,4,19,114,141,NFL Combine,6030,301,4.82,2.83,1.68,24,27 1/2,"08'10""",4.47,7.32,9 7/8,33,,Pro Day,,,,,24 1/2,"08'09""",4.82,,77.6,66,68,80,83
Trumaine Johnson,Trumaine,Johnson,Rams,Montana,CB,Sr/2012,3,2,65,62,NFL Combine,6017,204,4.61,2.71,1.66,19,35 1/2,"10'02""",4.15,7.2,9 3/8,33 1/4,,Pro Day,,,,,,,,,77.3,74,77,75,80
Brandon Boykin,Brandon,Boykin,Eagles,Georgia,CB,Sr/2012,4,28,123,51,NFL Combine,5094,182,,,,,,,,,9 3/8,31 1/2,,Pro Day,,,,,,,,,77.1,72,80,82,71
Jeremy Lane,Jeremy,Lane,Seahawks,Northwestern State,CB,Sr/2012,6,2,172,161,NFL Combine,6000,190,,,,,,,,,,,,Pro Day,4.48,2.59,1.58,12,42,"10'10""",4.14,7.02,77.1,71,78,79,77
Demario Davis,Demario,Davis,Jets,Arkansas State,OLB,rSr/2012,3,14,77,91,NFL Combine,6020,235,4.61,2.71,1.66,32,38 1/2,"10'04""",4.28,7.19,9,32,,Pro Day,4.52,2.72,1.63,,38 1/2,,,,76.9,71,72,81,76
Robert Turbin,Robert,Turbin,Seahawks,Utah State,RB,rJr/2012,4,11,106,90,NFL Combine,5100,222,4.5,2.66,1.6,28,36,"10'02""",4.31,7.16,9 3/4,31,,Pro Day,,,,,,,,,76.9,76,78,78,75
*Bobby Massie,Bobby,Massie,Cardinals,Mississippi,OT,Jr/2012,4,17,112,42,NFL Combine,6061,316,5.23,3.02,1.84,22,27 1/2,"08'07""",4.95,7.7,9,35,,Pro Day,,,,,,,,,76.9,76,75,79,75
Antonio Allen,Antonio,Allen,Jets,South Carolina,SS,rSr/2012,7,35,242,142,NFL Combine,6014,210,4.67,2.72,1.66,17,34,"09'10""",4.25,7.02,9 3/8,32 1/2,,Pro Day,4.59,2.64,1.61,,,,,,76.7,67,75,79,79
*Justin Blackmon,Justin,Blackmon,Jags,Oklahoma State,WR,rJr/2012,1,5,5,6,NFL Combine,6007,207,,,,14,,,,,9 1/4,32 1/2,,Pro Day,4.46,2.6,1.53,,35,"10'03""",4.38,7.13,76.4,81,83,76,68
Ronald Leary,Ronald,Leary,Undrafted,Memphis,OG,rSr/2012,,,Undrafted,187,NFL Combine,6027,315,5.36,3.1,1.89,30,29,"08'08""",4.91,7.87,8 5/8,34 3/4,,Pro Day,,,,,,,,,76.3,62,73,83,75
*Dre Kirkpatrick,Dre,Kirkpatrick,Bengals,Alabama,CB,Jr/2012,1,17,17,20,NFL Combine,6015,186,4.57,2.72,1.56,,35,"10'00""",,,9 1/2,30 5/8,,Pro Day,,,,,,,,7.2,76.1,76,74,77,76
*Josh Robinson,Josh,Robinson,Vikings,Central Florida,CB,Jr/2012,3,3,66,50,NFL Combine,5101,199,4.33,2.55,1.51,17,38 1/2,"11'01""",3.97,6.55,9 1/4,31 1/4,,Pro Day,,,,,,,,,75.9,73,74,78,75
Brian Quick,Brian,Quick,Rams,Appalachian State,WR,rSr/2012,2,1,33,67,NFL Combine,6034,220,4.55,2.68,1.63,15,34,"09'11""",4.23,7.1,9 3/4,34 1/4,,Pro Day,4.53,2.59,1.47,,,,,,75.7,73,72,79,74
Jeff Allen,Jeff,Allen,Chiefs,Illinois,OT,Sr/2012,2,12,44,73,NFL Combine,6037,307,5.28,3.09,1.87,26,27 1/2,"08'06""",4.9,8.01,10,33 1/2,,Pro Day,,,,,,,4.79,7.57,75.7,69,77,75,78
Rhett Ellison,Rhett,Ellison,Vikings,Southern California,TE,rSr/2012,4,33,128,149,NFL Combine,6047,251,4.88,2.87,1.71,,31 1/2,"09'01""",,,10 1/4,32 3/4,,Pro Day,4.69,2.77,1.63,,32 1/2,"09'03""",4.39,7.16,75.6,80,77,74,72
*Morris Claiborne,Morris,Claiborne,Cowboys,LSU,CB,Jr/2012,1,6,6,5,NFL Combine,5111,188,4.5,2.61,1.57,,34 1/2,"09'10""",4.12,7.01,8 1/2,33 1/4,,Pro Day,4.43,2.58,1.56,,35,"09'09""",,,75.3,82,77,73,70
Kendall Reyes,Kendall,Reyes,Chargers,Connecticut,DT,rSr/2012,2,17,49,36,NFL Combine,6041,299,4.95,2.86,1.69,36,34 1/2,"09'05""",4.53,7.43,9 1/2,33 1/4,,Pro Day,,,,,,,,,75.3,80,79,75,69
Mike Martin,Mike,Martin,Titans,Michigan,DT,Sr/2012,3,20,82,84,NFL Combine,6013,306,4.88,2.81,1.68,36,33 1/2,"09'05""",4.25,7.19,9 1/8,32 1/4,,Pro Day,,,,,,,,,75.3,82,75,74,70
*Bernard Pierce,Bernard,Pierce,Ravens,Temple,RB,Jr/2012,3,22,84,106,NFL Combine,6002,218,4.49,2.66,1.6,17,36 1/2,"10'03""",4.28,7.07,9 1/4,31 1/2,,Pro Day,4.38,2.53,1.5,,,,4.5,7.53,75.3,82,79,72,70
Donald Stephenson,Donald,Stephenson,Chiefs,Oklahoma,OT,rSr/2012,3,11,74,94,NFL Combine,6054,312,4.94,2.83,1.68,19,35 1/2,"09'06""",4.78,7.52,9 7/8,34 7/8,,Pro Day,,,,,,,,,74.9,72,77,77,72
*Brock Osweiler,Brock,Osweiler,Broncos,Arizona State,QB,Jr/2012,2,25,57,83,NFL Combine,6067,242,,,,,,,,,9 7/8,33 7/8,,Pro Day,,,,,,,,,74.7,73,73,73,77
*Ronnie Hillman,Ronnie,Hillman,Broncos,San Diego State,RB,rSo/2012,3,4,67,119,NFL Combine,5086,200,4.45,2.62,1.58,17,37,,,,8 1/2,30,,Pro Day,,,,,,,,,74.6,72,74,74,76
Shea McClellin,Shea,McClellin,Bears,Boise State,OLB,rSr/2012,1,19,19,23,NFL Combine,6033,260,4.75,2.69,1.59,19,31 1/2,"09'10""",4.33,7.07,10 1/8,32 3/4,,Pro Day,,,,,,,,,74.4,66,67,78,77
Billy Winn,Billy,Winn,Browns,Boise State,DE,rSr/2012,6,36,205,78,NFL Combine,6036,294,5,2.85,1.72,24,27,"08'11""",4.44,7.37,9,32 1/2,,Pro Day,4.84,2.88,1.72,24,,,,,74.4,75,79,77,67
Rishard Matthews,Rishard,Matthews,Dolphins,Nevada,WR,Sr/2012,7,20,227,107,NFL Combine,6003,217,4.62,2.75,1.65,20,36,,4.19,6.88,9 1/8,32 1/2,,Pro Day,4.44,2.59,1.56,,,"10'03""",,,74.4,65,75,72,79
Ben Jones,Ben,Jones,Texans,Georgia,C,Sr/2012,4,4,99,112,NFL Combine,6025,303,5.44,3.12,1.86,29,30 1/2,"08'09""",4.74,7.95,9 5/8,32 1/2,,Pro Day,,,,,,,,,74.3,74,73,75,74
Kyle Wilber,Kyle,Wilber,Cowboys,Wake Forest,OLB,rSr/2012,4,18,113,120,NFL Combine,6036,249,4.86,2.84,1.72,25,33 1/2,"09'09""",4.31,7.11,9 1/4,33 1/4,,Pro Day,4.64,2.65,1.65,,33 1/2,"10'00""",4.43,7.83,74.3,71,72,77,73
Jarius Wright,Jarius,Wright,Vikings,Arkansas,WR,Sr/2012,4,23,118,183,NFL Combine,5095,182,4.42,2.62,1.56,11,38,"10'00""",4.03,6.93,8 1/2,31 1/2,,Pro Day,,,,,,,,,74.3,68,74,76,75
Duke Ihenacho,Duke,Ihenacho,Undrafted,San Jose State,SS,rSr/2012,,,Undrafted,176,NFL Combine,6001,213,4.68,2.7,1.62,20,35,"10'02""",4.22,6.78,9 1/4,32 3/4,,Pro Day,4.51,2.67,1.59,,39 1/2,"10'03""",,,74.1,61,75,76,77
Alfonzo Dennard,Alfonzo,Dennard,Patriots,Nebraska,CB,Sr/2012,7,17,224,100,NFL Combine,5100,204,4.55,2.64,1.61,,37,"10'01""",,,9 1/2,30,,Pro Day,,,,,,,,,74.0,81,80,78,60
Brandon Weeden,Brandon,Weeden,Browns,Oklahoma State,QB,rSr/2012,1,22,22,44,NFL Combine,6034,221,,,,,,,,,9 5/8,31 3/4,,Pro Day,4.89,2.85,1.66,,32,"08'06""",4.45,7.36,73.7,76,74,73,72
Tavon Wilson,Tavon,Wilson,Patriots,Illinois,FS,Sr/2012,2,16,48,212,NFL Combine,5116,205,,,,,,,,,,,,Pro Day,4.52,2.56,1.6,17,32,"10'04""",4.16,7.04,73.6,72,72,75,73
James Hanna,James,Hanna,Cowboys,Oklahoma,TE,Sr/2012,6,16,186,162,NFL Combine,6036,252,4.49,2.67,1.57,24,36,"10'02""",4.11,6.76,9 7/8,33 1/8,,Pro Day,,,,,,,,,73.3,72,71,74,74
Andre Branch,Andre,Branch,Jags,Clemson,DE,rSr/2012,2,6,38,39,NFL Combine,6042,259,4.72,2.76,1.59,19,32 1/2,"10'00""",4.25,7.19,9,34,,Pro Day,,,,,,,,,73.0,71,75,75,70
Jared Crick,Jared,Crick,Texans,Nebraska,DE,rSr/2012,4,31,126,70,NFL Combine,6042,279,4.99,,1.79,,31,"08'08""",4.4,7.47,10 1/8,32,,Pro Day,,,,26,,,,,73.0,69,71,77,70
Brandon Bolden,Brandon,Bolden,Undrafted,Mississippi,RB,Sr/2012,,,Undrafted,268,NFL Combine,5107,222,4.66,2.74,1.63,21,38,"09'11""",4.44,6.96,10,32 1/4,,Pro Day,4.5,2.6,1.59,,,,4.32,6.91,72.9,72,74,73,72
Alameda Ta'amu,Alameda,Ta'amu,Steelers,Washington,DT,Sr/2012,4,14,109,88,NFL Combine,6024,348,5.37,3.08,1.87,35,26,"08'07""",,,9 3/4,32,,Pro Day,,,,,,,4.72,7.52,72.6,74,72,73,71
Justin Bethel,Justin,Bethel,Cardinals,Presbyterian,FS,Sr/2012,6,7,177,174,NFL Combine,5115,200,4.58,2.68,1.6,19,39 1/2,"10'11""",4.3,6.79,9 3/4,32 3/8,,Pro Day,4.63,2.62,1.61,,,,,,72.6,71,71,72,74
Tom Compton,Tom,Compton,Redskins,South Dakota,OT,rSr/2012,6,24,193,139,NFL Combine,6047,314,5.11,2.96,1.79,20,30,"09'00""",4.6,7.59,10,34,,Pro Day,,,,23,,,,,72.6,63,71,76,73
Drew Butler,Drew,Butler,Undrafted,Georgia,P,rSr/2012,,,Undrafted,226,NFL Combine,6011,203,,,,,,,,,9,31 1/4,,Pro Day,,,,,,,,,72.1,71,60,73,76
Eddie Pleasant,Eddie,Pleasant,Undrafted,Oregon,SS,rSr/2012,,,Undrafted,198,NFL Combine,5101,211,4.63,2.74,1.68,22,33 1/2,"09'08""",4.28,7.12,9 1/4,31,,Pro Day,,,,,32,,,,72.1,68,72,75,70
*Mohamed Sanu,Mohamed,Sanu,Bengals,Rutgers,WR,Jr/2012,3,21,83,64,NFL Combine,6014,211,4.67,2.74,1.63,19,36,"10'06""",4.22,6.88,10 1/8,33 1/2,,Pro Day,4.54,2.62,1.59,,,,4.21,,72.0,74,73,79,60
Leonard Johnson,Leonard,Johnson,Undrafted,Iowa State,CB,Sr/2012,,,Undrafted,128,NFL Combine,5097,196,4.71,2.73,1.64,15,32,"10'00""",4.15,6.96,8,28 3/4,,Pro Day,4.56,2.64,1.59,,35,,4.17,,72.0,70,73,73,71
Garrett Celek,Garrett,Celek,Undrafted,Michigan State,TE,rSr/2012,,,Undrafted,234,NFL Combine,6043,250,,,,,,,,,,,,Pro Day,4.72,2.67,1.66,19,34,"09'11""",4.49,7.12,72.0,67,68,72,75
James-Michael Johnson,James-Michael,Johnson,Browns,Nevada,ILB,rSr/2012,4,25,120,153,NFL Combine,6011,241,4.68,2.72,1.66,23,37,"10'04""",4.37,7.34,9 3/8,32 7/8,,Pro Day,,,,,,,4.23,6.99,71.9,67,67,75,72
Devon Still,Devon,Still,Bengals,Penn State,DT,rSr/2012,2,21,53,32,NFL Combine,6047,303,5.08,2.93,1.76,26,29 1/2,,,,10,33 1/4,,Pro Day,4.94,2.84,1.78,,,,4.65,7.7,71.7,74,74,73,67
Tony Bergstrom,Tony,Bergstrom,Raiders,Utah,OT,Sr/2012,3,33,95,133,NFL Combine,6053,313,5.27,3.04,1.84,32,29 1/2,"08'05""",4.84,7.95,9,32,,Pro Day,,,,,,,,7.46,71.6,71,74,72,69
*Orson Charles,Orson,Charles,Bengals,Georgia,TE,Jr/2012,4,21,116,103,NFL Combine,6024,251,,,,35,,,,,9 1/4,32 1/2,,Pro Day,4.73,2.72,1.66,,30 1/2,"09'05""",4.37,,71.6,71,79,76,60
Dennis Kelly,Dennis,Kelly,Eagles,Purdue,OT,Sr/2012,5,18,153,271,NFL Combine,6081,321,,,,,,,,,,,,Pro Day,5.33,3.09,1.82,30,27,"08'08""",4.91,7.73,71.4,70,70,72,72
Keith Tandy,Keith,Tandy,Bucs,West Virginia,CB,rSr/2012,6,4,174,155,NFL Combine,5102,197,,,,,,,,,,,,Pro Day,4.51,2.57,1.49,16,35,"10'00""",4.29,6.91,71.4,69,70,73,71
Derrick Coleman,Derrick,Coleman,Undrafted,UCLA,FB,Sr/2012,,,Undrafted,283,NFL Combine,5112,230,,,,,,,,,,,,Pro Day,4.5,2.67,1.64,20,36 1/2,"10'05""",4.49,7.34,71.3,60,79,80,60
Jonathan Massaquoi,Jonathan,Massaquoi,Falcons,Troy,OLB,rJr/2012,5,29,164,134,NFL Combine,6021,264,4.89,2.81,1.65,20,33 1/2,"10'00""",4.53,7.38,10 1/2,34 1/8,,Pro Day,4.68,2.75,1.59,20,34,"09'10""",4.51,7.23,71.1,65,70,73,72
Mike Harris,Mike,Harris,Jags,Florida State,CB,Sr/2012,6,6,176,190,NFL Combine,5102,188,4.68,2.77,1.69,,36,"09'09""",4.07,6.81,9,32 1/4,,Pro Day,4.53,2.63,1.56,,,,,,71.1,68,70,69,74
*Chris Givens,Chris,Givens,Rams,Wake Forest,WR,rJr/2012,4,1,96,60,NFL Combine,5111,198,4.41,2.55,1.57,19,33 1/2,"09'10""",4.23,6.97,8 1/4,31 1/4,,Pro Day,,,,,,,,,71.0,75,75,68,68
Coty Sensabaugh,Coty,Sensabaugh,Titans,Clemson,CB,rSr/2012,4,20,115,199,NFL Combine,5112,189,4.42,,1.6,15,37,"10'02""",4.06,6.6,9,31,,Pro Day,,,,,,,,,71.0,71,73,69,71
Gino Gradkowski,Gino,Gradkowski,Ravens,Delaware,OG,rSr/2012,4,3,98,246,NFL Combine,6026,300,,,,,,,,,,,,Pro Day,5.25,3.03,1.78,29,28 1/2,"08'07""",4.78,7.75,70.9,74,68,70,70
*Phillip Thomas,Phillip,Thomas,Undrafted,Syracuse,FS,Jr/2012,,,Undrafted,292,NFL Combine,5105,198,4.74,2.76,1.66,14,33,"10'02""",,,10 1/2,32 1/8,,Pro Day,4.72,2.72,1.6,,,"09'09""",4.5,6.95,70.9,72,72,72,68
Keenan Robinson,Keenan,Robinson,Redskins,Texas,ILB,rSr/2012,4,24,119,123,NFL Combine,6031,242,4.79,2.8,1.69,27,35 1/2,"10'00""",,,9 3/4,33,,Pro Day,4.77,2.81,1.67,,36 1/2,"10'05""",4.37,,70.7,60,60,75,75
*Bryce Brown,Bryce,Brown,Eagles,Kansas State,RB,rSo/2012,7,22,229,299,NFL Combine,5114,223,,,,,,,,,,,,Pro Day,4.48,2.58,1.56,22,34,"09'09""",4.2,7.04,70.7,77,77,72,60
Austin Davis,Austin,Davis,Undrafted,Southern Miss,QB,rSr/2012,,,Undrafted,262,NFL Combine,6015,219,4.76,2.77,1.63,,31,"09'01""",4.11,6.73,10 3/8,31 3/4,,Pro Day,,,,,,,,,70.7,68,70,73,69
Amini Silatolu,Amini,Silatolu,Panthers,Midwestern State,OG,Sr/2012,2,8,40,38,NFL Combine,6035,311,5.43,3.08,1.86,28,31 1/2,"08'11""",4.87,7.95,10 1/8,33,,Pro Day,,,,,32,"09'02""",,,70.6,74,76,74,60
Vick Ballard,Vick,Ballard,Colts,Mississippi State,RB,Sr/2012,5,35,170,137,NFL Combine,5102,219,4.65,2.73,1.64,23,33,"09'07""",4.19,7.03,9 1/2,31 3/4,,Pro Day,4.56,2.6,1.55,,,,,6.95,70.4,77,75,72,60
Jacquies Smith,Jacquies,Smith,Undrafted,Missouri,DE,Sr/2012,,,Undrafted,205,NFL Combine,6025,253,4.81,2.8,1.69,21,31 1/2,"09'02""",4.31,7.25,9,32,,Pro Day,4.59,2.63,1.66,,,,,,70.4,60,60,75,74
Josh LeRibeus,Josh,LeRibeus,Redskins,Southern Methodist,OG,rSr/2012,3,8,71,104,NFL Combine,6032,312,5.37,3.08,1.83,29,26,"08'00""",4.65,7.64,9 3/8,32 1/2,,Pro Day,,,,,,,,,70.3,69,70,73,67
Trenton Robinson,Trenton,Robinson,49ers,Michigan State,FS,Sr/2012,6,10,180,118,NFL Combine,5096,195,4.55,2.7,1.56,15,35,"10'05""",4.15,,9 3/4,31 1/2,,Pro Day,4.46,2.57,1.57,,,,4.25,7.12,70.1,69,70,72,68
T.J. Graham,T.J.,Graham,Bills,North Carolina State,WR,Sr/2012,3,6,69,257,NFL Combine,5113,188,4.41,2.62,1.57,8,33 1/2,"10'00""",4.18,6.77,9,32 3/4,,Pro Day,,,,,34,"09'10""",,,70.0,70,73,71,66
Sean Spence,Sean,Spence,Steelers,Miami (FL),OLB,Sr/2012,3,24,86,86,NFL Combine,5113,231,4.71,2.7,1.63,12,33 1/2,"09'11""",4.28,7.46,9 1/4,31 1/2,,Pro Day,,,,,,,4.33,7.08,70.0,66,66,71,72
Shaun Prater,Shaun,Prater,Bengals,Iowa,CB,Sr/2012,5,21,156,169,NFL Combine,5101,190,,,,14,,,,,8 1/2,30 3/4,,Pro Day,4.5,2.53,1.55,14,,,4.25,,70.0,67,70,71,70
Daryl Richardson,Daryl,Richardson,Rams,Abilene Christian,RB,Sr/2012,7,45,252,222,NFL Combine,5103,192,,,,,,,,,,,,Pro Day,4.46,2.54,1.57,16,40 1/2,"11'03""",4.36,7.07,69.9,74,71,68,67
Jake Bequette,Jake,Bequette,Patriots,Arkansas,DE,rSr/2012,3,28,90,144,NFL Combine,6045,274,4.82,2.83,1.71,,34,"09'05""",4.07,6.9,9 1/4,32,,Pro Day,,,,,,,,,69.7,71,72,75,60
Kellen Moore,Kellen,Moore,Undrafted,Boise State,QB,rSr/2012,,,Undrafted,223,NFL Combine,6000,197,4.94,2.78,1.77,,27,"08'03""",4.56,7.41,9 1/2,30 1/4,,Pro Day,,,,,,,,,69.4,68,67,71,69
Bobby Rainey,Bobby,Rainey,Undrafted,Western Kentucky,RB,rSr/2012,,,Undrafted,287,NFL Combine,5073,205,,,,,,,,,,,,Pro Day,4.51,2.49,1.55,24,35 1/2,"10'00""",4.13,6.61,69.4,68,73,75,60
Derek Carrier,Derek,Carrier,Undrafted,Beloit,TE,Sr/2012,,,Undrafted,240,NFL Combine,6033,238,,,,,,,,,,,,Pro Day,4.5,2.53,1.57,15,38,"10'02""",4.08,6.65,69.1,62,65,69,73
Isaiah Pead,Isaiah,Pead,Rams,Cincinnati,RB,Sr/2012,2,18,50,69,NFL Combine,5101,197,4.47,2.63,1.55,,33,"09'08""",4.32,6.95,8 5/8,31,,Pro Day,,,,,,,4.38,6.81,69.0,74,67,67,67
Keshawn Martin,Keshawn,Martin,Texans,Michigan State,WR,Sr/2012,4,26,121,154,NFL Combine,5114,188,4.45,2.63,1.58,13,39 1/2,"10'02""",4.13,6.85,9 1/4,31 1/2,,Pro Day,,,,,,,,,69.0,67,71,69,68
Senio Kelemete,Senio,Kelemete,Cardinals,Washington,OG,Sr/2012,5,16,151,165,NFL Combine,6035,307,5.52,3.17,1.92,21,25,"08'05""",4.58,7.77,9 5/8,33 1/2,,Pro Day,5.22,3,1.8,25,,"08'06""",,7.59,69.0,64,64,71,71
Brad Smelley,Brad,Smelley,Browns,Alabama,FB,Sr/2012,7,40,247,194,NFL Combine,6020,238,,,,,,,,,,,,Pro Day,4.79,2.78,1.65,13,30,"09'04""",4.44,7.15,69.0,73,71,73,60
Bill Bentley,Bill,Bentley,Lions,Colorado,CB,Sr/2012,3,23,85,80,NFL Combine,5100,182,4.47,2.6,1.58,13,31 1/2,"09'06""",4.5,6.99,8,30 1/4,,Pro Day,,,,,35 1/2,,,,68.9,72,73,72,60
Ron Brooks,Ron,Brooks,Bills,LSU,CB,rSr/2012,4,29,124,95,NFL Combine,5100,190,,2.66,1.64,12,38,"10'00""",,,9,30 5/8,,Pro Day,,,,,38,"10'02""",4.56,7.23,68.9,68,70,69,68
Chris Polk,Chris,Polk,Undrafted,Washington,RB,Sr/2012,,,Undrafted,71,NFL Combine,5104,215,4.57,2.74,1.65,,31 1/2,"09'03""",4.21,7.13,9 3/4,31 1/2,,Pro Day,4.45,2.62,1.57,16,,,,,68.9,67,73,74,60
Audie Cole,Audie,Cole,Vikings,North Carolina State,ILB,rSr/2012,7,3,210,184,NFL Combine,6041,246,4.81,2.86,1.68,15,35,"09'06""",4.29,6.96,10,32 3/4,,Pro Day,4.78,,,,,,,,68.7,67,67,71,67
*Jerel Worthy,Jerel,Worthy,Packers,Michigan State,DT,rJr/2012,2,19,51,26,NFL Combine,6023,308,5.08,2.93,1.74,,28 1/2,"08'11""",4.56,7.6,9 3/8,33,,Pro Day,5.06,2.85,1.77,28,,,,,68.6,70,70,68,67
Ryan Broyles,Ryan,Broyles,Lions,Oklahoma,WR,rSr/2012,2,22,54,98,NFL Combine,5101,192,,,,21,,,,,9,30 1/4,,Pro Day,,,,,,,,,68.6,73,72,71,60
Jeff Adams,Jeff,Adams,Undrafted,Columbia,OT,Sr/2012,,,Undrafted,182,NFL Combine,6060,306,,,,,,,,,,,,Pro Day,5.13,2.93,1.72,19,34 1/2,"09'05""",4.65,7.27,68.6,64,63,67,73
Jamell Fleming,Jamell,Fleming,Cardinals,Oklahoma,CB,rSr/2012,3,18,80,59,NFL Combine,5105,206,4.53,2.63,1.59,23,34,"10'05""",3.97,6.71,9 1/2,31 1/4,,Pro Day,,,,,,,,,68.4,67,67,71,66
Omar Bolden,Omar,Bolden,Broncos,Arizona State,CB,rSr/2012,4,6,101,115,NFL Combine,5103,202,,,,24,,,,,8 7/8,31 1/2,,Pro Day,4.51,2.64,1.61,,33,"09'11""",4.12,6.89,68.4,71,72,72,60
*Jayron Hosley,Jayron,Hosley,Giants,Virginia Tech,CB,Jr/2012,3,32,94,77,NFL Combine,5100,178,4.47,2.57,1.57,11,,,,,8 7/8,30 7/8,,Pro Day,,,,,34 1/2,"10'01""",4.31,7.08,68.3,72,73,70,60
Jack Crawford,Jack,Crawford,Raiders,Penn State,DE,Sr/2012,5,23,158,136,NFL Combine,6047,274,4.85,2.85,1.65,,33,"09'08""",4.25,7.15,10 1/4,33 1/2,,Pro Day,,,,14,,,,,68.3,64,67,73,64
David Molk,David,Molk,Chargers,Michigan,C,rSr/2012,7,19,226,130,NFL Combine,6007,298,,,,41,,,,,8 7/8,32,,Pro Day,,,,,,,,,68.3,68,68,74,60
Evan Rodriguez,Evan,Rodriguez,Bears,Temple,FB,rSr/2012,4,16,111,172,NFL Combine,6014,239,4.65,2.68,1.66,18,36,"09'11""",4.28,6.94,9 1/2,32,,Pro Day,,,,19,,,,,68.1,73,65,73,60
Josh Chapman,Josh,Chapman,Colts,Alabama,DT,rSr/2012,5,1,136,96,NFL Combine,6005,316,,,,,,,,,11 1/8,32,,Pro Day,,,,29,,,,,68.1,67,68,74,60
Josh Bush,Josh,Bush,Jets,Wake Forest,FS,rSr/2012,6,17,187,237,NFL Combine,5111,208,,,,,,,,,,,,Pro Day,4.5,2.57,1.54,16,33 1/2,"09'07""",4.45,7.02,68.1,72,71,71,60
*Stephen Hill,Stephen,Hill,Jets,Georgia Tech,WR,Jr/2012,2,11,43,29,NFL Combine,6040,215,4.36,2.51,1.49,14,39 1/2,"11'01""",4.48,6.88,9 3/8,33 3/8,,Pro Day,,,,,,,,,68.0,74,72,66,62
Brandon Thompson,Brandon,Thompson,Bengals,Clemson,DT,Sr/2012,3,31,93,56,NFL Combine,6020,314,,,,35,31,"08'04""",4.71,7.97,10,33 1/2,,Pro Day,5.2,2.85,1.77,,,"07'10""",,,67.9,66,68,69,67
Taylor Thompson,Taylor,Thompson,Titans,Southern Methodist,TE,Sr/2012,5,10,145,108,NFL Combine,6057,259,,,,,,,,,,,,Pro Day,4.55,2.67,1.6,22,37,"10'06""",4.38,7.43,67.9,71,72,70,60
Asa Jackson,Asa,Jackson,Ravens,Cal Poly,CB,Sr/2012,5,34,169,151,NFL Combine,5100,191,4.49,2.62,1.59,19,34 1/2,"09'10""",4.03,6.97,9,29 1/8,,Pro Day,4.47,2.61,1.58,,37 1/2,,,,67.9,66,66,68,69
*Peter Konz,Peter,Konz,Falcons,Wisconsin,C,rJr/2012,2,23,55,37,NFL Combine,6050,314,,,,18,,,,,9 1/4,33,,Pro Day,,,,,,,,,67.7,72,70,70,60
Winston Guy,Winston,Guy,Seahawks,Kentucky,SS,Sr/2012,6,11,181,293,NFL Combine,6007,218,4.7,2.73,1.65,,,,,,9,33,,Pro Day,4.53,2.64,1.61,,36,"09'07""",4.29,6.79,67.7,67,68,73,60
Trevin Wade,Trevin,Wade,Browns,Arizona,CB,rSr/2012,7,38,245,87,NFL Combine,5103,192,4.59,,1.63,18,34 1/2,"09'08""",4,6.87,8 5/8,30 3/4,,Pro Day,,,,,34 1/2,,,,67.7,65,65,64,72
Garth Gerhart,Garth,Gerhart,Undrafted,Arizona State,C,rSr/2012,,,Undrafted,238,NFL Combine,6012,305,5.42,3.16,1.92,25,30 1/2,"08'00""",4.65,7.63,9 5/8,33 3/8,,Pro Day,5.29,,,33,,,,,67.7,66,66,70,66
Lamar Holmes,Lamar,Holmes,Falcons,Southern Miss,OT,Sr/2012,3,29,91,229,NFL Combine,6053,323,5.41,3.09,1.86,22,27,"08'08""",4.8,7.74,9 5/8,35 1/4,,Pro Day,5.33,3.04,1.89,22,,"08'06""",4.85,7.85,67.6,72,69,70,60
Adrien Robinson,Adrien,Robinson,Giants,Cincinnati,TE,rSr/2012,4,32,127,211,NFL Combine,6040,264,,,,,,,,,,,,Pro Day,4.56,2.59,1.61,15,39 1/2,"11'03""",4.43,7.1,67.6,69,72,70,60
Markus Kuhn,Markus,Kuhn,Giants,North Carolina State,DT,rSr/2012,7,32,239,235,NFL Combine,6046,299,4.97,2.91,1.67,28,34 1/2,"09'04""",4.41,7.43,10 1/2,32 1/2,,Pro Day,,,,,,,,,67.6,64,65,70,67
Sean Richardson,Sean,Richardson,Undrafted,Vanderbilt,SS,Sr/2012,,,Undrafted,239,NFL Combine,6024,216,4.52,2.66,1.59,22,38 1/2,"10'08""",4.44,7.01,9 1/8,32 5/8,,Pro Day,,,,,,,4.19,6.9,67.6,65,69,73,60
Chase Ford,Chase,Ford,Undrafted,Miami (FL),TE,Sr/2012,,,Undrafted,206,NFL Combine,6065,255,,,,,,,,,,,,Pro Day,4.75,2.81,1.65,20,33,"09'02""",4.35,7.34,67.4,60,67,75,60
*David Wilson,David,Wilson,Giants,Virginia Tech,RB,Jr/2012,1,32,32,47,NFL Combine,5095,206,4.49,2.63,1.57,,41,"11'00""",4.12,7.09,9 3/8,30 1/4,,Pro Day,4.4,2.66,1.5,,,,,,67.3,78,75,60,60
DeVier Posey,DeVier,Posey,Texans,Ohio State,WR,Sr/2012,3,5,68,171,NFL Combine,6015,211,4.5,2.63,1.55,14,36 1/2,"10'03""",4.15,7.03,9 5/8,31 5/8,,Pro Day,,,,,,,,,67.3,67,68,68,66
Nick Toon,Nick,Toon,Saints,Wisconsin,WR,rSr/2012,4,27,122,131,NFL Combine,6017,215,4.54,2.67,1.6,18,37 1/2,,,,9,32 1/2,,Pro Day,4.43,2.54,1.58,,39,"10'10""",,,67.1,65,69,72,60
Kelcie McCray,Kelcie,McCray,Undrafted,Arkansas State,SS,rSr/2012,,,Undrafted,219,NFL Combine,6016,202,4.54,2.67,1.64,12,30 1/2,"10'02""",4.29,7,8 7/8,32 1/4,,Pro Day,,,,12,33 1/2,"10'02""",4.39,7.26,67.1,62,69,69,66
Matt Daniels,Matt,Daniels,Undrafted,Duke,SS,Sr/2012,,,Undrafted,263,NFL Combine,5116,212,,,,,,,,,,,,Pro Day,4.48,2.55,1.5,15,35 1/2,"10'04""",4.31,6.9,67.1,60,71,73,60
*LaMichael James,LaMichael,James,49ers,Oregon,RB,rJr/2012,2,30,61,75,NFL Combine,5080,194,4.45,2.63,1.57,15,35,"10'03""",4.12,6.88,9,30 1/4,,Pro Day,4.41,2.57,1.53,,,,,,67.0,74,69,66,60
Juron Criner,Juron,Criner,Raiders,Arizona,WR,Sr/2012,5,33,168,79,NFL Combine,6024,224,4.68,2.74,1.64,17,38,"09'09""",4.3,7.15,10 1/2,32,,Pro Day,4.54,2.71,1.58,,38 1/2,"09'01""",,,67.0,69,70,70,60
Adam Gettis,Adam,Gettis,Redskins,Iowa,OG,rSr/2012,5,6,141,195,NFL Combine,6023,293,5,2.9,1.75,,31 1/2,"09'04""",4.65,7.99,9 1/2,33 1/8,,Pro Day,,,,20,,,,,66.9,65,67,68,66
Nathan Stupar,Nathan,Stupar,Raiders,Penn State,OLB,rSr/2012,7,23,230,279,NFL Combine,6015,241,4.78,2.75,1.68,21,31,"09'08""",4.28,6.84,9 1/8,31 3/8,,Pro Day,4.6,2.7,1.56,,31,,,,66.9,60,63,66,71
A.J. Jenkins,A.J.,Jenkins,49ers,Illinois,WR,Sr/2012,1,30,30,58,NFL Combine,6002,190,4.39,2.6,1.57,12,38 1/2,"10'04""",,,9 1/2,32 3/4,,Pro Day,,,,,,,4.12,6.73,66.7,71,69,68,60
*Brandon Washington,Brandon,Washington,Eagles,Miami (FL),OG,Jr/2012,6,31,200,114,NFL Combine,6027,320,5.25,3.05,1.86,28,25,"08'05""",4.87,8.22,9 3/4,33,,Pro Day,5.1,2.94,1.78,,,,4.8,7.96,66.7,61,70,72,60
Brandon Mosley,Brandon,Mosley,Giants,Auburn,OT,Sr/2012,4,36,131,109,NFL Combine,6055,314,5.21,3.03,1.85,30,27,"08'07""",4.78,7.43,11,34,,Pro Day,,,,,,,,,66.6,67,69,70,60
Michael Egnew,Michael,Egnew,Dolphins,Missouri,TE,Sr/2012,3,16,78,132,NFL Combine,6051,252,4.62,2.73,1.66,21,36,"10'11""",4.32,7.03,9 3/4,33,,Pro Day,,,,,37 1/2,"11'03""",,,66.4,70,69,68,60
Frank Alexander,Frank,Alexander,Panthers,Oklahoma,DE,rSr/2012,4,8,103,244,NFL Combine,6036,270,,,,,,,,,9.75,35,,Pro Day,4.8,2.81,1.69,24,34 1/2,"09'09""",4.59,7.48,66.1,67,69,69,60
Tank Carder,Tank,Carder,Bills,Texas Christian,ILB,rSr/2012,5,12,147,164,NFL Combine,6023,236,4.69,2.74,1.62,19,34 1/2,"10'01""",4.18,6.89,9 1/8,31 1/2,,Pro Day,,,,,36,,,,66.1,66,66,67,65
Cam Johnson,Cam,Johnson,49ers,Virginia,DE,Sr/2012,7,30,237,101,NFL Combine,6034,268,4.81,,1.61,,35,"08'09""",4.38,7.2,9,33 1/2,,Pro Day,,,,16,34 1/2,"09'07""",,,66.1,65,71,64,64
*Jonathan Martin,Jonathan,Martin,Dolphins,Stanford,OT,rJr/2012,2,10,42,28,NFL Combine,6053,312,,,,,,,,,9 7/8,34,,Pro Day,5.27,3.03,1.78,20,30,"08'08""",4.68,7.69,66.0,68,70,67,60
Junior Hemingway,Junior,Hemingway,Chiefs,Michigan,WR,rSr/2012,7,31,238,178,NFL Combine,6007,225,4.53,2.61,1.57,21,35 1/2,"10'04""",3.98,6.59,9 5/8,32 1/2,,Pro Day,,,,,,,,,65.9,62,66,71,60
Joe Looney,Joe,Looney,49ers,Wake Forest,OG,Sr/2012,4,22,117,213,NFL Combine,6032,309,,,,26,,,,,9 3/4,32 1/4,,Pro Day,,,,26,,,,,65.7,63,65,68,64
Scott Solomon,Scott,Solomon,Titans,Rice,DE,rSr/2012,7,4,211,251,NFL Combine,6030,262,5,2.83,1.68,34,35,"10'04""",4.25,7.17,9 1/2,31 5/8,,Pro Day,,,,,,,,,65.7,66,67,69,60
Charles Brown,Charles,Brown,Undrafted,North Carolina,CB,rSr/2012,,,Undrafted,284,NFL Combine,5090,202,4.63,2.65,1.62,18,35 1/2,"09'06""",4.06,6.94,9,28 7/8,,Pro Day,4.49,2.58,1.58,,,,,,65.4,74,70,60,60
DeAngelo Tyson,DeAngelo,Tyson,Ravens,Georgia,DT,Sr/2012,7,29,236,295,NFL Combine,6022,315,,,,,,,,,10 1/4,33 7/8,,Pro Day,5,2.87,1.74,30,27 1/2,"09'00""",4.68,,65.0,61,67,66,64
Chris Greenwood,Chris,Greenwood,Lions,Albion,CB,Sr/2012,5,13,148,143,NFL Combine,6012,193,,,,,,,,,,,,Pro Day,4.41,2.6,1.58,16,43,"11'02""",4.15,6.99,64.9,66,69,65,60
Cyrus Gray,Cyrus,Gray,Chiefs,Texas AM,RB,Sr/2012,6,12,182,113,NFL Combine,5103,206,4.47,2.64,1.6,21,32 1/2,"09'06""",,7.17,9 1/8,29 1/2,,Pro Day,,,,,,,4.28,7.14,64.9,66,68,66,60
Darius Fleming,Darius,Fleming,49ers,Notre Dame,OLB,Sr/2012,5,30,165,270,NFL Combine,6015,245,4.77,2.79,1.67,27,33 1/2,"09'06""",4.28,7.03,9 3/8,33,,Pro Day,4.58,2.59,1.62,,,,,,64.7,66,66,67,60
D.J. Campbell,D.J.,Campbell,Panthers,California,FS,rSr/2012,7,9,216,188,NFL Combine,6001,201,,,,,,,,,,,,Pro Day,4.54,2.57,1.63,22,38,"10'07""",4.22,7.08,64.7,66,60,69,60
Miles Burris,Miles,Burris,Raiders,San Diego State,OLB,rSr/2012,4,34,129,160,NFL Combine,6021,246,,,,31,37 1/2,"10'01""",,,9 7/8,31 7/8,,Pro Day,4.67,2.67,1.61,,37 1/2,"09'11""",4.2,6.81,64.6,70,71,60,60
Emmanuel Acho,Emmanuel,Acho,Browns,Texas,OLB,Sr/2012,6,35,204,146,NFL Combine,6015,238,4.73,2.72,1.6,24,35 1/2,"09'10""",,,10,33,,Pro Day,,,,,,,,,64.6,65,60,69,60
Jerron McMillian,Jerron,McMillian,Packers,Maine,SS,Sr/2012,4,38,133,300,NFL Combine,5111,203,4.56,2.65,1.59,17,36 1/2,"10'00""",4.22,6.69,9 3/8,30 5/8,,Pro Day,4.35,2.53,1.4,,39,"10'06""",,,64.4,71,69,60,60
LaVon Brazill,LaVon,Brazill,Colts,Ohio,WR,rSr/2012,6,37,206,298,NFL Combine,5105,192,4.48,2.55,1.54,11,32 1/2,,,,9 3/4,32,,Pro Day,,,,,35,"09'10""",4.37,,64.4,67,72,60,60
Brandon Taylor,Brandon,Taylor,Chargers,LSU,SS,Sr/2012,3,10,73,105,NFL Combine,5112,209,4.58,2.74,1.6,,33 1/2,"09'10""",4.37,7.32,9 1/2,31 1/4,,Pro Day,,,,16,,,4.37,6.98,64.3,70,70,60,60
*Edwin Baker,Edwin,Baker,Chargers,Michigan State,RB,Jr/2012,7,43,250,152,NFL Combine,5080,204,4.53,2.7,1.65,20,35,"09'03""",4.31,7.27,8 1/8,29 5/8,,Pro Day,4.43,2.57,1.58,,,"09'11""",,7.25,64.3,62,67,67,60
Chris Owusu,Chris,Owusu,Undrafted,Stanford,WR,Sr/2012,,,Undrafted,265,NFL Combine,6001,196,4.36,2.58,1.56,19,40 1/2,"10'09""",4.11,6.85,8 1/2,31 3/4,,Pro Day,,,,,,,,,64.0,62,62,68,60
Charles Mitchell,Charles,Mitchell,Falcons,Mississippi State,SS,Sr/2012,6,23,192,281,NFL Combine,5106,202,4.63,2.71,1.6,19,37,"10'07""",4.22,6.93,9 1/2,30 1/4,,Pro Day,4.57,2.62,1.58,19,37 1/2,"10'05""",4.39,7,63.9,69,69,60,60
Nate Potter,Nate,Potter,Cardinals,Boise State,OT,rSr/2012,7,14,221,201,NFL Combine,6057,303,5.36,3.07,1.86,22,28 1/2,"08'04""",4.67,7.49,9 5/8,34 5/8,,Pro Day,,,,,,,,,63.9,67,70,60,60
Matthew Masifilo,Matthew,Masifilo,Undrafted,Stanford,DT,rSr/2012,,,Undrafted,255,NFL Combine,6033,295,,,,,,,,,,,,Pro Day,5.02,2.89,1.71,38,35 1/2,"08'06""",4.47,7.29,63.9,60,63,68,60
Mike Brewster,Mike,Brewster,Undrafted,Texas AM,C,Sr/2012,,,Undrafted,173,NFL Combine,6041,312,5.35,3.09,1.85,29,25,"08'00""",4.6,7.73,9 1/2,31 1/2,,Pro Day,,,,,,,,,63.7,66,70,60,60
Bradie Ewing,Bradie,Ewing,Falcons,Wisconsin,FB,Sr/2012,5,22,157,217,NFL Combine,5116,239,4.76,2.77,1.66,14,36 1/2,"10'00""",4.16,7.14,10 3/8,31 3/8,,Pro Day,,,,,,,,,63.6,65,70,60,60
Philip Blake,Philip,Blake,Broncos,Baylor,C,Sr/2012,4,13,108,117,NFL Combine,6026,311,5.25,3.04,1.84,22,29 1/2,"08'09""",4.65,7.86,9 7/8,33,,Pro Day,,,,,,,,,63.4,68,68,60,60
Travis Lewis,Travis,Lewis,Lions,Oklahoma,OLB,rSr/2012,7,16,223,202,NFL Combine,6013,246,4.88,2.84,1.71,22,36,"10'02""",,,10 1/8,32 3/4,,Pro Day,4.75,2.78,1.65,26,35,"10'00""",4.22,7.27,63.4,66,62,65,60
Terrence Frederick,Terrence,Frederick,Steelers,Texas AM,CB,rSr/2012,7,39,246,233,NFL Combine,5101,187,4.54,2.6,1.59,16,35,"10'01""",4.03,6.59,9 1/8,31 1/8,,Pro Day,4.43,2.58,1.48,,,,,,63.4,63,63,66,60
Chandler Harnish,Chandler,Harnish,Colts,Northern Illinois,QB,rSr/2012,7,46,253,185,NFL Combine,6015,219,4.76,2.75,1.64,,32 1/2,"09'04""",4.15,6.78,9 1/4,32 3/8,,Pro Day,,,,,,,,,63.4,66,66,63,60
Najee Goode,Najee,Goode,Bucs,West Virginia,ILB,rSr/2012,5,5,140,221,NFL Combine,6001,244,4.64,2.66,1.61,,35 1/2,"09'09""",,,9,31 7/8,,Pro Day,,,,,,,4.35,,63.3,60,63,64,64
Markus Zusevics,Markus,Zusevics,Undrafted,Iowa,OT,rSr/2012,,,Undrafted,259,NFL Combine,6053,303,,,,,,,,,10,33,,Pro Day,,,,,,,,,63.3,68,67,60,60
Tauren Poole,Tauren,Poole,Undrafted,Tennessee,RB,Sr/2012,,,Undrafted,170,NFL Combine,5100,205,4.54,2.66,1.58,24,34,"09'10""",4.19,7.36,8,29 3/4,,Pro Day,,,,,,,,,63.3,68,67,60,60
Emil Igwenagu,Emil,Igwenagu,Undrafted,Massachusetts,FB,rSr/2012,,,Undrafted,228,NFL Combine,6012,249,4.83,2.85,1.76,19,34 1/2,"10'01""",4.4,7.32,9 1/4,33 1/8,,Pro Day,,,,,,,,,63.0,62,64,65,60
Sammy Brown,Sammy,Brown,Undrafted,Houston,OLB,rSr/2012,,,Undrafted,260,NFL Combine,6017,242,,,,,,,,,,,,Pro Day,4.63,2.66,1.57,20,37,"10'03""",4.47,7.13,62.9,67,66,60,60
Ryan Miller,Ryan,Miller,Browns,Colorado,OG,rSr/2012,5,25,160,286,NFL Combine,6072,321,5.27,3.06,1.86,32,28,"08'04""",4.78,7.72,9 1/2,33 1/8,,Pro Day,,,,,,,,,62.7,65,63,63,60
*Ronnell Lewis,Ronnell,Lewis,Lions,Oklahoma,OLB,Jr/2012,4,30,125,68,NFL Combine,6016,253,4.72,2.75,1.67,36,31,"09'04""",4.4,7.09,9 1/4,32 1/2,,Pro Day,4.65,2.71,1.61,,,,,,62.6,69,60,60,60
*Tommy Streeter,Tommy,Streeter,Ravens,Miami (FL),WR,rJr/2012,6,29,198,163,NFL Combine,6047,219,4.4,2.62,1.55,17,33,"10'05""",,7.08,9 1/2,34 3/4,,Pro Day,,,,,,,4.36,6.97,62.6,63,63,64,60
Korey Toomer,Korey,Toomer,Seahawks,Idaho,OLB,rSr/2012,5,19,154,248,NFL Combine,6022,234,,,,,,,,,,,,Pro Day,4.53,2.5,1.61,20,42,"10'10""",4,6.87,62.4,61,61,63,63
Josh Kaddu,Josh,Kaddu,Dolphins,Oregon,OLB,Sr/2012,5,20,155,116,NFL Combine,6031,239,,,,20,34,"09'11""",,,9 5/8,33 3/8,,Pro Day,,,,,,"10'03""",,,62.3,61,63,64,60
Lucas Nix,Lucas,Nix,Undrafted,Pittsburgh,OG,Sr/2012,,,Undrafted,135,NFL Combine,6052,317,5.43,3.08,1.82,,29 1/2,"08'06""",4.9,7.81,9 3/4,33 1/2,,Pro Day,,,,,,"08'10""",4.73,7.95,62.3,64,66,60,60
Gerell Robinson,Gerell,Robinson,Undrafted,Arizona State,WR,Sr/2012,,,Undrafted,282,NFL Combine,6031,227,4.62,2.72,1.65,,35 1/2,"09'05""",4.15,,10 1/8,33,,Pro Day,,,,,,,4.23,7.1,62.3,62,65,62,60
Jerry Franklin,Jerry,Franklin,Undrafted,Arkansas,ILB,rSr/2012,,,Undrafted,273,NFL Combine,6013,242,,,,,,,,,,,,Pro Day,4.63,2.72,1.57,15,37 1/2,"10'03""",4.38,6.93,62.1,60,60,63,63
James Brown,James,Brown,Undrafted,Troy,OG,rSr/2012,,,Undrafted,110,NFL Combine,6034,306,5.3,3.07,1.89,24,25 1/2,"08'06""",4.78,7.7,10 1/4,34 1/2,,Pro Day,4.97,2.93,1.75,,27 1/2,"08'03""",4.57,7.77,62.1,65,65,60,60
*Eric Page,Eric,Page,Undrafted,Toledo,WR,Jr/2012,,,Undrafted,186,NFL Combine,5087,186,4.6,2.72,1.65,15,30,"09'04""",3.98,6.95,9,29,,Pro Day,4.56,2.65,1.56,,,,,,62.1,63,66,60,60
Christian Thompson,Christian,Thompson,Ravens,South Carolina State,FS,Sr/2012,4,35,130,150,NFL Combine,6002,211,4.5,2.66,1.61,18,31 1/2,"10'02""",4.13,7.33,8 3/8,31 1/2,,Pro Day,,,,,32,,,,62.0,67,60,60,60
Ryan Lindley,Ryan,Lindley,Cardinals,San Diego State,QB,rSr/2012,6,15,185,129,NFL Combine,6036,229,4.9,2.87,1.69,,29 1/2,"09'00""",4.45,7.52,10,32 5/8,,Pro Day,,,,,,,,,62.0,65,64,60,60
Markelle Martin,Markelle,Martin,Titans,Oklahoma State,FS,rSr/2012,6,20,190,126,NFL Combine,6006,207,,,,19,,,,,9 1/4,32,,Pro Day,,,,,,,,,62.0,67,60,60,60
Ryan Steed,Ryan,Steed,Undrafted,Furman,CB,Sr/2012,,,Undrafted,175,NFL Combine,5104,195,4.68,2.77,1.66,12,34,"10'01""",4.22,6.94,9 1/8,32 5/8,,Pro Day,4.55,2.7,1.59,,,,,7.13,62.0,67,60,60,60
*Marcus Forston,Marcus,Forston,Undrafted,Miami (FL),DT,rJr/2012,,,Undrafted,168,NFL Combine,6012,301,5.17,3.03,1.78,35,28,"08'09""",4.79,7.64,9,33,,Pro Day,,,,,,,4.61,7.56,62.0,65,64,60,60
G.J. Kinne,G.J.,Kinne,Undrafted,Tulsa,QB,rSr/2012,,,Undrafted,278,NFL Combine,6011,234,,,,,,,,,,,,Pro Day,4.85,2.79,1.71,,33,"09'07""",4.38,6.78,61.9,63,63,62,60
Devon Wylie,Devon,Wylie,Chiefs,Fresno State,WR,rSr/2012,4,12,107,236,NFL Combine,5092,187,4.36,2.57,1.52,17,39,"10'03""",,,9 1/2,30 1/4,,Pro Day,,,,,,,4.16,6.82,61.7,64,60,62,60
Zebrie Sanders,Zebrie,Sanders,Bills,Florida State,OT,Sr/2012,5,9,144,92,NFL Combine,6055,320,5.41,3.06,1.84,28,27,"08'04""",4.99,8.15,10 7/8,35,,Pro Day,,,,,,,,,61.7,66,60,60,60
DeQuan Menzie,DeQuan,Menzie,Chiefs,Alabama,CB,Sr/2012,5,11,146,138,NFL Combine,5106,202,4.74,2.79,1.66,,33,"09'08""",,,8 5/8,30,,Pro Day,4.59,2.69,1.56,,,,4.44,6.93,61.7,64,64,60,60
*Terrell Manning,Terrell,Manning,Packers,North Carolina State,OLB,rJr/2012,5,28,163,127,NFL Combine,6021,237,4.79,2.83,1.75,22,32 1/2,"09'06""",4.43,7.18,9 1/4,32 1/4,,Pro Day,4.71,2.66,1.65,,,,,,61.7,64,64,60,60
B.J. Cunningham,B.J.,Cunningham,Dolphins,Michigan State,WR,rSr/2012,6,13,183,274,NFL Combine,6013,211,4.59,2.7,1.62,12,31 1/2,"09'08""",,7.1,8 1/8,33,,Pro Day,,,,,,,4.31,7.15,61.7,64,64,60,60
Marvin McNutt,Marvin,McNutt,Eagles,Iowa,WR,rSr/2012,6,25,194,145,NFL Combine,6026,216,4.54,2.68,1.61,,37,"10'02""",4.07,7.15,10,32,,Pro Day,,,,,,,,7.09,61.7,64,64,60,60
Michael Smith,Michael,Smith,Bucs,Utah State,RB,rSr/2012,7,5,212,204,NFL Combine,5084,207,,,,,,,,,,,,Pro Day,4.33,2.5,1.48,23,40 1/2,"10'06""",4.35,7.51,61.7,66,60,60,60
Kheeston Randall,Kheeston,Randall,Dolphins,Texas,DT,Sr/2012,7,8,215,216,NFL Combine,6045,293,5.23,2.96,1.81,28,34,"09'03""",4.84,7.49,9 5/8,33 3/4,,Pro Day,,,,,,,,,61.7,64,64,60,60
Steven Baker,Steven,Baker,Undrafted,East Carolina,OT,Sr/2012,,,Undrafted,296,NFL Combine,6074,301,,,,,,,,,,,,Pro Day,4.91,2.83,1.75,22,32,"09'02""",4.7,7.91,61.7,60,63,63,60
Julian Talley,Julian,Talley,Undrafted,Massachusetts,WR,rSr/2012,,,Undrafted,242,NFL Combine,6007,190,,,,,,,,,,,,Pro Day,4.57,2.5,1.56,14,41 1/2,"10'08""",4.09,6.65,61.7,60,63,63,60
Greg Childs,Greg,Childs,Vikings,Arkansas,WR,Sr/2012,4,39,134,85,NFL Combine,6031,219,4.55,2.62,1.54,19,36 1/2,"10'05""",,,10 1/8,34 1/8,,Pro Day,4.39,2.61,1.52,,40 1/2,"10'07""",4.09,6.9,61.4,65,60,60,60
Tim Fugger,Tim,Fugger,Colts,Vanderbilt,DE,rSr/2012,7,7,214,158,NFL Combine,6032,248,,,,,,,,,,,,Pro Day,4.6,2.7,1.68,29,34,"09'07""",4.2,7,61.4,62,64,60,60
Micah Pellerin,Micah,Pellerin,Undrafted,Hampton,CB,rSr/2012,,,Undrafted,230,NFL Combine,6003,194,4.61,2.72,1.65,14,33,"09'08""",,,9 5/8,31 3/4,,Pro Day,,,,,,,4.29,7.06,61.4,60,65,60,60
Shawn Powell,Shawn,Powell,Undrafted,Florida State,P,rSr/2012,,,Undrafted,267,NFL Combine,6036,248,,,,,,,,,9 1/4,33,,Pro Day,,,,,,,,,61.4,65,60,60,60
Jeff Fuller,Jeff,Fuller,Undrafted,Texas AM,WR,Sr/2012,,,Undrafted,193,NFL Combine,6041,223,,,,17,,,,,9 7/8,33 5/8,,Pro Day,4.53,2.75,1.61,,32,"10'00""",4.42,7.09,61.4,63,60,60,62
Danny Coale,Danny,Coale,Cowboys,Virginia Tech,WR,rSr/2012,5,17,152,218,NFL Combine,5117,201,4.5,2.63,1.59,12,35,"09'07""",4.15,6.69,9 1/8,30 5/8,,Pro Day,4.37,2.59,1.53,,37,"10'03""",4.09,6.64,61.3,63,63,60,60
Joe Adams,Joe,Adams,Panthers,Arkansas,WR,Sr/2012,4,9,104,102,NFL Combine,5105,179,4.55,2.67,1.62,,36,"10'03""",,7.09,9 3/8,31 7/8,,Pro Day,4.46,2.58,1.51,7,38,,4.18,,61.1,64,60,60,60
Quentin Saulsberry,Quentin,Saulsberry,Undrafted,Mississippi State,C,rSr/2012,,,Undrafted,208,NFL Combine,6023,304,5.38,3.09,1.87,26,22,"07'06""",4.99,8.19,9 7/8,33 3/4,,Pro Day,5.35,2.97,1.84,,24 1/2,"08'06""",4.76,7.93,61.1,64,60,60,60
Chase Minnifield,Chase,Minnifield,Undrafted,Virginia,CB,rSr/2012,,,Undrafted,147,NFL Combine,5103,183,,,,7,,,,,9,31 1/2,,Pro Day,4.63,2.64,1.53,8,32 1/2,"09'09""",,,61.1,60,64,60,60
Kourtnei Brown,Kourtnei,Brown,Undrafted,Clemson,DE,rSr/2012,,,Undrafted,231,NFL Combine,6044,256,,,,,,,,,,,,Pro Day,4.69,2.72,1.72,26,31,"09'08""",4.47,7.44,61.1,60,60,62,61
Terrance Ganaway,Terrance,Ganaway,Jets,Baylor,RB,rSr/2012,6,33,202,157,NFL Combine,5114,239,4.67,2.76,1.66,,37 1/2,"09'11""",4.25,7.15,9 1/4,31 5/8,,Pro Day,4.54,2.6,1.58,22,,,,,60.9,63,60,60,60
B.J. Coleman,B.J.,Coleman,Packers,Chattanooga,QB,rSr/2012,7,36,243,159,NFL Combine,6030,233,,,,,,"09'01""",4.38,7.07,10 3/8,31 5/8,,Pro Day,4.94,2.88,1.72,,29 1/2,,,,60.9,63,60,60,60
Matt Veldman,Matt,Veldman,Undrafted,North Dakota State,TE,Sr/2012,,,Undrafted,209,NFL Combine,6070,256,,,,,,,,,,,,Pro Day,4.72,2.76,1.68,17,35 1/2,"09'11""",4.47,6.99,60.9,63,60,60,60
Tim Benford,Tim,Benford,Undrafted,Tennessee Tech,WR,Sr/2012,,,Undrafted,220,NFL Combine,5112,205,4.59,2.73,1.64,15,,,,,8 7/8,33 1/8,,Pro Day,4.54,2.58,1.57,15,33,"10'01""",4.35,7.3,60.9,60,63,60,60
Chris Rainey,Chris,Rainey,Steelers,Florida,RB,rSr/2012,5,24,159,125,NFL Combine,5083,180,4.48,2.64,1.57,16,36 1/2,"10'00""",3.93,6.5,9 1/2,30 3/4,,Pro Day,4.35,2.58,1.5,,,,4.1,,60.6,60,62,60,60
Andrew Datko,Andrew,Datko,Packers,Florida State,OT,Sr/2012,7,34,241,224,NFL Combine,6060,315,5.32,3.05,1.82,,29 1/2,"08'04""",4.54,7.71,10,33 7/8,,Pro Day,,,,,,,,,60.6,62,60,60,60
Aaron Corp,Aaron,Corp,Undrafted,Richmond,QB,rSr/2012,,,Undrafted,291,NFL Combine,6034,215,4.77,2.8,1.74,,31 1/2,"08'10""",4.3,7.03,9 3/8,32,,Pro Day,,,,,,,4.31,7.15,60.6,62,60,60,60
A.J. Davis,A.J.,Davis,Undrafted,Jacksonville State,CB,rSr/2012,,,Undrafted,297,NFL Combine,5112,184,,,,,,,,,,,,Pro Day,4.43,2.56,1.55,8,35 1/2,"10'07""",4.46,7.07,60.3,60,61,60,60
Brandon Hardin,Brandon,Hardin,Bears,Oregon State,FS,Sr/2012,3,17,79,99,NFL Combine,6030,217,,,,,,,,,,,,Pro Day,4.43,2.58,1.52,24,35 1/2,"10'04""",4.17,6.88,60.0,60,60,60,60
Dan Herron,Dan,Herron,Bengals,Ohio State,RB,rSr/2012,6,21,191,177,NFL Combine,5096,213,4.66,2.71,1.62,22,35,"09'09""",4.04,6.97,9,32,,Pro Day,4.58,2.64,1.5,,,,,,60.0,60,60,60,60
Matt McCants,Matt,McCants,Giants,Alabama-Birmingham,OT,rSr/2012,6,32,201,166,NFL Combine,6057,308,5.52,3.19,1.97,17,25 1/2,"08'01""",,,9 1/4,35 3/8,,Pro Day,5.45,3.12,1.87,,,,4.76,8.13,60.0,60,60,60,60
Trevor Guyton,Trevor,Guyton,Vikings,California,DE,Sr/2012,7,12,219,122,NFL Combine,6025,285,5.07,,1.73,,31,"08'09""",4.53,7.45,10 1/4,33,,Pro Day,,,,25,31,"08'08""",,7.44,60.0,60,60,60,60
Caleb McSurdy,Caleb,McSurdy,Cowboys,Montana,ILB,Sr/2012,7,15,222,207,NFL Combine,6012,245,4.97,2.92,1.79,26,30,"09'02""",4.28,7.26,9 3/8,30 7/8,,Pro Day,4.75,2.7,1.68,,31 1/2,"09'04""",4.73,7.33,60.0,60,60,60,60
Drake Dunsmore,Drake,Dunsmore,Bucs,Northwestern,FB,rSr/2012,7,26,233,253,NFL Combine,6021,241,4.79,2.74,1.66,21,35 1/2,"09'09""",4.03,6.73,9 5/8,32 3/4,,Pro Day,,,,,,,,,60.0,60,60,60,60
Grant Garner,Grant,Garner,Undrafted,Oklahoma State,C,rSr/2012,,,Undrafted,285,NFL Combine,6032,304,,,,,,,,,,,,Pro Day,5.19,2.95,1.68,27,26 1/2,"07'11""",4.59,7.89,60.0,60,60,60,60
Coryell Judie,Coryell,Judie,Undrafted,Texas AM,CB,rSr/2012,,,Undrafted,203,NFL Combine,5116,194,4.48,2.65,1.56,,37,"10'06""",4.25,7.33,8 3/4,30 1/4,,Pro Day,,,,,,"10'03""",4.41,7.14,60.0,60,60,60,60
Donnie Fletcher,Donnie,Fletcher,Undrafted,Boston College,CB,Sr/2012,,,Undrafted,215,NFL Combine,6004,199,,,,,,,,,,,,Pro Day,4.51,2.57,1.59,17,32,"09'11""",4.4,6.99,60.0,60,60,60,60
Lionel Smith,Lionel,Smith,Undrafted,Texas AM,CB,Sr/2012,,,Undrafted,245,NFL Combine,5116,192,,,,,,,,,,,,Pro Day,4.44,2.6,1.53,16,38,"10'07""",4.28,7.06,60.0,60,60,60,60
Antonio Fenelus,Antonio,Fenelus,Undrafted,Wisconsin,CB,Sr/2012,,,Undrafted,258,NFL Combine,5077,190,4.68,2.73,1.65,20,32,"09'01""",4.2,6.8,9 1/2,31 1/4,,Pro Day,4.5,2.59,1.58,,36 1/2,"09'09""",4.18,6.67,60.0,60,60,60,60
Conroy Black,Conroy,Black,Undrafted,Utah,CB,rSr/2012,,,Undrafted,264,NFL Combine,6000,182,,,,,,,,,,,,Pro Day,4.35,2.6,1.54,12,34,"10'05""",4.31,6.72,60.0,60,60,60,60
Buddy Jackson,Buddy,Jackson,Undrafted,Pittsburgh,CB,rSr/2012,,,Undrafted,275,NFL Combine,6001,187,,,,,,,,,,,,Pro Day,4.37,2.58,1.5,15,40,"11'08""",4.1,7.11,60.0,60,60,60,60
Derrius Brooks,Derrius,Brooks,Undrafted,Western Kentucky,CB,rSr/2012,,,Undrafted,290,NFL Combine,5094,192,,,,,,,,,,,,Pro Day,4.35,2.38,1.46,13,38,"10'05""",4.17,6.61,60.0,60,60,60,60
Jamie Blatnick,Jamie,Blatnick,Undrafted,Oklahoma State,DE,rSr/2012,,,Undrafted,256,NFL Combine,6031,263,4.9,2.89,1.71,28,32 1/2,"09'04""",4.2,7.22,10 1/4,31 1/2,,Pro Day,4.76,,,,,,,,60.0,60,60,60,60
Josue Ortiz,Josue,Ortiz,Undrafted,Harvard,DE,Sr/2012,,,Undrafted,277,NFL Combine,6044,253,,,,,,,,,,,,Pro Day,4.73,2.75,1.69,31,38 1/2,"10'09""",4.37,7.19,60.0,60,60,60,60
Loni Fangupo,Loni,Fangupo,Undrafted,Brigham Young,DT,rSr/2012,,,Undrafted,140,NFL Combine,6006,323,5.18,3.01,1.74,36,31 1/2,"08'03""",4.62,7.94,10 5/8,32 3/4,,Pro Day,,,,,,,,7.72,60.0,60,60,60,60
Brett Roy,Brett,Roy,Undrafted,Nevada,DT,Sr/2012,,,Undrafted,180,NFL Combine,6027,275,5.07,2.93,1.76,32,30 1/2,"09'00""",4.62,7.31,9 3/8,32 3/4,,Pro Day,4.9,2.79,1.71,,29,"09'02""",4.42,7.38,60.0,60,60,60,60
Vaughn Meatoga,Vaughn,Meatoga,Undrafted,Hawaii,DT,Sr/2012,,,Undrafted,196,NFL Combine,6011,294,5,2.85,1.73,27,30,"09'00""",4.21,7.1,9 1/2,33,,Pro Day,,,,,31,"09'02""",,,60.0,60,60,60,60
Aaron Henry,Aaron,Henry,Undrafted,Wisconsin,FS,rSr/2012,,,Undrafted,148,NFL Combine,6000,208,,,,,,,,,,,,Pro Day,4.54,2.57,1.59,16,39 1/2,"09'08""",4.29,6.98,60.0,60,60,60,60
*Janzen Jackson,Janzen,Jackson,Undrafted,McNeese State,FS,Jr/2012,,,Undrafted,266,NFL Combine,5114,188,4.64,2.7,1.64,9,36 1/2,"10'05""",4.15,6.9,9 3/8,31,,Pro Day,4.51,2.55,1.5,,37,"10'07""",4.35,,60.0,60,60,60,60
Quinton Richardson,Quinton,Richardson,Undrafted,Washington,FS,rSr/2012,,,Undrafted,276,NFL Combine,5112,204,,,,,,,,,,,,Pro Day,4.38,2.57,1.59,19,31 1/2,"09'08""",4.35,7.02,60.0,60,60,60,60
Shawn Loiseau,Shawn,Loiseau,Undrafted,Merrimack,ILB,Sr/2012,,,Undrafted,252,NFL Combine,6004,244,4.85,2.86,1.77,19,32 1/2,"09'01""",,,8 3/8,30 3/4,,Pro Day,4.81,2.85,1.75,,33,"09'02""",4.21,7.31,60.0,60,60,60,60
Desmond Wynn,Desmond,Wynn,Undrafted,Rutgers,OG,rSr/2012,,,Undrafted,227,NFL Combine,6054,303,5.05,2.93,1.79,28,32 1/2,,,,10 1/4,34,,Pro Day,,,,,,,4.46,7.51,60.0,60,60,60,60
Tyler Nielsen,Tyler,Nielsen,Undrafted,Iowa,OLB,rSr/2012,,,Undrafted,167,NFL Combine,6033,238,4.74,2.76,1.69,21,,,4.31,7.27,9 1/4,31 3/4,,Pro Day,4.63,2.63,1.65,,37,"09'08""",4.5,7.14,60.0,60,60,60,60
Alex Hoffman-Ellis,Alex,Hoffman-Ellis,Undrafted,Washington State,OLB,rSr/2012,,,Undrafted,189,NFL Combine,6004,232,,,,,,,,,,,,Pro Day,4.53,2.63,1.57,36,36 1/2,"09'11""",4.33,7.09,60.0,60,60,60,60
Braylon Broughton,Braylon,Broughton,Undrafted,Texas Christian,OLB,rSr/2012,,,Undrafted,214,NFL Combine,6041,257,,,,,,,,,,,,Pro Day,4.55,2.69,1.61,26,36,"09'10""",4.3,7.19,60.0,60,60,60,60
Matt Reynolds,Matt,Reynolds,Undrafted,Brigham Young,OT,rSr/2012,,,Undrafted,179,NFL Combine,6044,302,5.37,3.12,1.91,25,,,,,9 5/8,33 1/4,,Pro Day,5.12,3,1.86,,29,"08'11""",4.68,7.55,60.0,60,60,60,60
Dustin Waldron,Dustin,Waldron,Undrafted,Portland State,OT,Sr/2012,,,Undrafted,247,NFL Combine,6050,305,5.34,3.06,1.87,29,26,"08'07""",4.75,7.93,9 3/4,32 3/4,,Pro Day,,,,,31,"08'08""",4.82,7.84,60.0,60,60,60,60
Levy Adcock,Levy,Adcock,Undrafted,Oklahoma State,OT,Sr/2012,,,Undrafted,280,NFL Combine,6054,320,,,,,,,,,,,,Pro Day,5.21,3.01,1.8,26,27 1/2,"09'00""",4.84,7.82,60.0,60,60,60,60
Davin Meggett,Davin,Meggett,Undrafted,Maryland,RB,Sr/2012,,,Undrafted,192,NFL Combine,5082,211,4.53,2.68,1.6,23,35,"09'10""",4.32,7.14,9 1/2,30 1/8,,Pro Day,4.44,2.57,1.53,,,,,,60.0,60,60,60,60
*Johnny Thomas,Johnny,Thomas,Undrafted,Oklahoma State,SS,Sr/2012,,,Undrafted,272,NFL Combine,5103,206,4.63,2.76,1.66,20,35 1/2,"10'03""",4.25,7.01,9 3/4,32 1/2,,Pro Day,4.58,2.6,1.55,,,,,,60.0,60,60,60,60
DeAngelo Peterson,DeAngelo,Peterson,Undrafted,LSU,TE,Sr/2012,,,Undrafted,191,NFL Combine,6030,243,4.76,2.71,1.65,18,36,"10'01""",,7.19,9 1/2,32 1/2,,Pro Day,,,,,,,4.58,,60.0,60,60,60,60
Lamont Bryant,Lamont,Bryant,Undrafted,Morgan State,TE,Sr/2012,,,Undrafted,261,NFL Combine,6050,229,,,,,,,,,,,,Pro Day,4.39,2.48,1.5,19,43,"10'08""",4.38,6.78,60.0,60,60,60,60
Nick Provo,Nick,Provo,Undrafted,Syracuse,TE,rSr/2012,,,Undrafted,269,NFL Combine,6032,237,,,,,,,,,9 1/2,31 3/4,,Pro Day,4.76,2.75,1.6,,32,"09'02""",4.43,6.97,60.0,60,60,60,60
Dwight Jones,Dwight,Jones,Undrafted,North Carolina,WR,Sr/2012,,,Undrafted,197,NFL Combine,6032,230,4.55,2.72,1.66,14,33,"09'01""",,,9,34,,Pro Day,,,,,,,,,60.0,60,60,60,60
Brandon Carswell,Brandon,Carswell,Undrafted,Southern California,WR,rSr/2012,,,Undrafted,250,NFL Combine,6010,201,,,,,,,,,,,,Pro Day,4.47,2.63,1.55,18,34,"09'04""",4.22,7.04,60.0,60,60,60,60
Dale Moss,Dale,Moss,Undrafted,South Dakota State,WR,Sr/2012,,,Undrafted,254,NFL Combine,6032,213,,,,,,,,,,,,Pro Day,4.51,2.62,1.61,11,41 1/2,"10'10""",4.13,6.35,60.0,60,60,60,60
Marquis Maze,Marquis,Maze,Undrafted,Alabama,WR,rSr/2012,,,Undrafted,289,NFL Combine,5081,186,4.51,2.63,1.58,,33 1/2,"09'04""",,,9,29 3/4,,Pro Day,,,,,,,4.33,6.9,60.0,60,60,60,60
