full_name,first_name,last_name,draft_team,college,position,class/year,round,pick,overall,ds_rank,category,ht,wt,yd40,yd20,yd10,bench,vert,broad,shut20,cone3,hand_size,arm_length,wingspan,category,yd40,yd20,yd10,bench,vert,broad,shut20,cone3,rating,madden15,madden16,madden17,madden18
*Le'Veon Bell,Le'Veon,Bell,Steelers,Michigan State,RB,Jr/2013,2,18,48,75,NFL Combine,6013,230,4.6,2.64,1.57,24,31 1/2,"09'10""",4.24,6.75,9 5/8,31 1/2,74 3/4,Pro Day,,,,,,,,,93.6,82,94,94,97
*Travis Frederick,Travis,Frederick,Cowboys,Wisconsin,C,rJr/2013,1,31,31,53,NFL Combine,6035,312,5.58,3.2,1.91,21,28 1/2,"08'01""",4.76,7.81,10,33,79,Pro Day,,,,,,,,,90.6,82,91,91,93
*Tyrann Mathieu,Tyrann,Mathieu,Cardinals,LSU,CB,Jr/2013,3,7,69,69,NFL Combine,5086,186,4.5,2.61,1.56,4,34,"09'09""",4.14,6.87,9 3/8,31 1/8,72 1/4,Pro Day,,,,,,,,,89.9,84,83,96,87
*DeAndre Hopkins,DeAndre,Hopkins,Texans,Clemson,WR,Jr/2013,1,27,27,43,NFL Combine,6010,214,4.57,2.69,1.62,15,36,"09'07""",4.5,,10,33 3/8,80,Pro Day,4.57,2.7,1.65,,,,,6.83,89.1,75,88,93,91
Travis Kelce,Travis,Kelce,Chiefs,Cincinnati,TE,rSr/2013,3,1,63,66,NFL Combine,6047,255,,,,,,,,,9 5/8,33 3/4,80,Pro Day,4.61,2.72,1.61,,35,"10'04""",4.42,7.09,89.0,74,91,88,94
Desmond Trufant,Desmond,Trufant,Falcons,Washington,CB,Sr/2013,1,22,22,23,NFL Combine,5115,190,4.38,2.54,1.5,16,37 1/2,"10'05""",3.85,,8 5/8,31 1/4,74 3/4,Pro Day,,,,,,,,6.67,88.6,82,90,90,89
Kawann Short,Kawann,Short,Panthers,Purdue,DT,rSr/2013,2,13,44,59,NFL Combine,6027,299,,,,,,,,,9 3/4,34 3/4,83,Pro Day,5.08,,,29,27,"08'04""",4.65,7.55,88.4,84,83,92,88
*Tyler Eifert,Tyler,Eifert,Bengals,Notre Dame,TE,rJr/2013,1,21,21,14,NFL Combine,6054,250,4.68,2.76,1.65,22,35 1/2,"09'11""",4.32,6.92,9 1/8,33 1/8,78 3/8,Pro Day,,,,,,,,,88.0,82,81,90,91
*Keenan Allen,Keenan,Allen,Chargers,California,WR,Jr/2013,3,14,76,47,NFL Combine,6020,206,,,,,,,,,10,32 3/4,76 3/4,Pro Day,,,,,,,,,88.0,87,86,88,89
*Jordan Reed,Jordan,Reed,Redskins,Florida,TE,rJr/2013,3,23,85,120,NFL Combine,6024,236,4.72,2.76,1.66,16,,,,,10,33,78 3/8,Pro Day,,,,,,,,,87.7,81,82,89,91
Lane Johnson,Lane,Johnson,Eagles,Oklahoma,OT,Sr/2013,1,4,4,4,NFL Combine,6060,303,4.72,2.77,1.68,28,34,"09'10""",4.52,7.31,10 1/8,35 1/4,83 3/8,Pro Day,,,,,,,,,87.3,81,88,86,90
Ezekiel Ansah,Ezekiel,Ansah,Lions,Colorado,DE,Sr/2013,1,5,5,7,NFL Combine,6052,271,4.63,2.69,1.63,21,34 1/2,"09'10""",4.26,7.11,10 1/4,35 1/8,82 3/8,Pro Day,,,,,,,,,86.9,82,88,90,84
Jamie Collins,Jamie,Collins,Patriots,Southern Miss,OLB,Sr/2013,2,22,52,60,NFL Combine,6034,250,4.64,2.72,1.64,19,41 1/2,"11'07""",4.32,7.1,9 3/4,33 3/4,81,Pro Day,,,,,,,,,86.7,81,90,88,85
*Sheldon Richardson,Sheldon,Richardson,Jets,Missouri,DT,rJr/2013,1,13,13,15,NFL Combine,6024,294,5.02,2.91,1.75,30,32,"09'08""",,,10 1/2,34 1/2,81 3/4,Pro Day,,2.71,1.68,,,,4.59,7.33,86.6,88,92,86,81
Darius Slay,Darius,Slay,Lions,Mississippi State,CB,Sr/2013,2,4,36,63,NFL Combine,5117,192,4.36,2.56,1.54,14,35 1/2,"10'04""",4.21,6.9,9 3/8,32 1/4,75 5/8,Pro Day,,,,,32 1/2,,,,86.3,72,84,90,89
Terron Armstead,Terron,Armstead,Saints,Arkansas-Pine Bluff,OT,Sr/2013,3,13,75,48,NFL Combine,6046,306,4.71,2.77,1.68,31,34 1/2,"09'04""",4.72,7.62,9 1/4,34,81 5/8,Pro Day,,,,,,,,,86.0,75,81,92,85
Kyle Juszczyk,Kyle,Juszczyk,Ravens,Harvard,FB,Sr/2013,4,33,130,123,NFL Combine,6012,248,,,,,,,,,9 1/8,32 5/8,75 7/8,Pro Day,4.71,2.75,1.6,24,37,"10'01""",4.19,6.93,85.6,74,86,83,91
*Eddie Lacy,Eddie,Lacy,Packers,Alabama,RB,rJr/2013,2,31,61,36,NFL Combine,5110,231,,,,,,,,,9 1/2,31,73 1/2,Pro Day,4.64,2.65,1.65,,33 1/2,,,7.33,85.3,87,90,83,82
*Giovani Bernard,Giovani,Bernard,Bengals,North Carolina,RB,rSo/2013,2,5,37,67,NFL Combine,5083,202,4.53,2.64,1.56,19,33 1/2,"10'02""",4.12,6.91,9 3/8,28,67 3/4,Pro Day,,,,19,,,,,85.1,84,84,85,86
*Zach Ertz,Zach,Ertz,Eagles,Stanford,TE,rJr/2013,2,3,35,49,NFL Combine,6050,249,4.76,2.77,1.68,24,30 1/2,"09'03""",4.47,7.08,9 3/4,31 3/4,76 1/4,Pro Day,4.67,2.74,1.64,,35 1/2,"09'06""",,,84.9,79,84,87,85
*Xavier Rhodes,Xavier,Rhodes,Vikings,Florida State,CB,rJr/2013,1,25,25,17,NFL Combine,6014,210,4.43,2.59,1.58,14,40 1/2,"11'00""",,,9,33 3/4,79 1/8,Pro Day,,,,,,,4.65,7.29,84.1,79,86,80,88
*David Bakhtiari,David,Bakhtiari,Packers,Colorado,OT,rJr/2013,4,12,109,76,NFL Combine,6042,299,5.09,2.94,1.77,28,25 1/2,"08'05""",4.74,7.7,9 5/8,34,79 3/4,Pro Day,,,,,,,,,83.7,76,79,79,91
*Justin Pugh,Justin,Pugh,Giants,Syracuse,OT,rJr/2013,1,19,19,45,NFL Combine,6044,307,5.14,2.98,1.79,,28 1/2,"08'07""",4.63,7.45,10 1/4,32,79 1/8,Pro Day,,,,22,,,,,83.6,80,79,84,86
*Logan Ryan,Logan,Ryan,Patriots,Rutgers,CB,rJr/2013,3,21,83,90,NFL Combine,5111,191,4.56,2.65,1.58,14,32 1/2,"09'08""",4.06,6.69,9 5/8,31 3/8,76 3/4,Pro Day,,,,,,,,,83.6,79,80,84,86
*Sharrif Floyd,Sharrif,Floyd,Vikings,Florida,DT,Jr/2013,1,23,23,9,NFL Combine,6025,297,4.92,2.87,1.7,,30,"08'10""",4.75,7.4,10 1/8,31 3/4,77 3/4,Pro Day,,,,,,,,,83.3,77,87,83,83
Kenny Vaccaro,Kenny,Vaccaro,Saints,Texas,FS,Sr/2013,1,15,15,16,NFL Combine,6000,214,4.63,2.68,1.6,15,38,"10'01""",4.06,6.78,10,32 3/4,77 5/8,Pro Day,,,,,,,,,82.1,87,77,80,82
Larry Warford,Larry,Warford,Lions,Kentucky,OG,Sr/2013,3,3,65,61,NFL Combine,6030,332,5.58,3.2,1.85,28,22 1/2,"08'00""",5.1,7.78,9 1/2,33 3/8,79 1/4,Pro Day,,,,,,,,,81.9,88,87,74,81
Kyle Long,Kyle,Long,Bears,Oregon,OG,Sr/2013,1,20,20,56,NFL Combine,6061,313,4.94,2.87,1.74,,28,"08'11""",4.63,7.83,11,33 3/8,79 5/8,Pro Day,,,,,28,"09'02""",,,81.7,78,88,79,80
*Tony Jefferson,Tony,Jefferson,Undrafted,Oklahoma,FS,Jr/2013,,,Undrafted,160,NFL Combine,5106,213,4.75,2.77,1.67,16,,,,,9 1/4,31 5/8,75 5/8,Pro Day,,,,,,,4.21,7.27,81.7,69,77,81,88
Star Lotulelei,Star,Lotulelei,Panthers,Utah,DT,Sr/2013,1,14,14,5,NFL Combine,6024,311,,,,,,,,,9 3/4,33 5/8,78 3/8,Pro Day,5.41,3.12,1.89,38,30,"08'09""",4.63,7.79,81.6,88,87,79,75
Brandon Williams,Brandon,Williams,Ravens,Missouri Southern,DT,rSr/2013,3,32,94,87,NFL Combine,6012,335,5.37,3.09,1.86,38,29 1/2,"08'06""",4.91,8.09,9 3/4,32 5/8,79 7/8,Pro Day,,,,,,,,,81.3,67,85,84,82
Kiko Alonso,Kiko,Alonso,Bills,Oregon,ILB,rSr/2013,2,16,46,86,NFL Combine,6033,238,,,,,,,,,9 3/4,32 1/8,75 3/8,Pro Day,4.74,2.71,1.66,,30 1/2,"09'09""",4.18,6.96,81.0,88,87,76,76
Rick Wagner,Rick,Wagner,Ravens,Wisconsin,OT,rSr/2013,5,35,168,162,NFL Combine,6057,308,5.17,3.06,1.86,20,31 1/2,"08'05""",4.91,7.94,9 7/8,34,80 5/8,Pro Day,,,,,,,,,80.4,73,86,76,83
*David Amerson,David,Amerson,Redskins,North Carolina State,CB,Jr/2013,2,21,51,65,NFL Combine,6010,205,4.44,2.58,1.57,15,35 1/2,"10'07""",,,10 1/2,32 5/8,77,Pro Day,,,,,38 1/2,"11'00""",4.13,6.75,80.1,74,71,84,82
Johnathan Cyprien,Johnathan,Cyprien,Jags,Florida International,SS,Sr/2013,2,1,33,29,NFL Combine,6002,217,,,,,38 1/2,,,,10 1/4,31 3/4,76 1/2,Pro Day,4.64,2.65,1.52,18,,"09'11""",4.44,7.01,80.0,77,79,76,84
*Johnathan Hankins,Johnathan,Hankins,Giants,Ohio State,DT,Jr/2013,2,19,49,50,NFL Combine,6027,320,5.31,3.1,1.85,,26,"08'08""",4.61,7.59,9 1/2,33,81 7/8,Pro Day,,,,,,,,,80.0,74,86,81,76
Latavius Murray,Latavius,Murray,Raiders,Central Florida,RB,rSr/2013,6,13,181,213,NFL Combine,6025,223,,,,,,,,,9 1/8,33 5/8,79 5/8,Pro Day,4.38,2.56,1.48,22,36,"10'04""",4.36,6.81,80.0,68,78,81,84
Terrance Williams,Terrance,Williams,Cowboys,Baylor,WR,rSr/2013,3,12,74,73,NFL Combine,6020,208,4.52,2.66,1.61,11,32 1/2,"09'11""",4.32,7.01,8 3/4,31 1/4,74 1/8,Pro Day,,,,,,,,,79.9,75,82,80,80
Tavon Austin,Tavon,Austin,Rams,West Virginia,WR,Sr/2013,1,8,8,13,NFL Combine,5084,174,4.34,2.56,1.55,14,32,"10'00""",4.01,,9 1/8,30,70 5/8,Pro Day,,,,,,,,,79.4,78,75,80,81
J.J. Wilcox,J.J.,Wilcox,Cowboys,Georgia Southern,SS,Sr/2013,3,18,80,97,NFL Combine,6000,213,4.57,2.65,1.57,17,35,"10'04""",4.09,7.02,9,31,74 5/8,Pro Day,,,,,,,,,79.3,75,79,79,81
*Alec Ogletree,Alec,Ogletree,Rams,Georgia,OLB,Jr/2013,1,30,30,31,NFL Combine,6024,242,4.7,2.74,1.65,20,33 1/2,"10'02""",4.39,7.16,10,33 1/2,78 1/8,Pro Day,4.64,2.72,1.65,,,,4.53,7.07,79.0,79,81,79,77
*Eric Reid,Eric,Reid,49ers,LSU,FS,Jr/2013,1,18,18,32,NFL Combine,6012,213,4.53,2.62,1.56,17,40 1/2,"11'02""",4.22,6.99,10,33 5/8,80 5/8,Pro Day,4.5,2.6,1.54,,,,,,78.7,81,81,77,77
J.C. Tretter,J.C.,Tretter,Packers,Cornell,OG,Sr/2013,4,25,122,189,NFL Combine,6035,307,5.09,2.94,1.75,29,29 1/2,"09'01""",4.69,7.48,10 1/8,33 3/8,78 1/8,Pro Day,,,,,,,,,78.7,74,73,76,84
Jonathan Cooper,Jonathan,Cooper,Cardinals,North Carolina,OG,rSr/2013,1,7,7,11,NFL Combine,6021,311,5.07,2.91,1.83,35,27,"09'00""",4.84,7.78,10 1/4,33,80,Pro Day,,,,,,,,,78.4,83,77,76,77
Chance Warmack,Chance,Warmack,Titans,Alabama,OG,Sr/2013,1,10,10,8,NFL Combine,6020,317,5.49,3.17,1.9,,,"09'02""",,,9 5/8,34 3/4,81 1/8,Pro Day,,,,,,,5.01,7.93,78.4,79,84,75,76
*Barkevious Mingo,Barkevious,Mingo,Browns,LSU,OLB,rJr/2013,1,6,6,10,NFL Combine,6042,241,4.58,2.68,1.6,,37,"10'08""",4.39,6.84,9 5/8,33 3/4,82 1/4,Pro Day,,,,,,,,,78.3,76,82,76,78
*Bennie Logan,Bennie,Logan,Eagles,LSU,DT,rJr/2013,3,5,67,96,NFL Combine,6017,309,,,,30,25,"08'08""",4.67,7.53,10 1/4,34,81 1/2,Pro Day,,,,,28,"08'05""",,,78.3,76,80,78,78
*Kenny Stills,Kenny,Stills,Saints,Oklahoma,WR,Jr/2013,5,11,144,136,NFL Combine,6004,194,4.38,2.58,1.54,16,33 1/2,"10'04""",4.35,,9,30 1/2,73,Pro Day,,,,,,,4.13,7.13,78.3,78,81,74,80
D.J. Swearinger,D.J.,Swearinger,Texans,South Carolina,FS,Sr/2013,2,27,57,71,NFL Combine,5104,208,4.67,2.7,1.63,17,37,"10'04""",4.11,6.7,9 1/2,32 3/8,77 5/8,Pro Day,4.65,2.68,1.52,,,,,,78.0,76,74,72,84
Micah Hyde,Micah,Hyde,Packers,Iowa,CB,Sr/2013,5,26,159,204,NFL Combine,5116,197,4.56,2.7,1.65,12,33,"10'01""",4.2,6.78,9 3/8,31 1/2,74 7/8,Pro Day,,,,12,33 1/2,"10'00""",4.22,6.67,78.0,75,79,80,76
*D.J. Fluker,D.J.,Fluker,Chargers,Alabama,OT,rJr/2013,1,11,11,12,NFL Combine,6045,339,5.31,3.12,1.9,21,,,,,10 1/2,36 3/8,87 1/4,Pro Day,,,,,27 1/2,,5,,77.6,82,81,74,75
Robert Alford,Robert,Alford,Falcons,Southeastern Louisiana,CB,rSr/2013,2,30,60,83,NFL Combine,5101,188,4.39,2.54,1.54,17,40,"11'00""",4.23,6.89,9 1/2,32,75,Pro Day,,,,,,,,,77.4,73,75,77,80
*Luke Joeckel,Luke,Joeckel,Jags,Texas AM,OT,Jr/2013,1,2,2,1,NFL Combine,6060,306,5.3,3.09,1.86,27,28 1/2,"08'10""",4.68,7.4,10 1/8,34 1/4,81,Pro Day,,,,,,,,,77.3,78,76,79,75
Sio Moore,Sio,Moore,Raiders,Connecticut,OLB,rSr/2013,3,4,66,68,NFL Combine,6006,245,4.65,2.7,1.62,29,38,"10'07""",4.31,7.49,10 1/4,33 5/8,79 1/2,Pro Day,,,,,,,,,76.9,82,80,72,75
*Robert Woods,Robert,Woods,Bills,Southern California,WR,Jr/2013,2,10,41,35,NFL Combine,6003,201,4.51,2.67,1.62,14,33 1/2,"09'09""",4.47,7.15,9 1/4,31,73 1/8,Pro Day,,,,,,,4.36,,76.7,75,80,73,78
Vance McDonald,Vance,McDonald,49ers,Rice,TE,rSr/2013,2,25,55,70,NFL Combine,6041,267,4.69,2.81,1.71,31,33 1/2,"09'11""",4.53,7.08,10 1/8,34 3/8,82,Pro Day,,,,,,,,,76.7,71,78,78,77
Andre Ellington,Andre,Ellington,Cardinals,Clemson,RB,rSr/2013,6,19,187,88,NFL Combine,5092,199,4.61,2.64,1.57,,34,"10'02""",,,9 3/8,31,72 5/8,Pro Day,,,,,,,,,76.7,80,77,78,72
Shawn Williams,Shawn,Williams,Bengals,Georgia,SS,Sr/2013,3,22,84,115,NFL Combine,5117,213,4.46,2.61,1.54,25,36,"10'00""",4.25,7.01,8 3/8,30 3/4,74,Pro Day,,,,,,,,,76.6,72,74,75,80
Eric Fisher,Eric,Fisher,Chiefs,Central Michigan,OT,Sr/2013,1,1,1,2,NFL Combine,6072,306,5.05,2.9,1.72,27,28 1/2,"09'08""",4.44,7.59,10 1/2,34 1/2,82,Pro Day,,,,,,,,,76.4,74,75,78,76
*Dion Sims,Dion,Sims,Dolphins,Michigan State,TE,rJr/2013,4,9,106,139,NFL Combine,6047,262,4.75,2.75,1.62,22,35,"09'04""",4.52,7.36,10 1/2,33 1/8,80 3/4,Pro Day,,,,26,,,4.58,7.16,76.4,74,77,75,78
Caleb Sturgis,Caleb,Sturgis,Dolphins,Florida,K,rSr/2013,5,33,166,235,NFL Combine,5097,188,,,,,,,,,8 3/4,30,71 1/2,Pro Day,,,,,,,,,76.3,66,76,76,80
*Cordarrelle Patterson,Cordarrelle,Patterson,Vikings,Tennessee,WR,Jr/2013,1,29,29,33,NFL Combine,6017,216,4.42,2.61,1.6,,37,"10'08""",,,9,31 3/4,76 1/4,Pro Day,,,,,,,4.4,7.28,76.1,82,73,70,78
*Kevin Minter,Kevin,Minter,Cardinals,LSU,ILB,rJr/2013,2,15,45,46,NFL Combine,5116,246,4.81,2.8,1.69,25,33,"09'11""",,,9 3/8,32,75 1/2,Pro Day,4.67,2.7,1.63,,34 1/2,"09'06""",4.49,7.39,76.1,73,78,74,78
*William Gholston,William,Gholston,Bucs,Michigan State,DE,Jr/2013,4,29,126,118,NFL Combine,6062,281,4.96,2.89,1.75,23,28 1/2,"09'02""",4.59,7.2,10 3/8,34,82 1/2,Pro Day,4.98,,,21,,,4.8,,75.6,70,73,78,76
Datone Jones,Datone,Jones,Packers,UCLA,DE,rSr/2013,1,26,26,27,NFL Combine,6037,283,4.8,2.76,1.66,29,31 1/2,"09'04""",4.32,7.32,10,32 3/4,79 1/8,Pro Day,,,,,,,,,75.4,74,74,76,76
Manti Te'o,Manti,Te'o,Chargers,Notre Dame,ILB,Sr/2013,2,6,38,25,NFL Combine,6012,241,4.82,2.78,1.67,,33,"09'05""",4.27,7.13,9 1/2,32 1/2,76,Pro Day,4.75,2.69,1.63,21,,,,,75.4,72,78,75,75
*Jelani Jenkins,Jelani,Jenkins,Dolphins,Florida,ILB,rJr/2013,4,7,104,158,NFL Combine,6004,243,,,,27,,,,,9 3/8,32 1/4,77 3/4,Pro Day,4.65,2.72,1.61,,35 1/2,"09'03""",4.28,6.97,75.4,72,79,78,71
John Simon,John,Simon,Ravens,Ohio State,OLB,Sr/2013,4,32,129,113,NFL Combine,6014,257,,,,,,,,,9 1/2,33 1/4,79 1/8,Pro Day,4.62,,,,34,"10'01""",4.42,7.1,75.3,70,72,74,79
Markus Wheaton,Markus,Wheaton,Steelers,Oregon State,WR,Sr/2013,3,17,79,79,NFL Combine,5110,189,4.45,2.63,1.6,20,37,"10'00""",4.02,6.8,9 1/8,32 3/4,76 1/2,Pro Day,,,,,,,,,75.1,73,75,76,75
Ryan Allen,Ryan,Allen,Undrafted,Louisiana Tech,P,rSr/2013,,,Undrafted,236,NFL Combine,6014,229,,,,,,,,,9 5/8,32 1/2,76 1/8,Pro Day,,,,,,,,,75.1,70,72,78,75
Tank Carradine,Tank,Carradine,49ers,Virginia Tech,DE,Sr/2013,2,9,40,30,NFL Combine,6041,276,,,,28,,,,,10 1/4,34 3/4,83 3/8,Pro Day,,,,32,,,,,74.7,73,77,71,77
*Knile Davis,Knile,Davis,Chiefs,Arkansas,RB,rJr/2013,3,34,96,232,NFL Combine,5113,227,4.37,2.57,1.54,31,33 1/2,"10'01""",4.38,6.96,8 5/8,29 3/4,71 1/2,Pro Day,,,,,,,,,74.7,75,80,73,71
Josh Kline,Josh,Kline,Undrafted,Kent State,OG,rSr/2013,,,Undrafted,250,NFL Combine,6025,307,,,,,,,,,9 3/8,31 1/2,76 1/4,Pro Day,5.06,3,1.76,25,27,"08'06""",4.59,7.63,74.7,66,73,72,80
Geno Smith,Geno,Smith,Jets,West Virginia,QB,Sr/2013,2,8,39,21,NFL Combine,6023,218,4.59,2.69,1.62,,33 1/2,"10'04""",,,9 1/4,32 1/2,76 3/8,Pro Day,,,,,,,,,74.6,78,76,73,72
D.J. Hayden,D.J.,Hayden,Raiders,Houston,CB,Sr/2013,1,12,12,24,NFL Combine,5111,191,,,,,,,,,9,31 1/8,73 5/8,Pro Day,4.4,2.6,1.57,,33 1/2,"10'00""",,,74.4,77,78,70,74
Dwayne Gratz,Dwayne,Gratz,Jags,Connecticut,CB,rSr/2013,3,2,64,55,NFL Combine,5111,201,4.47,2.62,1.6,22,38,"10'05""",4.15,6.7,10 1/2,32 1/8,76 1/2,Pro Day,,,,,,,,,74.4,75,78,74,71
Mike Glennon,Mike,Glennon,Bucs,North Carolina State,QB,rSr/2013,3,11,73,77,NFL Combine,6071,225,4.94,2.9,1.74,,26 1/2,"08'06""",4.52,7.49,9 5/8,33 1/8,78 3/4,Pro Day,,,,,,,,,74.4,79,73,71,74
Jamar Taylor,Jamar,Taylor,Dolphins,Boise State,CB,rSr/2013,2,24,54,28,NFL Combine,5105,192,4.39,2.57,1.53,22,35,"10'07""",4.06,6.82,9 1/8,30 3/4,73 5/8,Pro Day,,,,,,,,,74.3,69,68,70,81
Christine Michael,Christine,Michael,Seahawks,Texas AM,RB,Sr/2013,2,32,62,94,NFL Combine,5100,220,4.54,2.63,1.56,27,43,"10'05""",4.02,6.69,9 3/8,31 1/2,73 5/8,Pro Day,,,,,,,,,74.3,76,76,71,75
*Jarvis Jones,Jarvis,Jones,Steelers,Georgia,OLB,rJr/2013,1,17,17,18,NFL Combine,6023,245,,,,,,,,,9 1/8,33,78 3/4,Pro Day,4.88,2.79,1.66,20,30 1/2,"09'03""",4.71,7.46,74.1,74,71,73,76
*Gavin Escobar,Gavin,Escobar,Cowboys,San Diego State,TE,rJr/2013,2,17,47,89,NFL Combine,6057,254,4.84,2.81,1.69,,32,"09'06""",4.31,7.07,9 3/4,33 5/8,79 3/8,Pro Day,4.78,2.81,1.68,12,,,,,74.1,73,75,74,74
Sylvester Williams,Sylvester,Williams,Broncos,North Carolina,DT,Sr/2013,1,28,28,19,NFL Combine,6025,313,5.03,2.91,1.76,27,26 1/2,"08'06""",4.8,7.93,10 3/4,33 1/2,79 1/4,Pro Day,,,,,,,,,74.0,74,76,74,72
Vince Williams,Vince,Williams,Steelers,Florida State,ILB,rSr/2013,6,38,206,227,NFL Combine,6006,233,,,,,,,,,9 1/8,31 1/2,75 3/8,Pro Day,4.76,2.76,1.71,22,32 1/2,"09'03""",4.67,7.53,73.9,73,75,73,74
Mychal Rivera,Mychal,Rivera,Raiders,Tennessee,TE,rSr/2013,6,16,184,255,NFL Combine,6032,242,4.81,2.82,1.66,17,31,"09'04""",4.43,7.17,10 1/4,32 5/8,79,Pro Day,,,,21,31,,,,73.7,74,75,73,73
Charles Johnson,Charles,Johnson,Packers,Grand Valley State,WR,rSr/2013,7,10,216,230,NFL Combine,6020,215,,,,,,,,,9 1/4,30 1/2,72,Pro Day,4.39,2.51,1.53,14,39 1/2,"11'01""",4.31,7.04,73.6,65,78,74,73
Brian Winters,Brian,Winters,Jets,Kent State,OG,Sr/2013,3,10,72,78,NFL Combine,6035,320,,,,9,,,,,9 3/4,32 3/4,77 1/4,Pro Day,5.22,2.99,1.78,,31 1/2,"08'11""",4.77,7.55,73.1,69,69,70,78
John Jenkins,John,Jenkins,Saints,Georgia,DT,Sr/2013,3,20,82,74,NFL Combine,6035,346,,,,30,,,,,9 1/2,34,81 1/8,Pro Day,5.2,3.01,1.81,,24 1/2,"08'04""",4.94,7.8,73.1,73,75,78,65
Shamarko Thomas,Shamarko,Thomas,Steelers,Syracuse,SS,Sr/2013,4,14,111,114,NFL Combine,5087,213,4.42,2.6,1.55,28,40 1/2,"11'01""",4.26,,9 1/4,31 1/2,75,Pro Day,,,,,,,,6.84,73.1,77,76,72,69
Jordan Mills,Jordan,Mills,Bears,Louisiana Tech,OT,Sr/2013,5,30,163,181,NFL Combine,6050,316,5.37,3.08,1.84,20,28 1/2,"08'05""",4.88,8.1,9 3/4,34,82,Pro Day,,,,,,,,,73.1,74,74,73,72
E.J. Manuel,E.J.,Manuel,Bills,Florida State,QB,rSr/2013,1,16,16,40,NFL Combine,6045,237,4.65,2.75,1.67,,34,"09'10""",4.21,7.08,10 3/8,35,83 1/8,Pro Day,,,,,,,,,73.0,78,73,71,70
*Brad Wing,Brad,Wing,Undrafted,LSU,P,rSo/2013,,,Undrafted,259,NFL Combine,6023,205,,,,,,,,,9 1/2,32,76,Pro Day,,,,,,,,,73.0,64,64,76,77
Ryan Griffin,Ryan,Griffin,Undrafted,Tulane,QB,rSr/2013,,,Undrafted,208,NFL Combine,6037,221,,,,,,,,,9 3/8,31 1/4,75 1/2,Pro Day,5.2,3.02,1.82,,25 1/2,"08'05""",4.78,7.64,73.0,75,73,72,72
Dustin Hopkins,Dustin,Hopkins,Bills,Florida State,K,Sr/2013,6,9,177,225,NFL Combine,6020,193,4.74,2.79,1.67,,33 1/2,"09'08""",,,8 7/8,31 3/4,75 1/4,Pro Day,,,,,,,,,72.9,65,66,77,74
Rex Burkhead,Rex,Burkhead,Bengals,Nebraska,RB,Sr/2013,6,22,190,286,NFL Combine,5102,214,4.73,2.73,1.63,21,39,"10'05""",4.09,6.85,9 3/4,30 7/8,74 1/2,Pro Day,4.69,,,,,,,,72.9,68,72,71,76
LaAdrian Waddle,LaAdrian,Waddle,Undrafted,Texas Tech,OT,Sr/2013,,,Undrafted,247,NFL Combine,6060,321,,,,,,,,,10 3/4,36,86 3/4,Pro Day,5.41,3.09,1.81,,29,"08'06""",4.9,8.23,72.9,76,79,70,68
*Justin Hunter,Justin,Hunter,Titans,Tennessee,WR,Jr/2013,2,2,34,26,NFL Combine,6040,196,4.44,2.59,1.58,,39 1/2,"11'04""",4.33,,9 3/8,33 1/4,78 3/4,Pro Day,,,,,40 1/2,"11'06""",,7.19,72.7,75,75,71,71
Aaron Dobson,Aaron,Dobson,Patriots,Marshall,WR,Sr/2013,2,29,59,117,NFL Combine,6026,210,,,,,,,,,9,33,79 1/8,Pro Day,4.37,2.6,1.51,16,35,"10'01""",4.33,7.19,72.7,75,75,71,71
*Akeem Spence,Akeem,Spence,Bucs,Illinois,DT,rJr/2013,4,3,100,131,NFL Combine,6005,307,5.15,2.93,1.74,37,30,"08'11""",4.72,7.82,10,33 1/2,80 5/8,Pro Day,,,,,,,4.62,,72.7,71,73,73,73
Earl Watford,Earl,Watford,Cardinals,James Madison,OG,rSr/2013,4,19,116,140,NFL Combine,6033,300,5.06,2.95,1.8,24,30,"08'11""",5,7.77,10,34,80,Pro Day,,,,,,,,,72.7,73,74,74,70
A.J. Klein,A.J.,Klein,Panthers,Iowa State,ILB,Sr/2013,5,15,148,109,NFL Combine,6012,250,4.66,2.69,1.6,20,,"09'05""",,,10 1/4,32 7/8,77 3/4,Pro Day,,,,24,33,,4.35,7.06,72.7,69,74,74,72
*Menelik Watson,Menelik,Watson,Raiders,Florida State,OT,Jr/2013,2,11,42,22,NFL Combine,6051,310,5.29,3.09,1.85,,24 1/2,"08'07""",5.01,8.31,10 3/8,34,80 3/4,Pro Day,,,,19,,,,,72.6,70,73,73,73
Brian Schwenke,Brian,Schwenke,Titans,California,C,Sr/2013,4,10,107,80,NFL Combine,6030,314,4.99,2.89,1.74,31,26 1/2,"09'00""",4.74,7.31,10 1/4,32,76 1/4,Pro Day,,,,,,,,,72.6,72,72,71,74
Devin Taylor,Devin,Taylor,Lions,South Carolina,DE,rSr/2013,4,35,132,214,NFL Combine,6070,266,4.72,2.72,1.64,14,35,"10'08""",4.3,6.89,10 3/8,36,87 1/8,Pro Day,4.87,2.81,1.6,16,,,,,72.6,75,72,72,71
Quinton Dial,Quinton,Dial,49ers,Alabama,DT,Sr/2013,5,24,157,274,NFL Combine,6053,318,,,,,,,,,9 3/8,34 1/2,83 1/2,Pro Day,,,,,,,,,72.6,64,76,70,76
Mike Gillislee,Mike,Gillislee,Dolphins,Florida,RB,Sr/2013,5,31,164,146,NFL Combine,5111,208,4.55,2.68,1.62,15,30 1/2,"09'11""",4.4,7.12,9 3/8,31 1/8,74 1/2,Pro Day,4.57,2.64,1.57,,,,,,72.4,68,68,70,77
Jordan Hill,Jordan,Hill,Seahawks,Penn State,DT,Sr/2013,3,25,87,149,NFL Combine,6012,303,5.23,3.02,1.84,28,22 1/2,"08'07""",4.51,7.49,10 1/4,33 1/2,80 1/8,Pro Day,5.02,2.83,1.76,,30,"09'03""",,,72.3,66,76,72,72
Johnthan Banks,Johnthan,Banks,Bucs,Mississippi State,CB,Sr/2013,2,12,43,44,NFL Combine,6020,185,4.61,2.7,1.64,10,34,"10'05""",4.27,6.97,9 1/4,33 7/8,79 5/8,Pro Day,4.57,2.63,1.59,,34 1/2,"10'06""",4.3,,72.1,75,77,71,67
Kayvon Webster,Kayvon,Webster,Broncos,South Florida,CB,Sr/2013,3,28,90,224,NFL Combine,5104,195,4.41,2.56,1.53,14,35,"10'05""",,,8 1/2,32 1/2,76 1/4,Pro Day,,,,,,,4.17,6.89,72.1,71,73,71,73
Jeff Locke,Jeff,Locke,Vikings,UCLA,P,rSr/2013,5,22,155,99,NFL Combine,6007,209,,,,,,,,,9,30 1/2,73 1/4,Pro Day,,,,,,,,,71.9,64,66,74,75
Blidi Wreh-Wilson,Blidi,Wreh-Wilson,Titans,Connecticut,CB,rSr/2013,3,8,70,85,NFL Combine,6006,195,4.53,2.64,1.58,14,36,"10'08""",4.12,6.97,8 5/8,32,77 3/4,Pro Day,4.39,2.56,1.43,,,,,,71.7,73,72,71,71
*Levine Toilolo,Levine,Toilolo,Falcons,Stanford,TE,rJr/2013,4,36,133,155,NFL Combine,6081,260,4.86,2.83,1.7,17,31,"09'05""",4.57,7.09,10 1/4,34 1/2,82 3/8,Pro Day,4.88,2.83,1.68,19,33 1/2,"09'09""",,,71.7,70,75,71,70
Arthur Brown,Arthur,Brown,Ravens,Kansas State,OLB,rSr/2013,2,26,56,42,NFL Combine,6003,241,,,,,,"09'08""",,,10,32 1/2,77 1/2,Pro Day,4.67,2.69,1.61,21,32 1/2,,4.31,7.07,71.6,73,73,72,69
*Damontre Moore,Damontre,Moore,Giants,Texas AM,DE,Jr/2013,3,19,81,52,NFL Combine,6044,250,4.95,2.87,1.72,12,35 1/2,"10'02""",,,10 1/4,34 3/4,83,Pro Day,,,,19,,,4.33,7.08,71.6,71,76,69,70
Will Davis,Will,Davis,Dolphins,Utah State,CB,Sr/2013,3,31,93,157,NFL Combine,5112,186,4.51,2.6,1.53,16,35 1/2,"10'07""",4.02,6.52,9,31 1/2,74,Pro Day,,,,,36,,,,71.6,70,72,73,70
Oday Aboushi,Oday,Aboushi,Jets,Virginia,OT,Sr/2013,5,8,141,141,NFL Combine,6053,308,5.45,3.16,1.9,17,23 1/2,"08'04""",4.84,7.92,10 5/8,33 7/8,81 1/8,Pro Day,5.41,3.16,1.89,21,,,4.77,,71.6,67,75,68,74
Alex Okafor,Alex,Okafor,Cardinals,Texas,DE,Sr/2013,4,6,103,57,NFL Combine,6044,264,,,,21,,,,,9 5/8,33 7/8,80 3/8,Pro Day,4.91,2.82,1.69,,31,"09'04""",4.43,7.26,71.4,68,73,71,72
Tommy Bohanon,Tommy,Bohanon,Jets,Wake Forest,FB,Sr/2013,7,9,215,209,NFL Combine,6010,246,4.88,2.87,1.7,36,35,"09'11""",4.42,7.27,10,30 1/8,73 3/4,Pro Day,4.77,2.78,1.63,,,,4.52,,71.1,72,76,68,69
Kerwynn Williams,Kerwynn,Williams,Colts,Utah State,RB,Sr/2013,7,24,230,159,NFL Combine,5081,195,4.48,2.65,1.63,17,35,"09'10""",4.15,7.15,9 1/8,29 3/4,70 3/4,Pro Day,,,,,,,,,71.0,64,72,71,73
Wes Horton,Wes,Horton,Undrafted,Southern California,DE,rSr/2013,,,Undrafted,295,NFL Combine,6047,264,,,,,,,,,9 3/8,34 1/4,80 1/4,Pro Day,4.77,2.8,1.71,24,31,"09'01""",4.4,7.47,71.0,65,74,70,72
Dion Jordan,Dion,Jordan,Dolphins,Oregon,OLB,rSr/2013,1,3,3,3,NFL Combine,6062,248,4.6,2.68,1.65,,32 1/2,"10'02""",4.35,7.02,10,33 7/8,82,Pro Day,,,,,,,,,70.9,75,74,68,68
Marquise Goodwin,Marquise,Goodwin,Bills,Texas,WR,Sr/2013,3,16,78,93,NFL Combine,5087,183,4.27,2.53,1.51,13,,"11'00""",,,8 5/8,31 1/2,75 1/2,Pro Day,,,,,42,,4.09,6.66,70.9,73,68,68,73
*Dee Milliner,Dee,Milliner,Jets,Alabama,CB,Jr/2013,1,9,9,6,NFL Combine,5117,201,4.37,2.54,1.52,,36,"10'02""",4.32,6.95,8 3/4,32,76,Pro Day,,,,,,,,,70.7,78,77,71,60
Duke Williams,Duke,Williams,Bills,Nevada,SS,Sr/2013,4,8,105,156,NFL Combine,5110,203,4.52,2.63,1.58,13,37 1/2,"10'06""",4,,9 3/4,32,76 1/4,Pro Day,,,,,,,,7.17,70.7,71,76,76,60
Leon McFadden,Leon,McFadden,Browns,San Diego State,CB,Sr/2013,3,6,68,107,NFL Combine,5095,193,4.54,2.65,1.59,10,34 1/2,"09'11""",4.27,6.81,9,32 3/8,74,Pro Day,,,,,34 1/2,,,,70.6,70,71,71,70
Rontez Miles,Rontez,Miles,Undrafted,California (PA),FS,Sr/2013,,,Undrafted,218,NFL Combine,5115,203,4.62,2.68,1.62,,36 1/2,"10'03""",4.27,6.97,10 1/4,32 7/8,77 1/4,Pro Day,,,,,,,4.15,6.85,70.6,60,71,73,72
Jon Bostic,Jon,Bostic,Bears,Florida,OLB,Sr/2013,2,20,50,84,NFL Combine,6007,245,4.61,2.67,1.59,22,32 1/2,"09'10""",4.24,6.99,9 5/8,33,78 3/4,Pro Day,,,,,,,,,70.3,70,75,68,68
Hugh Thornton,Hugh,Thornton,Colts,Illinois,OG,Sr/2013,3,24,86,106,NFL Combine,6032,320,5.11,2.94,1.74,27,,,4.63,7.45,10,34 1/8,82,Pro Day,,,,,,,,,70.3,76,76,72,60
Demetrius McCray,Demetrius,McCray,Jags,Appalachian State,CB,Sr/2013,7,4,210,228,NFL Combine,6007,187,4.54,2.65,1.58,4,36,"10'06""",4.32,7.17,9 1/4,33 7/8,80 1/2,Pro Day,4.47,2.5,1.57,6,40 1/2,"11'00""",4.21,6.76,70.1,71,77,73,60
*Bjoern Werner,Bjoern,Werner,Colts,Florida State,DE,Jr/2013,1,24,24,20,NFL Combine,6032,266,4.83,2.81,1.69,25,31,"09'03""",4.4,7.3,9 5/8,33 1/4,78 3/8,Pro Day,,,,,,,,,69.9,73,74,74,60
Daimion Stafford,Daimion,Stafford,Titans,Nebraska,FS,Sr/2013,7,42,248,238,NFL Combine,5115,221,4.69,2.74,1.62,21,30 1/2,"09'03""",,7.06,9 1/4,31 1/8,74,Pro Day,4.56,2.59,1.62,,33 1/2,"09'09""",4.26,,69.9,69,71,69,70
*Matt Elam,Matt,Elam,Ravens,Florida,SS,Jr/2013,1,32,32,38,NFL Combine,5097,208,4.54,2.67,1.64,17,35 1/2,"09'10""",,,9,32 5/8,75 1/2,Pro Day,,,,,,,,,69.7,79,72,69,60
Josh Evans,Josh,Evans,Jags,Florida,FS,Sr/2013,6,1,169,124,NFL Combine,6011,207,4.58,2.68,1.61,,34 1/2,"10'03""",4.1,6.64,10,31 7/8,76 1/4,Pro Day,4.6,2.68,1.63,,36 1/2,,,,69.7,71,70,71,67
Jordan Poyer,Jordan,Poyer,Eagles,Oregon State,CB,Sr/2013,7,12,218,119,NFL Combine,5117,191,4.54,2.59,1.51,8,30 1/2,"09'10""",4.18,6.87,9 3/4,31 3/4,74 1/8,Pro Day,,,,20,28 1/2,"09'07""",,,69.7,69,69,70,70
Rashaan Melvin,Rashaan,Melvin,Undrafted,Northern Illinois,CB,rSr/2013,,,Undrafted,290,NFL Combine,6016,192,,,,,,,,,8 7/8,31 1/8,74 1/2,Pro Day,4.42,2.59,1.55,,38,"10'06""",4.29,7.32,69.7,63,71,69,72
Corey Fuller,Corey,Fuller,Lions,Virginia Tech,WR,rSr/2013,6,3,171,172,NFL Combine,6022,204,4.43,2.6,1.55,12,31 1/2,"10'00""",,,9 1/2,33 1/4,78 7/8,Pro Day,,,,,,,4.48,7.17,69.6,63,72,70,70
Lerentee McCray,Lerentee,McCray,Undrafted,Florida,OLB,rSr/2013,,,Undrafted,168,NFL Combine,6021,250,,,,,,,,,10,33 3/8,79 3/8,Pro Day,,,,,,,,,69.6,60,69,71,72
Earl Wolff,Earl,Wolff,Eagles,North Carolina State,SS,rSr/2013,5,3,136,190,NFL Combine,5112,209,4.44,2.57,1.51,,39,"11'02""",4.07,,9 1/8,31 1/2,75 5/8,Pro Day,,,,,36,,,6.96,69.4,76,77,68,60
*Steve Williams,Steve,Williams,Chargers,California,CB,rJr/2013,5,12,145,191,NFL Combine,5087,181,4.42,2.58,1.55,12,40 1/2,"10'08""",4.1,6.89,8 1/8,30 1/2,73 1/4,Pro Day,,,,,,,,,69.4,74,75,71,60
*Alvin Bailey,Alvin,Bailey,Undrafted,Arkansas,OG,rJr/2013,,,Undrafted,167,NFL Combine,6031,312,4.95,2.86,1.72,27,,,,,9 3/8,34 3/4,80 7/8,Pro Day,,,,,,,4.69,7.5,69.4,64,80,71,60
Margus Hunt,Margus,Hunt,Bengals,Southern Methodist,DE,rSr/2013,2,23,53,34,NFL Combine,6081,277,4.6,2.71,1.63,38,34 1/2,"10'01""",4.51,7.07,10,33 3/4,82 1/2,Pro Day,,,,,,,,,69.3,69,73,65,70
Josh Boyd,Josh,Boyd,Packers,Mississippi State,DT,Sr/2013,5,34,167,171,NFL Combine,6025,310,5.14,2.95,1.74,32,26 1/2,"08'08""",4.64,7.16,9 1/4,32,75 5/8,Pro Day,5.07,2.92,1.73,,,,4.66,,69.3,71,76,60,71
Ryan Jensen,Ryan,Jensen,Ravens,Colorado State-Pueblo,OG,Sr/2013,6,35,203,219,NFL Combine,6034,317,,,,,,,,,9 1/8,32 1/2,77 1/4,Pro Day,5.23,3.03,1.85,30,25 1/2,"08'02""",4.56,7.69,69.3,67,67,69,71
Matt Barkley,Matt,Barkley,Eagles,Southern California,QB,Sr/2013,4,1,98,37,NFL Combine,6024,227,,,,,,,,,10 1/8,30 5/8,75 1/4,Pro Day,4.9,2.85,1.75,,,,4.58,,69.1,71,69,64,72
Zac Stacy,Zac,Stacy,Rams,Vanderbilt,RB,Sr/2013,5,27,160,199,NFL Combine,5083,216,4.55,2.68,1.57,27,33,"10'02""",4.17,6.7,8 5/8,30 1/4,71 1/2,Pro Day,,,,,,"10'06""",,,69.1,84,76,60,60
Mike James,Mike,James,Bucs,Miami (FL),RB,Sr/2013,6,21,189,262,NFL Combine,5104,223,4.53,2.66,1.6,28,35,"09'07""",4.62,,9 3/4,31 5/8,76,Pro Day,,,,,,,4.34,6.93,69.1,75,72,71,60
Denard Robinson,Denard,Robinson,Jags,Michigan,WR,Sr/2013,5,2,135,192,NFL Combine,5104,199,4.43,2.61,1.58,,36 1/2,"10'03""",4.22,7.09,9,32 5/8,77,Pro Day,,,,,,,,,69.0,69,74,73,60
Barrett Jones,Barrett,Jones,Rams,Alabama,C,rSr/2013,4,16,113,100,NFL Combine,6044,306,,,,,,,,,10 1/4,34 1/8,79 3/4,Pro Day,,,,,,,,,68.9,70,74,72,60
B.W. Webb,B.W.,Webb,Cowboys,William & Mary,CB,rSr/2013,4,17,114,128,NFL Combine,5102,184,4.51,2.63,1.59,14,40 1/2,"11'00""",3.84,6.82,9 3/8,30 1/4,73,Pro Day,,,,,,,,,68.9,67,70,66,71
Don Jones,Don,Jones,Dolphins,Arkansas State,SS,rSr/2013,7,44,250,268,NFL Combine,5111,191,,,,,,,,,9,31 1/2,77,Pro Day,4.4,2.59,1.51,17,42,"10'07""",4.48,7.19,68.9,65,69,70,69
Malliciah Goodman,Malliciah,Goodman,Falcons,Clemson,DE,Sr/2013,4,30,127,163,NFL Combine,6035,276,4.87,2.84,1.74,26,31 1/2,"09'06""",,,11,36 3/8,87 1/2,Pro Day,,2.7,1.67,,33,"09'09""",4.48,7.1,68.7,70,69,68,68
Stepfan Taylor,Stepfan,Taylor,Cardinals,Stanford,RB,Sr/2013,5,7,140,116,NFL Combine,5091,214,4.76,2.79,1.65,17,30,"09'02""",4.5,7.13,8 5/8,30 1/8,72 1/2,Pro Day,4.64,2.7,1.63,19,30,,,,68.7,70,72,73,60
Kenjon Barner,Kenjon,Barner,Panthers,Oregon,RB,rSr/2013,6,14,182,153,NFL Combine,5092,196,4.52,2.7,1.64,20,35 1/2,"10'02""",4.2,6.87,9 1/8,29 5/8,72 1/2,Pro Day,4.39,2.59,1.58,,,,4.14,,68.7,69,67,69,69
*Marquess Wilson,Marquess,Wilson,Bears,Washington State,WR,Jr/2013,7,30,236,215,NFL Combine,6025,194,4.51,2.61,1.56,7,34 1/2,"10'02""",4.33,6.65,9 1/4,31 1/8,75 1/8,Pro Day,,,,,,,,,68.6,68,73,73,60
T.J. McDonald,T.J.,McDonald,Rams,Southern California,FS,Sr/2013,3,9,71,112,NFL Combine,6024,219,4.59,2.68,1.6,19,40,"10'11""",4.2,6.89,9 1/4,33 1/8,78 1/4,Pro Day,,,,,,"10'11""",,,68.4,75,82,60,60
Zach Line,Zach,Line,Undrafted,Southern Methodist,FB,rSr/2013,,,Undrafted,194,NFL Combine,6004,232,4.77,2.79,1.63,26,30 1/2,"09'03""",,,8 3/4,30 3/4,73 1/8,Pro Day,4.65,2.68,1.6,,33,"09'09""",4.4,7.12,68.3,70,72,72,60
*Tharold Simon,Tharold,Simon,Seahawks,LSU,CB,Jr/2013,5,5,138,144,NFL Combine,6020,202,4.51,2.63,1.58,9,34,"10'08""",,,8 3/4,32 3/4,80 1/8,Pro Day,4.47,2.59,1.57,,,,4.31,7.01,68.1,69,73,71,60
Chris Gragg,Chris,Gragg,Bills,Arkansas,TE,Sr/2013,7,16,222,195,NFL Combine,6026,244,4.5,2.61,1.56,18,37 1/2,"10'05""",4.51,7.08,9,33 5/8,80,Pro Day,,,,,,,4.35,,68.1,69,72,72,60
*Corey Lemonier,Corey,Lemonier,49ers,Auburn,DE,Jr/2013,3,26,88,98,NFL Combine,6033,255,4.6,2.67,1.59,27,33,"09'11""",4.4,7.14,10 1/8,34 1/2,81 1/4,Pro Day,,,,,34,,,,67.9,71,71,66,65
Quinton Patton,Quinton,Patton,49ers,Louisiana Tech,WR,rSr/2013,4,31,128,58,NFL Combine,6000,204,4.53,2.66,1.59,8,33,"09'10""",4.01,6.91,9 3/8,32 7/8,77 1/4,Pro Day,4.48,2.6,1.56,,37,"09'06""",,,67.9,72,71,70,60
Dallas Thomas,Dallas,Thomas,Dolphins,Tennessee,OT,rSr/2013,3,15,77,91,NFL Combine,6054,306,,,,,,,,,10 3/8,33 1/8,80,Pro Day,,,,,,,,,67.7,70,72,66,64
MarQueis Gray,MarQueis,Gray,Undrafted,Minnesota,QB,Sr/2013,,,Undrafted,292,NFL Combine,6032,240,4.73,2.74,1.64,15,30,"09'03""",4.3,7.25,9 7/8,34,80 1/8,Pro Day,4.65,2.73,1.6,,,,,,67.7,64,65,69,69
Sean Porter,Sean,Porter,Bengals,Texas AM,OLB,Sr/2013,4,21,118,135,NFL Combine,6012,229,4.75,2.74,1.65,22,35,"09'11""",,,9 1/4,32 1/4,77 3/4,Pro Day,4.62,2.69,1.57,,,,4.33,7.22,67.6,70,70,71,60
Josh Johnson,Josh,Johnson,Undrafted,Purdue,CB,Sr/2013,,,Undrafted,248,NFL Combine,5093,199,4.65,2.73,1.69,16,35,"09'06""",4.25,6.99,9 1/4,30 3/8,73,Pro Day,4.54,2.69,1.58,,36,"09'11""",,,67.6,71,69,65,66
Montee Ball,Montee,Ball,Broncos,Wisconsin,RB,Sr/2013,2,28,58,62,NFL Combine,5104,214,4.66,2.72,1.62,15,32,"09'10""",4.4,6.88,9,32 5/8,75 3/8,Pro Day,4.51,2.57,1.56,,,,4.11,,67.4,78,76,60,60
Phillip Thomas,Phillip,Thomas,Redskins,Fresno State,FS,rSr/2013,4,22,119,64,NFL Combine,6004,208,4.65,2.71,1.62,14,35,"10'02""",,,9 1/4,30 5/8,74 3/8,Pro Day,4.59,2.66,1.63,,,,4.15,6.78,67.4,72,72,68,60
Gerald Hodges,Gerald,Hodges,Vikings,Penn State,OLB,Sr/2013,4,23,120,134,NFL Combine,6010,243,4.78,2.78,1.67,22,,"09'11""",,,9,32,76,Pro Day,,,,,35,,4.29,7.27,67.1,70,80,60,60
Zach Sudfeld,Zach,Sudfeld,Undrafted,Nevada,TE,rSr/2013,,,Undrafted,244,NFL Combine,6066,253,,,,,,,,,9 3/4,33 1/2,80 1/2,Pro Day,4.78,2.8,1.65,11,37,"09'05""",4.41,7.08,67.1,68,71,70,60
Lavar Edwards,Lavar,Edwards,Titans,LSU,DE,rSr/2013,5,9,142,129,NFL Combine,6040,277,4.8,2.81,1.67,,33,"09'11""",4.51,7.03,10,35 1/2,85 3/4,Pro Day,4.77,2.75,1.67,21,32,"09'11""",,,67.0,67,71,66,64
Landry Jones,Landry,Jones,Steelers,Oklahoma,QB,rSr/2013,4,18,115,111,NFL Combine,6041,225,5.11,2.95,1.77,,31,"09'07""",4.3,7.12,9 1/8,33,77 1/2,Pro Day,,,,,,,,,66.9,68,68,66,66
Khaseem Greene,Khaseem,Greene,Bears,Rutgers,OLB,rSr/2013,4,20,117,105,NFL Combine,6006,241,4.71,2.73,1.64,17,30,"09'08""",4.2,7.58,9 5/8,32 5/8,77 5/8,Pro Day,4.7,2.77,1.64,,34 1/2,,,,66.9,69,66,71,60
Montori Hughes,Montori,Hughes,Colts,Tennessee-Martin,DT,Sr/2013,5,6,139,121,NFL Combine,6040,329,5.23,3.05,1.85,22,26 1/2,"08'08""",4.7,7.85,10 1/8,32 5/8,80,Pro Day,,,,,26 1/2,,4.81,7.7,66.9,68,70,65,65
Cooper Taylor,Cooper,Taylor,Giants,Richmond,SS,rSr/2013,5,19,152,275,NFL Combine,6046,228,,,,,,,,,9 5/8,32 1/4,75 1/4,Pro Day,4.49,2.63,1.6,23,36 1/2,"10'07""",4.29,6.96,66.9,68,71,69,60
Cobi Hamilton,Cobi,Hamilton,Bengals,Arkansas,WR,Sr/2013,6,29,197,152,NFL Combine,6016,212,4.56,2.69,1.63,11,29 1/2,"08'11""",4.31,,8 3/4,32 1/2,76 3/8,Pro Day,4.56,,,,,,,7.09,66.9,67,67,65,68
Sam Brenner,Sam,Brenner,Undrafted,Utah,OG,rSr/2013,,,Undrafted,291,NFL Combine,6023,307,,,,,,,,,9 3/4,32 1/2,79 3/4,Pro Day,5.03,2.9,1.74,29,29,"08'08""",4.76,7.56,66.7,69,71,68,60
Robert Lester,Robert,Lester,Undrafted,Alabama,SS,Sr/2013,,,Undrafted,239,NFL Combine,6012,220,4.66,2.69,1.61,,33 1/2,"09'09""",,,9 3/4,32,76 1/2,Pro Day,4.62,2.69,1.61,7,34 1/2,"10'01""",4.31,7.29,66.7,76,75,60,60
Reid Fragel,Reid,Fragel,Bengals,Ohio State,OT,Sr/2013,7,34,240,147,NFL Combine,6075,308,5.14,2.99,1.79,33,30,"09'05""",4.68,7.62,10 5/8,33,79 5/8,Pro Day,,,,,,,,,66.6,66,71,69,60
Cody Davis,Cody,Davis,Undrafted,Texas Tech,FS,rSr/2013,,,Undrafted,173,NFL Combine,6017,203,,,,,,,,,9 1/2,30 5/8,71 3/4,Pro Day,4.41,2.54,1.51,15,41 1/2,"10'03""",4.01,6.77,66.6,64,68,68,65
*Stedman Bailey,Stedman,Bailey,Rams,West Virginia,WR,rJr/2013,3,30,92,81,NFL Combine,5102,193,4.52,2.64,1.59,11,34 1/2,"09'09""",4.09,6.81,9 7/8,32 3/4,77 1/8,Pro Day,4.53,2.66,1.59,,,,,,66.4,73,76,60,60
Zaviar Gooden,Zaviar,Gooden,Titans,Missouri,OLB,rSr/2013,3,35,97,130,NFL Combine,6014,234,4.47,2.58,1.54,27,34,"10'11""",4.18,6.71,10,32 1/4,76 5/8,Pro Day,,,,,38 1/2,,,,66.4,65,68,67,65
Vinston Painter,Vinston,Painter,Broncos,Virginia Tech,OT,rSr/2013,6,5,173,126,NFL Combine,6042,306,4.95,2.91,1.73,32,30 1/2,"08'01""",4.56,7.71,9 7/8,34,80 5/8,Pro Day,,,,,,,,,66.4,63,70,65,66
David Quessenberry,David,Quessenberry,Texans,San Jose State,OT,rSr/2013,6,8,176,101,NFL Combine,6047,302,5.08,2.92,1.73,25,29 1/2,"09'04""",4.45,7.49,10 5/8,34 3/8,81,Pro Day,,,,,,,,,66.3,66,73,60,66
*Nickell Robey,Nickell,Robey,Undrafted,Southern California,CB,Jr/2013,,,Undrafted,180,NFL Combine,5072,169,4.53,2.64,1.58,10,37 1/2,"10'07""",4.09,6.74,9 1/8,29 3/4,71 1/8,Pro Day,4.35,2.52,1.55,11,40 1/2,"10'04""",4.42,,66.3,75,74,60,60
Cornelius Washington,Cornelius,Washington,Bears,Georgia,DE,rSr/2013,6,20,188,82,NFL Combine,6040,265,4.55,2.66,1.6,36,39,"10'08""",,,9 1/2,34,81 7/8,Pro Day,,,,,,,4.74,7.47,66.1,69,69,64,64
John Lotulelei,John,Lotulelei,Undrafted,UNLV,OLB,Sr/2013,,,Undrafted,251,NFL Combine,5113,233,4.84,2.78,1.66,25,35 1/2,"09'09""",4.3,6.91,10 5/8,32 3/8,77 1/8,Pro Day,4.65,2.62,1.61,,,"10'02""",4.36,,66.1,67,68,65,65
*Stansly Maponga,Stansly,Maponga,Falcons,Texas Christian,DE,rJr/2013,5,20,153,273,NFL Combine,6017,256,,,,30,,,,,10,34 1/8,79,Pro Day,4.83,2.77,1.67,,29 1/2,"09'06""",4.37,7.37,65.9,67,72,65,60
*Josh Boyce,Josh,Boyce,Patriots,Texas Christian,WR,rJr/2013,4,5,102,169,NFL Combine,5111,206,4.38,2.59,1.54,22,34,"10'11""",4.1,6.68,9 1/4,31 1/4,75 3/8,Pro Day,,,,,,,,,65.6,68,67,64,64
*Joseph Randle,Joseph,Randle,Cowboys,Oklahoma State,RB,Jr/2013,5,18,151,127,NFL Combine,6000,204,4.63,2.69,1.63,,35,"10'03""",,,8 3/4,31 3/4,76 1/8,Pro Day,4.52,2.67,1.57,,34 1/2,"09'10""",4.23,7.01,65.6,69,75,60,60
David Bass,David,Bass,Raiders,Missouri Western,DE,Sr/2013,7,27,233,203,NFL Combine,6037,262,4.84,2.84,1.71,20,30 1/2,"09'03""",4.33,7.07,10 1/2,33 1/2,80 1/8,Pro Day,4.75,2.75,1.65,21,32 1/2,,,,65.6,65,64,66,66
Kevin Reddick,Kevin,Reddick,Undrafted,North Carolina,ILB,Sr/2013,,,Undrafted,143,NFL Combine,6013,243,4.72,2.74,1.6,23,,"09'05""",,,9 3/4,32 1/4,76 3/8,Pro Day,,,,,30 1/2,,4.33,7.13,65.6,67,69,67,60
David King,David,King,Eagles,Oklahoma,DE,rSr/2013,7,33,239,263,NFL Combine,6042,275,,,,,,,,,9 3/4,34,80 5/8,Pro Day,4.7,2.76,1.64,27,32,"09'06""",,,65.4,60,68,67,64
Sean Renfree,Sean,Renfree,Falcons,Duke,QB,rSr/2013,7,43,249,276,NFL Combine,6031,219,,,,,,,,,9,32,75 1/8,Pro Day,,,,,,,,,65.4,70,70,64,60
*Ace Sanders,Ace,Sanders,Jags,South Carolina,WR,Jr/2013,4,4,101,133,NFL Combine,5070,173,4.58,2.64,1.6,7,32,"09'09""",4.37,6.81,8 7/8,29 1/2,69 5/8,Pro Day,4.55,2.65,1.51,,,"09'06""",,,65.3,73,71,60,60
Ryan Nassib,Ryan,Nassib,Giants,Syracuse,QB,rSr/2013,4,13,110,41,NFL Combine,6021,227,5.06,2.96,1.83,,28 1/2,"08'09""",4.53,7.34,10 1/8,32,74 1/2,Pro Day,,,,,,,,,65.3,71,71,62,60
Bacarri Rambo,Bacarri,Rambo,Redskins,Georgia,FS,rSr/2013,6,23,191,104,NFL Combine,6004,211,,,,17,,,,,9 1/4,31,74 1/8,Pro Day,4.53,2.6,1.56,,34 1/2,"09'09""",4.26,6.94,65.3,69,74,60,60
Nico Johnson,Nico,Johnson,Chiefs,Alabama,ILB,Sr/2013,4,2,99,148,NFL Combine,6015,248,,,,,,,,,9 1/4,33 1/4,77 7/8,Pro Day,4.73,2.73,1.69,,30,"09'07""",4.44,7.38,65.1,70,73,60,60
Michael Mauti,Michael,Mauti,Vikings,Penn State,OLB,rSr/2013,7,7,213,170,NFL Combine,6017,243,,,,28,,,,,10 1/2,32 1/2,77 1/2,Pro Day,,,,,,,,,65.1,66,66,68,60
Brandon Hepburn,Brandon,Hepburn,Lions,Florida AM,ILB,rSr/2013,7,39,245,288,NFL Combine,6024,240,4.68,2.74,1.65,21,32,"10'04""",4.55,7.4,9,32 1/2,77 3/8,Pro Day,4.54,2.65,1.67,,36,,4.47,7.31,65.1,60,70,68,60
Dalton Freeman,Dalton,Freeman,Undrafted,Clemson,C,rSr/2013,,,Undrafted,269,NFL Combine,6046,291,,,,,,,,,10,31 1/4,75 5/8,Pro Day,4.97,2.91,1.83,34,32,"09'06""",4.65,7.85,65.1,60,69,69,60
Mike Purcell,Mike,Purcell,Undrafted,Wyoming,DT,Sr/2013,,,Undrafted,254,NFL Combine,6030,305,,,,,,,,,9 7/8,32 3/8,78 1/2,Pro Day,5.18,2.99,1.79,26,31 1/2,"09'08""",4.68,7.59,65.0,60,60,64,69
Sanders Commings,Sanders,Commings,Chiefs,Georgia,CB,rSr/2013,5,1,134,132,NFL Combine,6001,216,4.41,2.6,1.59,,34 1/2,"09'09""",4.3,7.1,8 7/8,32,76 3/4,Pro Day,,,,23,,,,,64.9,70,72,60,60
Mike Catapano,Mike,Catapano,Chiefs,Princeton,DE,rSr/2013,7,1,207,246,NFL Combine,6037,271,,,,,,,,,10 3/8,33 3/4,80 1/2,Pro Day,4.75,2.71,1.62,33,37 1/2,"09'08""",4.31,7.09,64.9,68,68,65,60
Khaled Holmes,Khaled,Holmes,Colts,Southern California,C,rSr/2013,4,24,121,151,NFL Combine,6032,302,,,,13,,,,,10 1/4,35,82 3/8,Pro Day,5.29,3.06,1.83,,29 1/2,"08'08""",4.74,7.66,64.7,71,71,60,60
Tourek Williams,Tourek,Williams,Chargers,Florida International,DE,Sr/2013,6,11,179,174,NFL Combine,6027,260,4.92,2.88,1.8,25,33,"09'04""",,,9 1/2,32 1/2,77 5/8,Pro Day,4.71,2.73,1.64,,,,4.46,7.44,64.7,65,70,64,60
Jesse Williams,Jesse,Williams,Seahawks,Alabama,DT,Sr/2013,5,4,137,39,NFL Combine,6033,323,,,,30,,,,,9 3/8,32,77 5/8,Pro Day,4.92,2.9,1.77,,,,4.83,7.81,64.6,70,71,60,60
Tavarres King,Tavarres,King,Broncos,Georgia,WR,rSr/2013,5,28,161,165,NFL Combine,6002,189,4.47,2.64,1.57,11,36 1/2,"10'03""",4.33,6.91,9 1/2,33,78 5/8,Pro Day,,,,,,,,,64.6,65,64,61,67
Lonnie Pryor,Lonnie,Pryor,Undrafted,Florida State,FB,Sr/2013,,,Undrafted,175,NFL Combine,5113,227,4.7,2.74,1.62,17,30,"09'06""",4.55,7.28,8 3/8,30 3/8,73 1/8,Pro Day,,,,,,,,,64.6,76,60,60,60
Zac Dysert,Zac,Dysert,Broncos,Miami (OH),QB,rSr/2013,7,28,234,142,NFL Combine,6027,231,,,,,,,,,9 1/8,32 5/8,77 7/8,Pro Day,,,,,,,,,64.4,71,67,61,60
Brandon McGee,Brandon,McGee,Rams,Miami (FL),CB,Sr/2013,5,16,149,164,NFL Combine,5110,193,4.4,2.57,1.55,14,33 1/2,"09'11""",4.18,6.71,9 1/8,32,75,Pro Day,,,,,34,"09'11""",,,64.1,70,69,60,60
Emmett Cleary,Emmett,Cleary,Undrafted,Boston College,OT,rSr/2013,,,Undrafted,220,NFL Combine,6067,316,5.21,3.02,1.79,24,28 1/2,"09'00""",4.7,7.81,9 3/4,34 1/4,81 3/8,Pro Day,,,,28,29,,,,64.0,60,60,66,65
Jason Weaver,Jason,Weaver,Undrafted,Southern Miss,OT,rSr/2013,,,Undrafted,293,NFL Combine,6043,313,5.44,3.11,1.85,23,21,"07'10""",5.07,8.23,9 1/4,34,79 5/8,Pro Day,5.26,3.04,1.81,24,22 1/2,"07'09""",4.75,7.77,63.9,61,68,65,60
Zeke Motta,Zeke,Motta,Falcons,Notre Dame,SS,Sr/2013,7,38,244,221,NFL Combine,6022,213,4.83,2.81,1.67,11,35 1/2,"10'06""",4.16,6.75,9 1/4,31 3/8,74 1/4,Pro Day,4.76,2.63,1.65,16,,,,,63.7,73,60,60,60
*Kwame Geathers,Kwame,Geathers,Undrafted,Georgia,DT,rJr/2013,,,Undrafted,243,NFL Combine,6053,342,5.44,3.16,1.91,,26 1/2,"08'00""",5.27,8.11,9 1/2,35 1/4,82 3/8,Pro Day,5.4,3.03,1.78,21,29,"08'07""",,7.88,63.7,68,69,60,60
Marcus Cromartie,Marcus,Cromartie,Undrafted,Wisconsin,CB,rSr/2013,,,Undrafted,231,NFL Combine,6000,195,,,,,,,,,9 1/2,33 3/8,83 1/8,Pro Day,4.41,2.55,1.57,14,34,"10'01""",4.19,6.85,63.6,61,61,65,64
Khalid Wooten,Khalid,Wooten,Titans,Indiana,CB,rSr/2013,6,34,202,264,NFL Combine,5110,210,4.53,2.66,1.62,17,33 1/2,"09'09""",4.18,6.95,9 1/8,32 3/4,77,Pro Day,4.48,,,,,,4.19,,63.4,68,68,60,60
Jared Smith,Jared,Smith,Seahawks,New Hampshire,DT,rSr/2013,7,35,241,294,NFL Combine,6033,302,5.08,2.97,1.77,28,32 1/2,"09'07""",4.39,7.2,10 1/2,33 1/2,80 5/8,Pro Day,5.01,2.91,1.73,,,,,,63.4,60,72,60,60
T.J. Barnes,T.J.,Barnes,Undrafted,Georgia Tech,DT,rSr/2013,,,Undrafted,217,NFL Combine,6062,369,5.3,3.12,1.89,25,22,"08'01""",4.96,8.26,10 3/4,34 7/8,82 3/4,Pro Day,,,,,,,,,63.3,60,62,67,60
Brennan Williams,Brennan,Williams,Texans,North Carolina,OT,Sr/2013,3,27,89,103,NFL Combine,6055,318,,,,,,,,,10 1/2,34,81 1/8,Pro Day,5.27,3.08,1.81,,28 1/2,"08'05""",4.88,8.08,63.1,71,60,60,60
Jeff Baca,Jeff,Baca,Vikings,UCLA,OG,rSr/2013,6,28,196,145,NFL Combine,6033,302,5.03,2.86,1.7,,26 1/2,"08'04""",4.44,7.26,9 3/4,34 1/4,80 3/8,Pro Day,,,,28,,,,,63.1,71,60,60,60
Travis Bond,Travis,Bond,Vikings,North Carolina,OG,Sr/2013,7,8,214,234,NFL Combine,6057,329,5.27,3.08,1.87,22,22 1/2,"08'02""",4.96,7.85,9 5/8,35 1/2,83 3/8,Pro Day,,,,,,,,,63.1,71,60,60,60
Dennis Johnson,Dennis,Johnson,Undrafted,Arkansas,RB,rSr/2013,,,Undrafted,179,NFL Combine,5066,196,,,,,,,,,9 1/4,27 7/8,68 5/8,Pro Day,4.48,2.64,1.59,21,32 1/2,"09'10""",4.53,7.13,63.1,71,60,60,60
*Da'Rick Rogers,Da'Rick,Rogers,Undrafted,Tennessee Tech,WR,Jr/2013,,,Undrafted,95,NFL Combine,6024,217,4.52,2.64,1.61,10,39 1/2,"11'00""",4.06,6.71,9 1/2,32 3/4,77 7/8,Pro Day,,,,,38,,,,63.1,71,60,60,60
Uzoma Nwachukwu,Uzoma,Nwachukwu,Undrafted,Texas AM,WR,Sr/2013,,,Undrafted,271,NFL Combine,5112,198,,,,,,,,,9 5/8,32 1/4,77 3/8,Pro Day,4.5,2.57,1.52,25,39 1/2,"10'10""",4.12,6.78,63.1,60,67,60,64
*Sam Montgomery,Sam,Montgomery,Texans,LSU,DE,rJr/2013,3,33,95,54,NFL Combine,6032,262,4.81,2.8,1.69,,34 1/2,"09'06""",4.51,7.18,9 1/4,33 7/8,79 3/4,Pro Day,4.82,,,22,,,,,63.0,68,65,60,60
*Marcus Lattimore,Marcus,Lattimore,49ers,South Carolina,RB,Jr/2013,4,34,131,138,NFL Combine,5112,221,,,,,,,,,9 7/8,32 1/2,77,Pro Day,,,,,,,,,62.9,70,60,60,60
Brandon Jenkins,Brandon,Jenkins,Redskins,Florida State,DE,Sr/2013,5,29,162,279,NFL Combine,6024,251,,,,18,,,,,9 1/4,33 1/4,80 5/8,Pro Day,5.07,2.84,1.78,19,,,4.48,7.4,62.9,70,60,60,60
Nick Kasa,Nick,Kasa,Raiders,Colorado,TE,Sr/2013,6,4,172,183,NFL Combine,6057,269,4.71,2.76,1.64,22,31 1/2,"09'05""",,,9 1/8,32 7/8,77 5/8,Pro Day,,,,,,,4.45,7.18,62.9,70,60,60,60
*Joe Kruger,Joe,Kruger,Eagles,Utah,DE,Jr/2013,7,6,212,226,NFL Combine,6062,269,4.83,2.83,1.7,24,34,"09'09""",4.46,7.17,10,34 3/8,81 3/4,Pro Day,,,,,,,,,62.9,66,67,60,60
Braxston Cave,Braxston,Cave,Undrafted,Notre Dame,C,rSr/2013,,,Undrafted,184,NFL Combine,6032,303,5.33,3.05,1.87,,25 1/2,"08'02""",4.71,7.81,9 3/8,32,75 5/8,Pro Day,,,,32,,,,,62.9,67,66,60,60
Rod Sweeting,Rod,Sweeting,Undrafted,Georgia Tech,CB,Sr/2013,,,Undrafted,233,NFL Combine,5112,189,4.42,2.56,1.54,11,37,"10'04""",,,9,31 1/4,75 1/4,Pro Day,,,,,,,,7.11,62.9,66,67,60,60
Jake Stoneburner,Jake,Stoneburner,Undrafted,Ohio State,TE,rSr/2013,,,Undrafted,229,NFL Combine,6033,252,4.65,2.71,1.64,18,34 1/2,"09'08""",4.27,7.12,9 3/8,32 1/4,74 3/8,Pro Day,4.53,2.65,1.59,,,,,,62.9,66,67,60,60
Chris Harper,Chris,Harper,Seahawks,Kansas State,WR,rSr/2013,4,26,123,122,NFL Combine,6006,229,4.55,2.66,1.61,20,35 1/2,"09'08""",4.39,6.89,9 3/4,32 3/4,76 3/4,Pro Day,4.45,2.63,1.57,,,,4.26,,62.4,65,66,60,60
Ty Powell,Ty,Powell,Seahawks,Harding,OLB,rSr/2013,7,25,231,154,NFL Combine,6021,249,4.64,2.66,1.58,28,37,"10'02""",4.4,6.98,9 3/4,32 1/2,78 1/2,Pro Day,,,,,,,,,62.4,67,63,60,60
Eric Martin,Eric,Martin,Undrafted,Nebraska,OLB,Sr/2013,,,Undrafted,210,NFL Combine,6006,237,,,,,,,,,9 7/8,32 3/4,78 3/4,Pro Day,4.53,2.59,1.61,20,30 1/2,"10'00""",3.97,6.69,62.4,67,63,60,60
Quanterus Smith,Quanterus,Smith,Broncos,Western Kentucky,DE,rSr/2013,5,13,146,287,NFL Combine,6046,250,,,,,,,,,10 3/8,33 1/4,80,Pro Day,,,,,,,,,62.3,68,60,60,60
Michael Buchanan,Michael,Buchanan,Patriots,Illinois,DE,Sr/2013,7,20,226,150,NFL Combine,6053,255,4.78,2.76,1.65,22,33,"09'05""",4.44,6.91,9 7/8,34,80,Pro Day,,,,,,,,,62.3,68,60,60,60
Steve Beauharnais,Steve,Beauharnais,Patriots,Rutgers,ILB,Sr/2013,7,29,235,253,NFL Combine,6007,240,4.84,2.77,1.63,19,33,"09'10""",4.2,6.99,9 1/8,32 3/4,76 1/2,Pro Day,4.67,2.74,1.61,,,,,,62.3,68,60,60,60
Xavier Nixon,Xavier,Nixon,Undrafted,Florida,OT,Sr/2013,,,Undrafted,166,NFL Combine,6055,321,,,,,,,,,10 1/8,33 1/2,80 3/4,Pro Day,,,,,,,,,62.3,68,60,60,60
Jeff Tuel,Jeff,Tuel,Undrafted,Washington State,QB,Sr/2013,,,Undrafted,241,NFL Combine,6030,218,,,,,,,,,9 1/4,32 3/8,79 1/2,Pro Day,4.6,2.66,1.62,,32,"09'03""",4.12,6.9,62.3,64,66,60,60
*Tyler Bray,Tyler,Bray,Undrafted,Tennessee,QB,Jr/2013,,,Undrafted,92,NFL Combine,6061,232,5.05,2.91,1.72,,,"08'04""",4.51,7.2,9 1/4,33,76 7/8,Pro Day,,,,,,,,,62.1,64,63,62,60
Tyler Wilson,Tyler,Wilson,Raiders,Arkansas,QB,rSr/2013,4,15,112,72,NFL Combine,6021,215,4.95,2.87,1.71,,28 1/2,"09'04""",4.39,7.22,8 3/4,31 3/8,74 1/4,Pro Day,,,,,,,,,62.0,67,60,60,60
Eric Herman,Eric,Herman,Giants,Ohio,OG,rSr/2013,7,19,225,212,NFL Combine,6041,320,5.25,3.08,1.8,36,28,"07'11""",5.09,7.99,10 7/8,32 1/4,76 1/4,Pro Day,,,,,,,,,62.0,64,65,60,60
Garrett Gilkey,Garrett,Gilkey,Browns,Chadron State,OT,Sr/2013,7,21,227,202,NFL Combine,6057,318,5.33,3.02,1.8,28,30,"09'00""",4.75,7.65,10 1/4,32 5/8,78 1/8,Pro Day,,,,,,,,,62.0,65,64,60,60
Everett Dawkins,Everett,Dawkins,Vikings,Florida State,DT,rSr/2013,7,23,229,176,NFL Combine,6021,292,5.06,2.93,1.77,23,30,"08'07""",4.88,7.61,10 3/8,32 3/4,79 3/8,Pro Day,5,2.85,1.71,,,,,,62.0,67,60,60,60
Ryan Spadola,Ryan,Spadola,Undrafted,Lehigh,WR,Sr/2013,,,Undrafted,201,NFL Combine,6012,204,4.48,2.65,1.58,15,33 1/2,"09'11""",4.07,6.72,9 3/4,30 3/4,73,Pro Day,,,,,37,,,,61.9,64,63,60,61
Edmund Kugbila,Edmund,Kugbila,Panthers,Valdosta State,OG,Sr/2013,4,11,108,272,NFL Combine,6041,317,5.31,3.07,1.83,23,22 1/2,"08'09""",4.65,7.72,10 1/4,34 7/8,84 5/8,Pro Day,5.13,2.98,1.75,24,26 1/2,"08'08""",,,61.7,66,60,60,60
DeVonte Holloman,DeVonte,Holloman,Cowboys,South Carolina,OLB,Sr/2013,6,17,185,137,NFL Combine,6013,243,4.76,2.76,1.63,15,33,"09'05""",4.26,7.3,10,32 1/2,79 1/8,Pro Day,4.76,2.84,1.66,,34 1/2,,,,61.7,66,60,60,60
Marc Anthony,Marc,Anthony,Ravens,California,CB,rSr/2013,7,41,247,278,NFL Combine,5113,196,4.63,2.7,1.65,12,35,"09'10""",4.07,6.74,9,32 1/8,74 1/2,Pro Day,4.63,2.67,1.64,,,,,,61.7,66,60,60,60
*Cierre Wood,Cierre,Wood,Undrafted,Notre Dame,RB,rJr/2013,,,Undrafted,193,NFL Combine,5112,213,4.56,2.68,1.59,16,37 1/2,"10'04""",,,8 5/8,30 7/8,74 3/4,Pro Day,4.57,2.59,1.58,18,,,4.29,6.87,61.7,66,60,60,60
Trevardo Williams,Trevardo,Williams,Texans,Connecticut,OLB,Sr/2013,4,27,124,125,NFL Combine,6012,241,4.57,2.64,1.58,30,38,"10'04""",,,9 3/8,32 1/4,77,Pro Day,,,,,,,4.35,7.24,61.6,63,64,60,60
Matt Scott,Matt,Scott,Undrafted,Arizona,QB,rSr/2013,,,Undrafted,102,NFL Combine,6021,213,4.69,2.69,1.6,,31,"09'10""",3.99,6.69,9,30 1/4,73,Pro Day,,,,,,,,,61.4,65,60,60,60
*Michael Ford,Michael,Ford,Undrafted,LSU,RB,rJr/2013,,,Undrafted,188,NFL Combine,5094,210,4.5,2.64,1.58,25,38 1/2,"10'10""",4.25,6.87,9,30 3/8,72 3/8,Pro Day,4.4,2.56,1.48,,39 1/2,,,,61.4,65,60,60,60
Brad Sorensen,Brad,Sorensen,Chargers,Southern Utah,QB,rSr/2013,7,15,221,281,NFL Combine,6044,229,4.97,2.89,1.71,,29,"09'04""",4.55,7.17,9 1/4,32 1/4,75 7/8,Pro Day,,,,,,,,,61.3,63,63,60,60
Conner Vernon,Conner,Vernon,Undrafted,Duke,WR,Sr/2013,,,Undrafted,222,NFL Combine,6002,196,4.68,2.75,1.68,,32 1/2,"10'05""",4.22,6.93,9 1/4,30 1/2,73 1/4,Pro Day,,,,,,,,,61.1,64,60,60,60
Johnny Adams,Johnny,Adams,Undrafted,Michigan State,CB,rSr/2013,,,Undrafted,198,NFL Combine,5102,185,4.48,2.61,1.58,16,,,,,8,31 1/4,74 3/4,Pro Day,,,,,33,"09'10""",4.54,7,60.9,63,60,60,60
Brandon Magee,Brandon,Magee,Undrafted,Arizona State,OLB,rSr/2013,,,Undrafted,206,NFL Combine,5110,223,4.74,2.78,1.67,,,"09'06""",,,9 1/8,28 3/4,71 7/8,Pro Day,4.56,2.68,1.65,,29,"09'00""",4.68,7.59,60.9,63,60,60,60
Rodney Smith,Rodney,Smith,Undrafted,Florida State,WR,Sr/2013,,,Undrafted,242,NFL Combine,6043,225,4.51,2.66,1.6,,34 1/2,"10'00""",4.07,7.03,10 3/8,34 3/4,84,Pro Day,,,,,,,,,60.7,61,62,60,60
Onterio McCalebb,Onterio,McCalebb,Undrafted,Auburn,RB,Sr/2013,,,Undrafted,296,NFL Combine,5102,168,4.34,2.54,1.54,,34,"10'01""",,,9,31,73 7/8,Pro Day,4.29,2.55,1.55,,37,"10'01""",4.32,7.02,60.6,62,60,60,60
*Chris Faulk,Chris,Faulk,Undrafted,LSU,OT,rJr/2013,,,Undrafted,257,NFL Combine,6054,331,,,,25,,,,,9 5/8,34 1/4,83 3/8,Pro Day,,,,,,,,,60.3,61,60,60,60
Johnathan Franklin,Johnathan,Franklin,Packers,UCLA,RB,rSr/2013,4,28,125,51,NFL Combine,5100,205,4.49,2.62,1.56,18,31 1/2,"09'07""",4.31,6.89,9 3/8,30,71 3/4,Pro Day,,,,,30,,,,60.0,60,60,60,60
Terry Hawthorne,Terry,Hawthorne,Steelers,Illinois,CB,Sr/2013,5,17,150,177,NFL Combine,5116,195,4.44,2.6,1.57,13,35 1/2,"09'08""",,,8 7/8,31 1/4,75 1/2,Pro Day,,,,,,,4.24,6.88,60.0,60,60,60,60
Ryan Swope,Ryan,Swope,Cardinals,Texas AM,WR,rSr/2013,6,6,174,108,NFL Combine,6001,205,4.34,2.53,1.5,16,37,"10'05""",4.25,6.76,8 1/8,31 3/8,73 1/8,Pro Day,,,,,,,,,60.0,60,60,60,60
Nicholas Williams,Nicholas,Williams,Steelers,Samford,DT,rSr/2013,7,17,223,161,NFL Combine,6044,309,4.94,2.86,1.7,28,33,"09'03""",4.65,7.55,10 1/4,34 1/8,81,Pro Day,,,,,,,,,60.0,60,60,60,60
*Jawan Jamison,Jawan,Jamison,Redskins,Rutgers,RB,rSo/2013,7,22,228,267,NFL Combine,5073,203,4.68,2.72,1.66,20,29,"09'02""",,,8 3/8,29,69 7/8,Pro Day,4.72,2.76,1.64,,,,4.62,7.47,60.0,60,60,60,60
Aaron Mellette,Aaron,Mellette,Ravens,Elon,WR,rSr/2013,7,32,238,178,NFL Combine,6023,217,4.54,2.66,1.6,9,33 1/2,"10'03""",4.41,7.11,9 5/8,33 1/8,78,Pro Day,,,,,,,4.53,,60.0,60,60,60,60
P.J. Lonergan,P.J.,Lonergan,Undrafted,LSU,C,rSr/2013,,,Undrafted,197,NFL Combine,6032,304,5.38,3.05,1.84,25,,,,,10 1/8,33,78 1/4,Pro Day,5.23,3.01,1.84,27,26,"07'08""",4.93,8.01,60.0,60,60,60,60
Matt Stankiewitch,Matt,Stankiewitch,Undrafted,Penn State,C,rSr/2013,,,Undrafted,223,NFL Combine,6026,302,5.43,3.14,1.9,27,24,"07'08""",4.96,7.9,10,32 1/2,78 1/4,Pro Day,,,,,,"08'02""",,,60.0,60,60,60,60
Dax Swanson,Dax,Swanson,Undrafted,Sam Houston State,CB,Sr/2013,,,Undrafted,216,NFL Combine,5100,186,4.56,2.67,1.61,15,33,"10'02""",,,8 3/4,30 3/8,71 1/8,Pro Day,4.44,2.58,1.58,,33 1/2,,4.33,6.92,60.0,60,60,60,60
*Mike Edwards,Mike,Edwards,Undrafted,Hawaii,CB,Jr/2013,,,Undrafted,240,NFL Combine,5090,189,4.56,2.69,1.63,14,36,"10'04""",4.18,6.94,9 1/8,31 5/8,75 1/2,Pro Day,4.42,2.63,1.57,,,,,,60.0,60,60,60,60
Adrian Bushell,Adrian,Bushell,Undrafted,Louisville,CB,rSr/2013,,,Undrafted,245,NFL Combine,5093,186,4.58,2.65,1.59,17,33,"09'08""",4.25,6.92,9 1/4,32,74 1/2,Pro Day,4.53,2.63,1.58,,36,"10'01""",4.36,6.93,60.0,60,60,60,60
Lawrence Okoye,Lawrence,Okoye,Undrafted,No College,DT,Sr/2013,,,Undrafted,186,NFL Combine,6052,304,,,,,,,,,10 1/4,34 1/2,81 7/8,Pro Day,4.84,2.75,1.67,30,36,"10'07""",4.65,7.42,60.0,60,60,60,60
Cory Grissom,Cory,Grissom,Undrafted,South Florida,DT,rSr/2013,,,Undrafted,200,NFL Combine,6013,306,5.31,3.03,1.82,22,27 1/2,"08'01""",4.81,7.79,9 1/4,33 1/4,79,Pro Day,,,,24,,,4.82,7.65,60.0,60,60,60,60
Anthony McCloud,Anthony,McCloud,Undrafted,Florida State,DT,rSr/2013,,,Undrafted,285,NFL Combine,6021,305,,,,,,,,,11,32 3/4,80 1/8,Pro Day,5.21,2.95,1.81,24,28 1/2,"08'05""",4.7,8.19,60.0,60,60,60,60
Kyler Reed,Kyler,Reed,Undrafted,Nebraska,FB,Sr/2013,,,Undrafted,249,NFL Combine,6021,225,,,,,,,,,10 1/4,31 1/8,76 1/8,Pro Day,4.47,2.56,1.52,19,41,"10'07""",4,6.62,60.0,60,60,60,60
Zach Boren,Zach,Boren,Undrafted,Ohio State,FB,Sr/2013,,,Undrafted,298,NFL Combine,5114,238,5,2.91,1.7,25,32,"09'01""",4.44,7.28,10,31 1/2,73 1/2,Pro Day,4.98,2.86,1.63,,,,,,60.0,60,60,60,60
Brad McDougald,Brad,McDougald,Undrafted,Illinois,FS,Sr/2013,,,Undrafted,261,NFL Combine,6002,215,4.74,2.81,1.72,19,34 1/2,"10'02""",4.44,7.07,9 1/8,32 1/2,77 5/8,Pro Day,4.51,2.62,1.63,,33,,4.33,,60.0,60,60,60,60
Brandan Bishop,Brandan,Bishop,Undrafted,North Carolina State,FS,Sr/2013,,,Undrafted,300,NFL Combine,6004,208,,,,,,,,,8 5/8,29 3/8,71 1/2,Pro Day,4.59,2.72,1.57,22,32,"09'05""",4.18,6.89,60.0,60,60,60,60
Jonathan Stewart,Jonathan,Stewart,Undrafted,Texas AM,ILB,Sr/2013,,,Undrafted,270,NFL Combine,6036,242,4.68,2.7,1.6,19,31,"09'10""",4.53,7.44,9 3/8,32 5/8,75 7/8,Pro Day,4.55,,,,,,,,60.0,60,60,60,60
Keith Pough,Keith,Pough,Undrafted,Howard,ILB,rSr/2013,,,Undrafted,182,NFL Combine,6016,239,4.9,2.83,1.69,17,33,"09'10""",4.47,7.28,9 5/8,33 1/2,79 5/8,Pro Day,4.87,2.7,1.67,,,,,,60.0,60,60,60,60
Brett Maher,Brett,Maher,Undrafted,Nebraska,K,Sr/2013,,,Undrafted,256,NFL Combine,6000,186,,,,,,,,,9 1/8,31 5/8,74,Pro Day,,,,,,,,,60.0,60,60,60,60
Chase Thomas,Chase,Thomas,Undrafted,Stanford,OLB,rSr/2013,,,Undrafted,110,NFL Combine,6032,244,4.91,2.83,1.69,18,32,"09'05""",4.31,7.17,9 5/8,32 1/4,75 1/2,Pro Day,4.8,2.77,1.69,21,33 1/2,"09'09""",,,60.0,60,60,60,60
Etienne Sabino,Etienne,Sabino,Undrafted,Ohio State,OLB,rSr/2013,,,Undrafted,185,NFL Combine,6020,247,4.75,2.76,1.68,24,,"09'06""",,,9 5/8,33,77 1/2,Pro Day,,,,30,34,,4.28,7.34,60.0,60,60,60,60
Jake Knott,Jake,Knott,Undrafted,Iowa State,OLB,Sr/2013,,,Undrafted,187,NFL Combine,6016,243,,,,,,,,,9 3/4,31,76 7/8,Pro Day,4.84,2.77,1.69,20,34,"09'05""",4.3,7.16,60.0,60,60,60,60
Travis Johnson,Travis,Johnson,Undrafted,San Jose State,OLB,Sr/2013,,,Undrafted,258,NFL Combine,6017,240,,,,,,,,,9 5/8,31 1/2,77 1/2,Pro Day,4.86,2.78,1.66,19,32,"09'00""",4.44,7.18,60.0,60,60,60,60
Herman Lathers,Herman,Lathers,Undrafted,Tennessee,OLB,rSr/2013,,,Undrafted,266,NFL Combine,5117,234,,,,,,,,,9 7/8,32 5/8,79,Pro Day,4.64,2.72,1.64,23,32 1/2,"09'09""",,,60.0,60,60,60,60
Nathan Williams,Nathan,Williams,Undrafted,Ohio State,OLB,rSr/2013,,,Undrafted,280,NFL Combine,6030,241,4.88,2.82,1.67,24,35,"09'05""",4.44,6.99,10 1/8,30 5/8,74 1/2,Pro Day,4.79,2.78,1.63,,,,,,60.0,60,60,60,60
Michael Clay,Michael,Clay,Undrafted,Oregon,OLB,Sr/2013,,,Undrafted,289,NFL Combine,5113,230,,,,,,,,,8 3/4,30 3/4,73 7/8,Pro Day,4.73,2.74,1.7,23,31 1/2,"09'06""",4.18,6.86,60.0,60,60,60,60
Rogers Gaines,Rogers,Gaines,Undrafted,Tennessee State,OT,rSr/2013,,,Undrafted,277,NFL Combine,6062,334,5.24,3.03,1.82,28,23,,5.24,,10 5/8,36 1/4,84 1/2,Pro Day,,,,,26 1/2,"08'00""",5.22,8.08,60.0,60,60,60,60
Quinn Sharp,Quinn,Sharp,Undrafted,Oklahoma State,P,rSr/2013,,,Undrafted,211,NFL Combine,6006,189,,,,,,,,,9 1/4,30 3/4,72 7/8,Pro Day,,,,,,,,,60.0,60,60,60,60
Bobby Cowan,Bobby,Cowan,Undrafted,Idaho,P,rSr/2013,,,Undrafted,283,NFL Combine,6042,219,,,,,,,,,9,31 1/2,75 5/8,Pro Day,,,,,,,,,60.0,60,60,60,60
Scott Kovanda,Scott,Kovanda,Undrafted,Ball State,P,rSr/2013,,,Undrafted,299,NFL Combine,6022,207,,,,,,,,,10 1/8,31 1/2,75 1/2,Pro Day,,,,,,,,,60.0,60,60,60,60
Jordan Rodgers,Jordan,Rodgers,Undrafted,Vanderbilt,QB,rSr/2013,,,Undrafted,265,NFL Combine,6016,202,,,,,,,,,9 3/8,30 1/2,72 1/2,Pro Day,,,,,,,,,60.0,60,60,60,60
Matt Furstenburg,Matt,Furstenburg,Undrafted,Maryland,TE,rSr/2013,,,Undrafted,205,NFL Combine,6035,242,4.62,2.71,1.62,18,35 1/2,"09'07""",4.35,7.09,8 5/8,31 3/4,76 3/8,Pro Day,,,,,,,,,60.0,60,60,60,60
Ryan Otten,Ryan,Otten,Undrafted,San Jose State,TE,rSr/2013,,,Undrafted,207,NFL Combine,6052,230,,,,,,,,,9 5/8,33 3/8,79,Pro Day,4.69,2.75,1.64,17,33,"09'04""",4.62,7.5,60.0,60,60,60,60
Lucas Reed,Lucas,Reed,Undrafted,New Mexico,TE,rSr/2013,,,Undrafted,284,NFL Combine,6060,247,,,,,,,,,10 1/2,35 1/2,85 1/4,Pro Day,4.76,2.78,1.61,25,37,"10'02""",4.17,6.99,60.0,60,60,60,60
Marcus Davis,Marcus,Davis,Undrafted,Virginia Tech,WR,rSr/2013,,,Undrafted,196,NFL Combine,6030,233,4.56,2.7,1.63,19,39 1/2,"10'00""",,7.15,10 1/4,32 3/4,78 1/2,Pro Day,4.44,2.61,1.55,,39,,4.2,,60.0,60,60,60,60
Zach Rogers,Zach,Rogers,Undrafted,Tennessee,WR,Sr/2013,,,Undrafted,237,NFL Combine,6001,182,,,,,,,,,9 3/8,30 1/2,73 3/4,Pro Day,4.46,2.64,1.56,13,32,"09'07""",4.22,6.76,60.0,60,60,60,60
Jasper Collins,Jasper,Collins,Undrafted,Mount Union,WR,Sr/2013,,,Undrafted,252,NFL Combine,5102,180,,,,,,,,,9 1/8,29 1/2,72,Pro Day,4.47,2.6,1.56,12,34 1/2,"10'01""",4.07,6.85,60.0,60,60,60,60
Chad Bumphis,Chad,Bumphis,Undrafted,Mississippi State,WR,Sr/2013,,,Undrafted,260,NFL Combine,5101,196,,,,,,,,,8 3/4,29 3/4,71 1/8,Pro Day,4.55,2.64,1.59,17,34,"09'10""",4.27,6.87,60.0,60,60,60,60
Reggie Dunn,Reggie,Dunn,Undrafted,Utah,WR,Sr/2013,,,Undrafted,282,NFL Combine,5093,178,,,,,,,,,8 3/4,30 7/8,73 5/8,Pro Day,4.22,2.49,1.52,17,36,"10'01""",4.34,6.82,60.0,60,60,60,60
T.J. Moe,T.J.,Moe,Undrafted,Missouri,WR,Sr/2013,,,Undrafted,297,NFL Combine,5114,204,4.78,2.75,1.66,26,36,"10'00""",3.96,6.53,9 7/8,30 1/8,73 1/4,Pro Day,4.6,2.63,1.56,,,,,,60.0,60,60,60,60
