full_name,first_name,last_name,draft_team,college,position,class/year,round,pick,overall,ds_rank,category,ht,wt,yd40,yd20,yd10,bench,vert,broad,shut20,cone3,hand_size,arm_length,wingspan,category,yd40,yd20,yd10,bench,vert,broad,shut20,cone3,rating,madden16,madden17,madden18,madden19
Aaron Donald,Aaron,Donald,Rams,Pittsburgh,DT,Sr/2014,1,13,13,10,NFL Combine,6006,285,4.69,2.73,1.63,35,32,"09'08""",4.39,7.11,9 7/8,32 5/8,77 5/8,Pro Day,,,,,,,,,97.9,92,98,99,99
Khalil Mack,Khalil,Mack,Raiders,Buffalo,OLB,rSr/2014,1,5,5,2,NFL Combine,6025,251,4.65,2.73,1.64,23,40,"10'08""",4.18,7.08,10 1/4,33 1/4,81 1/8,Pro Day,4.55,2.57,1.53,,,,,,96.1,91,94,97,98
Zack Martin,Zack,Martin,Cowboys,Notre Dame,OG,rSr/2014,1,16,16,12,NFL Combine,6042,308,,,,29,28,"08'10""",4.59,7.65,9 1/2,32 7/8,77 1/2,Pro Day,,,,,,,,,94.6,92,92,95,96
Odell Beckham Jr.,Odell,Beckham Jr.,Giants,Texas Tech,WR,Jr/2014,1,12,12,14,NFL Combine,5112,198,4.43,2.58,1.57,7,38 1/2,"10'02""",3.94,6.69,10,32 3/4,78 1/8,Pro Day,,,,,,,,,94.0,94,93,93,95
*Mike Evans,Mike,Evans,Bucs,Texas AM,WR,rSo/2014,1,7,7,9,NFL Combine,6046,231,4.53,2.66,1.6,12,37,,4.26,7.08,9 5/8,35 1/8,82 1/4,Pro Day,,,,,,,,,88.7,87,86,90,89
*Devonta Freeman,Devonta,Freeman,Falcons,Florida State,RB,Jr/2014,4,3,103,115,NFL Combine,5082,206,4.58,2.69,1.66,,31 1/2,"09'10""",4.26,7.11,9 5/8,29 3/8,71 3/4,Pro Day,,,,14,32,"09'08""",,,87.4,75,86,89,91
Joel Bitonio,Joel,Bitonio,Browns,Nevada,OG,rSr/2014,2,3,35,41,NFL Combine,6042,302,4.97,2.9,1.78,22,32,"09'06""",4.44,7.37,9 5/8,33 7/8,81,Pro Day,,,,,,,,,87.3,91,83,84,89
*Jadeveon Clowney,Jadeveon,Clowney,Texans,South Carolina,DE,Jr/2014,1,1,1,1,NFL Combine,6052,266,4.53,2.68,1.59,21,37 1/2,"10'04""",4.43,7.27,10,34 1/2,83,Pro Day,,,,,,,,,86.6,78,83,86,91
C.J. Mosley,C.J.,Mosley,Ravens,Alabama,ILB,Sr/2014,1,17,17,15,NFL Combine,6020,234,,,,,35,"09'10""",4.4,7.3,10 3/4,33 3/8,79 3/8,Pro Day,4.63,2.7,1.56,15,,,,,86.6,88,83,89,84
*Jarvis Landry,Jarvis,Landry,Dolphins,LSU,WR,Jr/2014,2,31,63,68,NFL Combine,5114,205,4.77,2.84,1.73,12,28 1/2,"09'02""",,,10 1/4,31 3/4,75,Pro Day,4.61,2.69,1.58,,31 1/2,"09'05""",4.59,7.56,86.4,80,87,88,87
*Allen Robinson,Allen,Robinson,Jags,Penn State,WR,Jr/2014,2,29,61,34,NFL Combine,6025,220,4.6,2.66,1.6,,39,"10'07""",4,7,9 1/2,32,76,Pro Day,4.47,2.59,1.53,,42,"10'11""",,6.54,86.1,79,88,87,87
Jason Verrett,Jason,Verrett,Chargers,Texas Christian,CB,Sr/2014,1,25,25,26,NFL Combine,5094,189,4.38,2.54,1.5,,39,"10'08""",4,6.69,9 1/4,30 5/8,72 3/4,Pro Day,,,,19,39 1/2,,,,86.0,82,88,86,86
Brandon Linder,Brandon,Linder,Jags,Miami (FL),OG,Sr/2014,3,29,93,274,NFL Combine,6055,311,5.35,3.11,1.88,30,26 1/2,"08'04""",,,10 1/4,34 1/2,81 1/8,Pro Day,,,,,,,4.71,7.77,85.9,87,77,85,89
Taylor Lewan,Taylor,Lewan,Titans,Michigan,OT,rSr/2014,1,11,11,8,NFL Combine,6071,309,4.87,2.84,1.71,29,30 1/2,"09'09""",4.49,7.39,9 1/4,33 7/8,79 7/8,Pro Day,,,,,,,,,85.4,81,83,88,85
*Brandin Cooks,Brandin,Cooks,Saints,Oregon State,WR,Jr/2014,1,20,20,21,NFL Combine,5096,189,4.33,2.53,1.54,16,36,"10'00""",3.81,6.76,9 5/8,30 3/4,73,Pro Day,,,,,,,,,85.4,82,83,86,87
*Sammy Watkins,Sammy,Watkins,Bills,Clemson,WR,Jr/2014,1,4,4,4,NFL Combine,6006,211,4.43,2.59,1.55,16,34,"10'06""",4.34,6.95,9 5/8,32,76 1/2,Pro Day,,,,,,,,,85.3,85,87,86,83
Derek Carr,Derek,Carr,Raiders,Fresno State,QB,rSr/2014,2,4,36,28,NFL Combine,6023,214,4.69,2.73,1.64,,34 1/2,"09'02""",4.2,,9 1/8,31 1/2,75,Pro Day,,,,,,,,,85.0,79,83,89,83
Telvin Smith,Telvin,Smith,Jags,Florida State,OLB,Sr/2014,5,4,144,82,NFL Combine,6030,218,4.52,2.63,1.57,,31 1/2,"09'11""",,,10 1/4,32 1/2,80,Pro Day,,,,16,30 1/2,,4.57,7.04,84.7,79,80,82,90
*Kelvin Benjamin,Kelvin,Benjamin,Panthers,Florida State,WR,rSo/2014,1,28,28,44,NFL Combine,6050,240,4.61,2.73,1.67,13,32 1/2,"09'11""",4.39,7.33,10 1/4,34 7/8,83,Pro Day,,,,,33,,4.49,,84.7,86,83,85,84
*Demarcus Lawrence,Demarcus,Lawrence,Cowboys,Boise State,DE,rJr/2014,2,2,34,32,NFL Combine,6027,251,4.8,2.8,1.68,20,34 1/2,"09'05""",4.31,7.46,11,33 3/4,81,Pro Day,4.69,2.72,1.63,,,,,,84.4,79,81,79,91
*Ha Ha Clinton-Dix,Ha Ha,Clinton-Dix,Packers,Alabama,FS,Jr/2014,1,21,21,18,NFL Combine,6013,208,4.58,2.68,1.6,11,33,"09'11""",4.16,7.16,9,32 3/8,78 1/2,Pro Day,,,,,,,,,84.1,81,83,82,87
Anthony Barr,Anthony,Barr,Vikings,UCLA,OLB,Sr/2014,1,9,9,11,NFL Combine,6047,255,4.66,2.77,1.67,15,34 1/2,"09'11""",4.19,6.82,9 3/8,33 1/2,80 5/8,Pro Day,4.41,2.67,1.57,19,,"10'05""",,,83.9,85,88,79,84
Lamarcus Joyner,Lamarcus,Joyner,Rams,Florida State,CB,Sr/2014,2,9,41,53,NFL Combine,5080,184,4.55,2.68,1.59,14,37 1/2,"10'04""",4.4,7.26,9 1/2,31 1/2,75 1/2,Pro Day,,,,,,,,,83.7,77,75,82,90
*Davante Adams,Davante,Adams,Packers,Fresno State,WR,rSo/2014,2,21,53,59,NFL Combine,6007,212,4.56,2.68,1.64,14,39 1/2,"10'03""",4.3,6.82,9,32 5/8,77 3/4,Pro Day,4.51,2.59,1.6,,37,"10'07""",,,83.7,79,75,84,88
Weston Richburg,Weston,Richburg,Giants,Colorado State,C,rSr/2014,2,11,43,65,NFL Combine,6033,298,5.1,2.97,1.84,25,25 1/2,"08'10""",4.63,7.93,9 1/4,33 3/8,78 7/8,Pro Day,,,,,,,,,83.4,74,88,86,81
Gabe Jackson,Gabe,Jackson,Raiders,Mississippi State,OG,rSr/2014,3,17,81,66,NFL Combine,6032,336,5.51,3.18,1.86,30,29,"09'00""",4.78,8.25,10,33 3/4,82 1/8,Pro Day,,,,,,,,7.91,82.4,84,83,84,79
John Brown,John,Brown,Cardinals,Pittsburg State,WR,Sr/2014,3,27,91,186,NFL Combine,5100,179,4.34,2.55,1.56,,36 1/2,"09'11""",4.12,6.91,8 1/2,30 1/2,72 5/8,Pro Day,,,,8,,,,,82.4,79,86,84,79
*Stephon Tuitt,Stephon,Tuitt,Steelers,Notre Dame,DT,Jr/2014,2,14,46,37,NFL Combine,6054,304,,,,31,,,,,10,34 3/4,82 5/8,Pro Day,,,,,,,,,82.1,73,78,83,86
*Trai Turner,Trai,Turner,Panthers,LSU,OG,rSo/2014,3,28,92,88,NFL Combine,6025,310,4.93,2.89,1.8,25,27 1/2,,,,9 1/2,34,80,Pro Day,,,,,,"08'06""",4.77,8.16,82.1,83,87,77,82
*Ryan Shazier,Ryan,Shazier,Steelers,Ohio State,OLB,Jr/2014,1,15,15,19,NFL Combine,6011,237,,,,25,42,"10'10""",4.21,6.91,10,32 3/8,78 5/8,Pro Day,4.38,2.58,1.56,,,,,,82.1,76,79,81,86
Carlos Hyde,Carlos,Hyde,49ers,Ohio State,RB,rSr/2014,2,25,57,50,NFL Combine,5117,230,4.66,2.77,1.69,19,34 1/2,"09'06""",,,9 5/8,32,77 3/4,Pro Day,,,,,,,,,81.6,77,81,83,82
Corey Linsley,Corey,Linsley,Packers,Ohio State,C,rSr/2014,5,21,161,227,NFL Combine,6025,296,,,,36,27,,,,9 7/8,32,75 7/8,Pro Day,5.03,2.82,1.78,,,"08'11""",4.53,7.46,81.4,86,80,82,77
Jack Mewhort,Jack,Mewhort,Colts,Ohio State,OT,rSr/2014,2,27,59,62,NFL Combine,6060,309,5.37,2.94,1.9,28,26,"08'05""",4.64,7.79,9 3/4,34,81 1/4,Pro Day,,,,,,,,,81.4,80,85,82,78
*Jeremy Hill,Jeremy,Hill,Bengals,LSU,RB,rSo/2014,2,23,55,70,NFL Combine,6005,233,4.66,2.73,1.65,20,29,"09'05""",,,10 3/8,32 5/8,77 3/4,Pro Day,4.58,2.7,1.61,,31,,4.59,7.64,81.3,86,81,82,76
Jerick McKinnon,Jerick,McKinnon,Vikings,Georgia Southern,RB,Sr/2014,3,32,96,138,NFL Combine,5087,209,4.41,2.57,1.55,32,40 1/2,"11'00""",4.12,6.83,8 5/8,30 1/4,72 5/8,Pro Day,,,,,,,,,81.0,76,76,80,85
*Timmy Jernigan,Timmy,Jernigan,Ravens,Florida State,DT,Jr/2014,2,16,48,31,NFL Combine,6015,299,5.06,2.94,1.76,27,29 1/2,"08'06""",4.83,,9 5/8,31 5/8,77 3/8,Pro Day,4.97,2.93,1.73,,,,,7.65,80.9,79,76,81,83
*Martavis Bryant,Martavis,Bryant,Steelers,Clemson,WR,Jr/2014,4,18,118,80,NFL Combine,6036,211,4.42,2.59,1.57,16,39,"10'04""",4.15,7.18,9 1/2,32 5/8,79,Pro Day,,,,,,,,,80.9,80,82,80,81
*Bradley Roby,Bradley,Roby,Broncos,Ohio State,CB,rJr/2014,1,31,31,39,NFL Combine,5112,194,4.39,2.56,1.52,17,38 1/2,"10'04""",4.04,,10 1/4,31 1/2,75 1/2,Pro Day,,,,,,,,6.74,80.7,79,83,77,83
*Eric Ebron,Eric,Ebron,Lions,North Carolina,TE,Jr/2014,1,10,10,17,NFL Combine,6043,250,4.6,2.71,1.63,24,32,"10'00""",,,10,33 1/4,80 3/8,Pro Day,,,,,,,4.45,7.49,80.7,75,76,81,84
Trent Murphy,Trent,Murphy,Redskins,Stanford,DE,rSr/2014,2,15,47,76,NFL Combine,6053,250,4.86,2.8,1.68,19,35 1/2,"09'10""",4.2,6.78,11 1/8,33 7/8,80 3/8,Pro Day,4.82,2.8,1.67,,,,,,80.3,76,81,81,81
Avery Williamson,Avery,Williamson,Titans,Kentucky,ILB,Sr/2014,5,11,151,197,NFL Combine,6010,246,4.66,2.71,1.61,25,30 1/2,"10'00""",4.07,7.11,9 1/2,32 3/4,78 7/8,Pro Day,,,,,,,,,80.3,77,78,79,83
Ja'Wuan James,Ja'Wuan,James,Dolphins,Oklahoma,OT,Sr/2014,1,19,19,38,NFL Combine,6060,311,5.34,3.08,1.86,22,29,"08'07""",4.56,7.42,9 7/8,35,83,Pro Day,,,,,,,,,79.9,76,75,78,84
Morgan Moses,Morgan,Moses,Redskins,Virginia,OT,Sr/2014,3,2,66,36,NFL Combine,6060,314,5.35,3.19,1.98,,21 1/2,"08'10""",4.95,7.93,9 7/8,35 3/8,84 5/8,Pro Day,5.2,3.03,1.86,,26,"08'11""",,,79.9,70,78,85,78
*Teddy Bridgewater,Teddy,Bridgewater,Vikings,Louisville,QB,Jr/2014,1,32,32,13,NFL Combine,6021,214,,,,,30,"09'05""",4.2,7.17,9 1/4,33,78 5/8,Pro Day,4.79,2.76,1.63,,,,,,79.9,82,81,79,78
Kyle Fuller,Kyle,Fuller,Bears,Virginia Tech,CB,Sr/2014,1,14,14,23,NFL Combine,5116,190,4.49,2.61,1.59,12,38 1/2,"10'08""",4.19,6.9,9 3/8,32 7/8,77,Pro Day,,,,,,,,,79.7,78,80,80,80
Andre Hal,Andre,Hal,Texans,Vanderbilt,CB,Sr/2014,7,1,216,279,NFL Combine,5103,188,4.5,2.63,1.57,15,35 1/2,"09'11""",4.27,7.14,8 5/8,30 1/2,74 1/8,Pro Day,,,,,,,,,79.7,72,77,74,87
Ricardo Allen,Ricardo,Allen,Falcons,Purdue,CB,Sr/2014,5,7,147,164,NFL Combine,5091,187,4.61,2.72,1.66,13,35 1/2,"09'09""",4.15,,9 1/4,30,72 3/4,Pro Day,4.51,2.57,1.59,,37,"10'00""",4.15,6.9,79.6,68,75,81,84
James White,James,White,Patriots,Wisconsin,RB,Sr/2014,4,30,130,154,NFL Combine,5091,204,4.57,2.66,1.6,23,32,"09'06""",4.2,7.05,8 1/4,29 1/4,69 5/8,Pro Day,,,,,,,,,79.4,70,75,81,83
Jordan Matthews,Jordan,Matthews,Eagles,Vanderbilt,WR,Sr/2014,2,10,42,46,NFL Combine,6031,212,4.46,2.61,1.55,21,35 1/2,"10'00""",4.18,6.95,10 3/8,33 1/4,80,Pro Day,,,,,,,,,79.4,81,78,81,77
*Isaiah Crowell,Isaiah,Crowell,Undrafted,Alabama State,RB,Jr/2014,,,Undrafted,188,NFL Combine,5111,224,4.57,2.65,1.55,23,38,"09'09""",,,9 1/4,31 3/8,76 1/4,Pro Day,,,,,,,4.56,7.28,79.1,74,76,82,79
Jake Matthews,Jake,Matthews,Falcons,Texas AM,OT,Sr/2014,1,6,6,5,NFL Combine,6054,308,5.07,2.94,1.75,24,30 1/2,"08'09""",4.47,7.34,9 7/8,33 3/8,79 1/2,Pro Day,,,,,,,,,78.9,75,80,77,81
*Blake Bortles,Blake,Bortles,Jags,Central Florida,QB,rJr/2014,1,3,3,6,NFL Combine,6050,232,4.93,2.86,1.75,,32 1/2,"09'07""",4.21,7.08,9 3/8,32 7/8,78,Pro Day,,,,,,,,,78.9,74,82,77,80
*Donte Moncrief,Donte,Moncrief,Colts,Mississippi,WR,Jr/2014,3,26,90,57,NFL Combine,6023,221,4.4,2.57,1.54,13,39 1/2,"11'00""",4.3,7.02,9 1/8,32 3/8,77 7/8,Pro Day,,,,,,,,,78.9,76,78,80,79
Devon Kennard,Devon,Kennard,Giants,Southern California,OLB,rSr/2014,5,34,174,190,NFL Combine,6030,249,4.7,2.73,1.64,23,30,"09'05""",4.32,7.25,9 3/8,33 3/8,78 1/2,Pro Day,,,,,,,,,78.7,79,78,80,77
*Marqise Lee,Marqise,Lee,Jags,Southern California,WR,Jr/2014,2,7,39,25,NFL Combine,5116,192,4.52,2.65,1.59,,38,"10'07""",4.01,,9 1/2,31 3/4,77 5/8,Pro Day,,,,11,,,,6.96,78.7,74,71,80,82
*Aaron Lynch,Aaron,Lynch,49ers,South Florida,DE,rSo/2014,5,10,150,187,NFL Combine,6050,249,,,,18,,,,,10 1/4,34,81 7/8,Pro Day,4.69,2.63,1.52,,29,"09'09""",4.61,7.46,78.4,79,83,76,76
Jimmy Garoppolo,Jimmy,Garoppolo,Patriots,Eastern Illinois,QB,Sr/2014,2,30,62,47,NFL Combine,6022,226,4.97,2.91,1.78,,30 1/2,"09'02""",4.26,7.04,9 1/4,31,75 3/8,Pro Day,,,,,,,,,78.3,73,72,77,83
Deone Bucannon,Deone,Bucannon,Cardinals,Washington State,SS,Sr/2014,1,27,27,51,NFL Combine,6010,211,4.49,2.6,1.54,19,36 1/2,"10'05""",4.26,6.96,9 3/4,32 3/8,77 3/4,Pro Day,,,,,,,,,78.1,77,78,80,76
E.J. Gaines,E.J.,Gaines,Rams,Missouri,CB,Sr/2014,6,12,188,148,NFL Combine,5095,190,,,,15,,,,,9 3/8,30 3/8,72 1/4,Pro Day,4.51,2.59,1.58,,31 1/2,"09'07""",4.28,7.13,78.0,79,79,74,80
Christian Kirksey,Christian,Kirksey,Browns,Iowa,OLB,Sr/2014,3,7,71,141,NFL Combine,6016,233,,,,16,32,"10'02""",,,9 3/8,32 3/8,78 1/4,Pro Day,4.58,2.64,1.59,16,36,"10'00""",4.42,7.11,78.0,72,74,82,77
*Austin Seferian-Jenkins,Austin,Seferian-Jenkins,Bucs,Washington,TE,Jr/2014,2,6,38,52,NFL Combine,6054,262,,,,20,,,,,9 3/4,33 3/4,80,Pro Day,,,,,,,,,77.9,76,78,74,81
Justin Britt,Justin,Britt,Seahawks,Missouri,OT,rSr/2014,2,32,64,157,NFL Combine,6057,325,5.19,3.01,1.81,23,27 1/2,"08'04""",4.69,8.14,10 1/4,33 1/2,81 3/8,Pro Day,5.07,2.93,1.75,26,29 1/2,"09'03""",4.79,7.59,77.6,76,71,80,78
Pat O'Donnell,Pat,O'Donnell,Bears,Miami (FL),P,rSr/2014,6,15,191,260,NFL Combine,6041,220,4.64,2.73,1.62,23,30 1/2,"10'00""",,,9 3/4,32 1/2,79 3/8,Pro Day,,,,,,,,,77.6,73,80,79,76
Aaron Colvin,Aaron,Colvin,Jags,Oklahoma,CB,Sr/2014,4,14,114,224,NFL Combine,5113,177,,,,,,,,,9 1/4,31,76,Pro Day,,,,,,,,,77.4,71,78,78,79
*Kony Ealy,Kony,Ealy,Panthers,Missouri,DE,rJr/2014,2,28,60,35,NFL Combine,6040,273,4.92,2.86,1.71,22,31,"09'06""",4.45,6.83,9 1/2,34 1/4,81 1/8,Pro Day,4.69,2.75,1.69,,32,"10'00""",,,77.4,72,79,77,79
Jimmie Ward,Jimmie,Ward,49ers,Northern Illinois,SS,Sr/2014,1,30,30,33,NFL Combine,5105,193,,,,9,,,,,9 3/8,31,77 1/8,Pro Day,4.47,2.54,1.56,,38,"10'05""",4.24,6.89,77.4,73,75,80,77
Chris Boswell,Chris,Boswell,Undrafted,Rice,K,rSr/2014,,,Undrafted,179,NFL Combine,6023,185,,,,,,,,,8 5/8,31 1/4,76 1/4,Pro Day,,,,,,,,,77.3,60,77,82,79
Cairo Santos,Cairo,Santos,Undrafted,Tulane,K,Sr/2014,,,Undrafted,276,NFL Combine,5082,164,,,,,,,,,8 7/8,28 1/2,67 1/8,Pro Day,,,,,,,,,77.3,72,76,79,78
Jeremiah Attaochu,Jeremiah,Attaochu,Chargers,Georgia Tech,OLB,Sr/2014,2,18,50,69,NFL Combine,6032,252,,,,,,,,,9 7/8,33,81 1/4,Pro Day,4.57,2.65,1.55,,37 1/2,"09'03""",4.68,7.28,77.3,73,81,80,73
Laurent Duvernay-Tardif,Laurent,Duvernay-Tardif,Chiefs,McGill,OT,Sr/2014,6,24,200,143,NFL Combine,6050,298,,,,,,,,,11,33,79 3/8,Pro Day,,,,,,,,,77.1,68,73,78,81
*Richard Rodgers,Richard,Rodgers,Packers,California,TE,rSo/2014,3,34,98,210,NFL Combine,6040,257,4.87,2.82,1.69,16,31 1/2,"09'08""",4.47,7.23,10 1/8,32 5/8,80,Pro Day,4.82,2.87,1.78,,31 1/2,"09'04""",4.63,7.31,77.1,74,79,78,76
*Terrance West,Terrance,West,Browns,Towson,RB,Jr/2014,3,30,94,96,NFL Combine,5092,225,4.54,2.7,1.63,16,33 1/2,"10'00""",,,9 1/8,31,75,Pro Day,,,,,,,4.44,7.28,77.0,73,73,81,75
Ross Cockrell,Ross,Cockrell,Bills,Duke,CB,rSr/2014,4,9,109,171,NFL Combine,6000,191,4.56,2.71,1.64,10,36 1/2,"10'02""",4.32,7.28,9,29 7/8,73 3/4,Pro Day,4.44,2.63,1.5,12,39,"10'05""",4.27,6.88,76.9,73,73,80,76
DaQuan Jones,DaQuan,Jones,Titans,Penn State,DT,Sr/2014,4,12,112,64,NFL Combine,6036,322,5.35,3.07,1.85,25,27 1/2,"08'05""",4.78,7.73,9 5/8,33 1/2,78 5/8,Pro Day,,,,,,,4.65,,76.4,68,68,78,81
Darqueze Dennard,Darqueze,Dennard,Bengals,Michigan State,CB,Sr/2014,1,24,24,16,NFL Combine,5107,199,4.51,2.65,1.63,15,,,,,9,30 1/4,73 1/2,Pro Day,,,,,36,"11'02""",4.41,7.07,76.3,76,75,73,79
Ryan Hewitt,Ryan,Hewitt,Undrafted,Stanford,FB,rSr/2014,,,Undrafted,264,NFL Combine,6042,246,4.87,2.81,1.65,,33,"09'01""",4.35,7.04,9 1/4,32,76 5/8,Pro Day,,,,17,,,,,76.3,84,74,78,68
Dominique Easley,Dominique,Easley,Patriots,Florida,DT,Sr/2014,1,29,29,58,NFL Combine,6016,288,,,,26,,,,,9 3/4,32 7/8,81,Pro Day,,,,,,,,,76.1,75,74,78,75
Jay Prosch,Jay,Prosch,Texans,Auburn,FB,rSr/2014,6,35,211,155,NFL Combine,6007,254,,,,,,,,,9 1/2,30 1/4,73 3/4,Pro Day,4.72,2.75,1.7,27,32,"09'01""",4.4,7.33,76.1,77,81,81,66
Zach Fulton,Zach,Fulton,Chiefs,Tennessee,OG,Sr/2014,6,17,193,201,NFL Combine,6045,316,5.16,3,1.81,25,24 1/2,"08'02""",5.16,7.87,10 1/4,33 1/4,78 3/4,Pro Day,,,,,,,5.5,,76.1,74,68,74,81
Nevin Lawson,Nevin,Lawson,Lions,Utah State,CB,Sr/2014,4,33,133,123,NFL Combine,5094,190,4.48,2.66,1.63,16,33,"10'00""",4.4,7.12,9,31 1/2,76 3/4,Pro Day,4.38,2.6,1.58,,34 1/2,"09'11""",4.13,7.21,75.7,72,70,80,74
Dee Ford,Dee,Ford,Chiefs,Auburn,DE,rSr/2014,1,23,23,30,NFL Combine,6021,252,,,,,,,,,10 1/4,32 7/8,77 3/4,Pro Day,4.59,2.69,1.67,29,35 1/2,"10'04""",4.73,7.07,75.6,74,73,78,74
Preston Brown,Preston,Brown,Bills,Louisville,ILB,Sr/2014,3,9,73,124,NFL Combine,6012,251,4.86,2.85,1.72,23,33,"09'08""",4.26,6.98,10 1/4,33 1/2,81 1/8,Pro Day,4.79,2.77,1.72,26,34 1/2,"09'05""",4.4,7.13,75.3,78,73,74,75
Albert Wilson,Albert,Wilson,Undrafted,Georgia State,WR,rSr/2014,,,Undrafted,295,NFL Combine,5094,202,4.43,2.6,1.54,10,37 1/2,"10'03""",4.21,7,9 1/8,30 3/8,72 1/2,Pro Day,,,,,37,"10'03""",,,75.1,73,74,74,77
Justin Ellis,Justin,Ellis,Raiders,Louisiana Tech,DT,rSr/2014,4,7,107,98,NFL Combine,6014,334,5.27,3.1,1.86,25,28,"07'08""",4.75,7.81,10 1/8,33,78 1/2,Pro Day,5.03,2.97,1.78,,,,,,75.0,74,71,70,80
*Russell Bodine,Russell,Bodine,Bengals,North Carolina,OG,rJr/2014,4,11,111,177,NFL Combine,6031,310,5.18,3.03,1.85,42,29,"09'01""",4.66,8.26,10,32 1/2,78,Pro Day,,,,,,,,,74.9,75,69,78,73
*Jace Amaro,Jace,Amaro,Jets,Texas Tech,TE,Jr/2014,2,17,49,49,NFL Combine,6053,265,4.74,2.76,1.64,28,33,"09'10""",4.3,7.42,9,34,81 1/4,Pro Day,4.6,,,24,,,,,74.9,76,74,75,74
Travis Swanson,Travis,Swanson,Lions,Arkansas,C,rSr/2014,3,12,76,112,NFL Combine,6050,312,5.28,3.09,1.87,20,26,"07'11""",4.65,7.73,10,33 1/8,80 3/8,Pro Day,,,,,,,,,74.7,73,67,81,70
Quincy Enunwa,Quincy,Enunwa,Jets,Nebraska,WR,Sr/2014,6,33,209,259,NFL Combine,6020,225,4.45,2.6,1.57,19,,,,,9 1/2,32 5/8,78,Pro Day,,,,,,,,,74.7,65,63,79,79
Tre Boston,Tre,Boston,Panthers,North Carolina,SS,Sr/2014,4,28,128,238,NFL Combine,5115,204,4.59,2.69,1.6,18,35,"09'08""",4.31,7.04,9 3/4,31 3/8,75 1/8,Pro Day,4.62,2.72,1.65,,,,,,74.0,81,78,79,60
Phillip Gaines,Phillip,Gaines,Chiefs,Rice,CB,rSr/2014,3,23,87,63,NFL Combine,6003,193,4.38,2.57,1.49,11,36 1/2,"10'02""",4.04,6.62,9 5/8,31 7/8,75 5/8,Pro Day,,,,,,,,,73.6,77,75,71,72
Kyle Van Noy,Kyle,Van Noy,Lions,Brigham Young,OLB,rSr/2014,2,8,40,56,NFL Combine,6031,243,4.71,2.72,1.62,21,32 1/2,"09'04""",4.2,7.22,9 5/8,31 5/8,77 7/8,Pro Day,,,,,,,,,73.4,72,72,71,76
*Terrance Mitchell,Terrance,Mitchell,Cowboys,Oregon,CB,rJr/2014,7,39,254,127,NFL Combine,5111,192,4.63,2.68,1.59,,34,"09'09""",4,6.57,8 1/2,30 1/8,72,Pro Day,4.52,2.63,1.53,8,32 1/2,"10'01""",,,73.3,66,60,79,75
Terrence Brooks,Terrence,Brooks,Ravens,Florida State,FS,Sr/2014,3,15,79,67,NFL Combine,5107,198,4.42,2.59,1.54,10,38,"09'11""",,7.35,9,31,75,Pro Day,,,,11,,"10'02""",4.56,7.01,73.1,72,72,70,76
*Troy Niklas,Troy,Niklas,Cardinals,Notre Dame,TE,rJr/2014,2,20,52,73,NFL Combine,6064,270,,,,27,32,"09'06""",4.55,7.57,10,34 1/8,79 5/8,Pro Day,,,,,,,,,73.1,72,74,74,72
C.J. Fiedorowicz,C.J.,Fiedorowicz,Texans,Iowa,TE,Sr/2014,3,1,65,107,NFL Combine,6054,265,4.76,2.75,1.64,25,31 1/2,"09'08""",4.26,7.1,10 1/4,33,79 3/8,Pro Day,,,,,,,,,73.0,71,77,81,60
*Bruce Ellington,Bruce,Ellington,49ers,South Carolina,WR,rJr/2014,4,6,106,77,NFL Combine,5093,197,4.45,2.58,1.55,15,39 1/2,"10'00""",3.95,6.69,9 5/8,31,75 3/4,Pro Day,,,,,,,,,72.9,68,69,71,77
Jaylen Watkins,Jaylen,Watkins,Eagles,Florida,CB,Sr/2014,4,1,101,81,NFL Combine,5114,194,4.41,2.56,1.5,22,,,,,9 5/8,30 5/8,75 1/2,Pro Day,,,,,31 1/2,"09'10""",4.5,7.13,72.6,68,68,72,76
Dontae Johnson,Dontae,Johnson,49ers,North Carolina State,CB,Sr/2014,4,29,129,192,NFL Combine,6021,200,4.45,2.62,1.57,12,38 1/2,"10'04""",4.24,6.82,8 5/8,31 1/2,76 7/8,Pro Day,,,,,,,,,72.6,74,75,69,73
*Brandon Coleman,Brandon,Coleman,Undrafted,Rutgers,WR,rJr/2014,,,Undrafted,151,NFL Combine,6061,225,4.56,2.71,1.66,21,32 1/2,,4.51,7.33,9 1/4,34,81 5/8,Pro Day,,,,,,,,,72.4,63,69,72,77
A.J. McCarron,A.J.,McCarron,Bengals,Alabama,QB,rSr/2014,5,24,164,102,NFL Combine,6032,220,4.94,2.93,1.77,,28,"08'03""",4.34,7.18,10,31 1/2,74,Pro Day,,,,,,,,,72.3,72,73,73,71
Crockett Gillmore,Crockett,Gillmore,Ravens,Colorado State,TE,Sr/2014,3,35,99,139,NFL Combine,6057,260,4.89,2.81,1.69,,33 1/2,"10'00""",4.44,7.42,10 3/8,33 3/4,80 1/2,Pro Day,4.8,,,18,,,,,72.3,76,78,77,60
Christian Jones,Christian,Jones,Undrafted,Florida State,OLB,Sr/2014,,,Undrafted,94,NFL Combine,6032,240,4.74,2.79,1.72,,33 1/2,"09'07""",,,9 5/8,33 1/2,80 5/8,Pro Day,,,,17,,,4.38,7.03,72.1,65,72,73,74
Ryan Grant,Ryan,Grant,Redskins,Tulane,WR,rSr/2014,5,2,142,240,NFL Combine,6003,199,4.64,2.69,1.61,8,35 1/2,"09'11""",4.11,6.68,9 5/8,31,75,Pro Day,4.53,2.53,1.59,,,,,,72.1,68,69,67,78
Mike Davis,Mike,Davis,Undrafted,Texas,WR,Sr/2014,,,Undrafted,243,NFL Combine,6001,197,,,,10,,,,,10,32 3/4,77 3/8,Pro Day,4.5,2.6,1.57,,32 1/2,"09'09""",4.39,7.11,72.1,71,71,72,73
*Bashaud Breeland,Bashaud,Breeland,Redskins,Clemson,CB,rJr/2014,4,2,102,99,NFL Combine,5113,197,4.62,2.7,1.64,11,34 1/2,"10'03""",4.33,7.04,9,31 3/4,76 3/8,Pro Day,4.57,2.64,1.61,,,,,7.03,72.0,72,81,75,60
*Greg Robinson,Greg,Robinson,Rams,Auburn,OT,rSo/2014,1,2,2,3,NFL Combine,6050,332,4.92,2.88,1.72,32,28 1/2,"09'05""",4.86,7.8,10,35,82 3/4,Pro Day,,,,,,,,,72.0,74,77,71,67
Daniel Sorensen,Daniel,Sorensen,Undrafted,Brigham Young,SS,rSr/2014,,,Undrafted,250,NFL Combine,6014,205,4.67,2.69,1.6,13,32,"09'06""",3.95,6.47,8 1/2,31,74,Pro Day,4.54,2.64,1.64,,32,"10'02""",,,72.0,64,69,75,73
Zach Kerr,Zach,Kerr,Undrafted,Kansas State,DT,rSr/2014,,,Undrafted,199,NFL Combine,6014,326,5.08,2.95,1.79,28,28 1/2,"08'03""",4.71,7.93,9 3/4,32 7/8,81,Pro Day,,,,,,,,,71.3,69,73,71,71
Kevin Pamphile,Kevin,Pamphile,Bucs,Purdue,OT,rSr/2014,5,9,149,198,NFL Combine,6045,310,,,,,,,,,9 1/8,34 1/4,81 3/8,Pro Day,4.94,2.83,1.77,25,32,"09'00""",4.81,7.61,71.3,75,71,70,69
T.J. Jones,T.J.,Jones,Lions,Notre Dame,WR,Sr/2014,6,13,189,137,NFL Combine,5115,188,4.48,2.59,1.54,,33,"09'11""",4.27,6.82,10,30 5/8,73 5/8,Pro Day,,,,,,,,,71.3,67,66,69,76
Seantrel Henderson,Seantrel,Henderson,Bills,Miami (FL),OT,Sr/2014,7,22,237,158,NFL Combine,6071,331,5.04,2.92,1.74,,24,"07'11""",4.77,8.15,10 1/2,34 5/8,82 7/8,Pro Day,5.14,,,23,28,"08'06""",,,71.1,76,68,71,68
Josh Huff,Josh,Huff,Eagles,Oregon,WR,Sr/2014,3,22,86,165,NFL Combine,5112,206,4.51,2.62,1.58,14,35 1/2,"09'08""",,,9 3/8,31 1/4,75 1/4,Pro Day,4.47,2.57,1.54,15,37,"09'10""",4.12,6.96,71.1,72,70,71,71
De'Anthony Thomas,De'Anthony,Thomas,Chiefs,Nebraska,RB,Jr/2014,4,24,124,162,NFL Combine,5085,174,4.5,2.67,1.63,8,32,"10'04""",,,8 1/8,29 7/8,70 7/8,Pro Day,4.39,2.51,1.55,9,32 1/2,"10'03""",4.23,6.94,71.0,73,71,69,71
Pierre Desir,Pierre,Desir,Browns,Lindenwood,CB,rSr/2014,4,27,127,85,NFL Combine,6010,198,4.59,2.67,1.59,11,35,"11'01""",4.3,6.86,9 5/8,33,77 5/8,Pro Day,4.52,2.68,1.52,,38,,,,70.9,68,69,70,73
Kevin Pierre-Louis,Kevin,Pierre-Louis,Seahawks,Boston College,OLB,Sr/2014,4,32,132,191,NFL Combine,6004,232,4.51,2.61,1.56,28,39,"10'08""",4.02,6.92,10 1/8,32 1/4,78 5/8,Pro Day,,,,,,,,,70.9,70,70,70,72
Marcus Smith,Marcus,Smith,Eagles,Louisville,DE,Sr/2014,1,26,26,61,NFL Combine,6033,251,4.68,2.72,1.64,23,35,"10'01""",4.47,7.48,10,34,81,Pro Day,,,,,,,4.38,7.08,70.6,70,66,72,71
*Cody Latimer,Cody,Latimer,Broncos,Indiana,WR,Jr/2014,2,24,56,42,NFL Combine,6024,215,,,,23,,,,,9 5/8,32 5/8,77 5/8,Pro Day,4.44,2.59,1.55,,39,,,,70.6,73,68,68,72
Ethan Westbrooks,Ethan,Westbrooks,Undrafted,West Texas AM,DE,Sr/2014,,,Undrafted,149,NFL Combine,6035,267,4.9,2.89,1.75,19,29,"09'02""",4.67,7.3,9 5/8,33 1/4,80 1/8,Pro Day,4.72,2.82,1.66,20,33 1/2,,,,70.4,64,66,72,73
*Xavier Su'a-Filo,Xavier,Su'a-Filo,Texans,UCLA,OG,rJr/2014,2,1,33,27,NFL Combine,6041,307,5.04,2.95,1.8,25,25,"08'06""",4.44,7.6,9 3/8,33 3/8,77 5/8,Pro Day,4.97,2.94,1.75,26,26,"08'07""",4.46,7.93,70.4,74,71,71,66
Tom Savage,Tom,Savage,Texans,Pittsburgh,QB,rSr/2014,4,35,135,45,NFL Combine,6037,228,4.97,2.92,1.77,,27,"08'09""",4.36,7.33,9 5/8,31 5/8,76 1/4,Pro Day,,,,,,,,,70.4,70,65,72,71
Jonotthan Harrison,Jonotthan,Harrison,Undrafted,Florida,C,rSr/2014,,,Undrafted,285,NFL Combine,6035,304,5.15,3,1.83,27,27,"09'05""",4.86,7.97,9 7/8,33 3/8,80 5/8,Pro Day,,,,,,,,,70.3,72,73,69,68
Ra'Shede Hageman,Ra'Shede,Hageman,Falcons,Minnesota,DT,rSr/2014,2,5,37,40,NFL Combine,6057,310,5.02,2.93,1.75,32,35 1/2,"09'06""",4.5,7.87,10 1/4,34 1/4,82 5/8,Pro Day,,,,,,,,,70.3,73,74,75,60
*Cameron Fleming,Cameron,Fleming,Patriots,Stanford,OT,rJr/2014,4,40,140,79,NFL Combine,6047,323,5.28,3.08,1.85,26,23 1/2,"08'01""",5,8.24,9 7/8,34,81 1/8,Pro Day,,,,,25 1/2,"08'01""",,,70.1,72,69,71,68
John Urschel,John,Urschel,Ravens,Penn State,OG,rSr/2014,5,35,175,246,NFL Combine,6030,313,5.31,3.08,1.84,30,29,"08'06""",4.47,7.55,10 3/8,33,78 5/8,Pro Day,5.19,2.99,1.82,,,,,,70.0,78,70,72,60
Chris Smith,Chris,Smith,Jags,Arkansas,OLB,Sr/2014,5,19,159,91,NFL Combine,6010,266,4.71,2.74,1.68,28,37,"10'01""",4.46,7.55,9 1/2,34 1/8,83 1/8,Pro Day,,,,,,,,7.37,70.0,70,67,67,73
Jay Bromley,Jay,Bromley,Giants,Syracuse,DT,Sr/2014,3,10,74,215,NFL Combine,6031,306,5.06,2.93,1.74,26,33 1/2,"08'10""",4.78,7.92,9 1/4,33 1/2,81 3/8,Pro Day,4.93,2.87,1.75,,,,,7.97,69.9,69,67,67,73
*Cyrus Kouandjio,Cyrus,Kouandjio,Bills,Alabama,OT,Jr/2014,2,12,44,29,NFL Combine,6066,322,5.59,3.19,1.93,21,27 1/2,"08'00""",4.84,7.71,10 1/4,35 5/8,87 1/4,Pro Day,5.46,3.13,1.91,22,31,"08'10""",4.85,7.97,69.9,67,72,72,67
*Paul Richardson,Paul,Richardson,Seahawks,Colorado,WR,rJr/2014,2,13,45,87,NFL Combine,6003,175,4.4,2.58,1.56,,38,"10'04""",,7.09,8 7/8,32 5/8,76 1/4,Pro Day,,,,,37 1/2,,4.23,6.98,69.9,73,71,75,60
Billy Turner,Billy,Turner,Dolphins,North Dakota State,OT,Sr/2014,3,3,67,90,NFL Combine,6047,315,5.16,3.04,1.82,25,28,"09'00""",4.71,7.92,10,34,82 1/4,Pro Day,,,,,,,,,69.7,75,68,68,67
*Bishop Sankey,Bishop,Sankey,Titans,Washington,RB,Jr/2014,2,22,54,55,NFL Combine,5094,209,4.49,2.61,1.53,26,35 1/2,"10'06""",4,6.75,10,31,73,Pro Day,,,,,,,,,69.6,75,73,72,60
Jeff Janis,Jeff,Janis,Packers,Saginaw Valley State,WR,Sr/2014,7,21,236,211,NFL Combine,6027,219,4.42,2.6,1.55,20,37 1/2,"10'03""",3.98,6.64,9,32 1/2,78 1/8,Pro Day,,,,,,,,,69.6,71,71,68,69
Demetri Goodson,Demetri,Goodson,Packers,Baylor,CB,rSr/2014,6,21,197,247,NFL Combine,5110,194,4.52,2.67,1.62,11,37,"10'03""",4.34,6.8,9 1/4,31 3/4,74 1/4,Pro Day,4.53,2.67,1.65,,37,,,,69.4,71,68,68,70
Michael Campanaro,Michael,Campanaro,Ravens,Wake Forest,WR,rSr/2014,7,3,218,195,NFL Combine,5093,192,4.46,2.62,1.56,20,39,"10'02""",4.01,6.77,9 3/4,30,70 1/2,Pro Day,,,,,,,,,69.4,71,68,71,67
Cassius Marsh,Cassius,Marsh,Seahawks,UCLA,DE,Sr/2014,4,8,108,226,NFL Combine,6040,252,4.89,2.87,1.7,14,32,"09'00""",4.25,7.08,9 1/2,32 3/4,78,Pro Day,4.7,2.81,1.72,17,,"09'06""",,,69.3,66,67,68,72
Brandon Thomas,Brandon,Thomas,49ers,Clemson,OG,rSr/2014,3,36,100,170,NFL Combine,6032,317,5.09,3.03,1.88,35,29,"08'02""",4.83,8.13,10 1/2,34 3/4,83 5/8,Pro Day,,,,,,"08'03""",4.75,7.83,69.3,73,67,67,69
Ka'Deem Carey,Ka'Deem,Carey,Bears,North Carolina State,RB,Jr/2014,4,17,117,117,NFL Combine,5093,207,4.7,2.72,1.59,19,32 1/2,"09'07""",4.38,7.08,9 1/2,31 3/4,75 5/8,Pro Day,4.72,2.73,1.6,19,35,"09'05""",,,69.3,74,73,72,60
Walt Aikens,Walt,Aikens,Dolphins,Liberty,CB,Sr/2014,4,25,125,97,NFL Combine,6005,203,,,,,,,,,9,32 1/4,79,Pro Day,4.49,2.66,1.59,13,35,"09'10""",4.42,7.12,69.1,66,71,69,69
Brent Urban,Brent,Urban,Ravens,Virginia,DE,Sr/2014,4,34,134,183,NFL Combine,6065,295,,,,,,,,,9 3/4,34 1/4,80 3/4,Pro Day,,,,,,,,,69.1,66,64,69,72
Terrence Fede,Terrence,Fede,Dolphins,Marist,DE,rSr/2014,7,19,234,255,NFL Combine,6032,276,,,,,,,,,10 1/4,33 7/8,81 1/8,Pro Day,4.76,2.72,1.62,25,33,"09'11""",4.45,7.13,69.1,72,66,67,70
James Hurst,James,Hurst,Undrafted,North Carolina,OT,Sr/2014,,,Undrafted,192,NFL Combine,6053,296,,,,,,,,,10 1/8,33 3/4,80 7/8,Pro Day,5.59,3.25,1.93,20,22,,4.73,,69.0,60,66,69,73
Dezmen Southward,Dezmen,Southward,Falcons,Wisconsin,SS,rSr/2014,3,4,68,133,NFL Combine,6002,211,,,,,,,,,10,30 5/8,76 7/8,Pro Day,4.38,2.52,1.5,,42,"10'04""",4.37,6.5,68.9,76,66,65,67
Wesley Johnson,Wesley,Johnson,Steelers,Vanderbilt,C,rSr/2014,5,33,173,167,NFL Combine,6053,297,5.11,2.96,1.73,26,29,"09'03""",4.64,7.4,10 1/8,32 1/2,79 3/4,Pro Day,,,,,,,,,68.7,67,70,70,67
Kareem Martin,Kareem,Martin,Cardinals,North Carolina,DE,Sr/2014,3,20,84,74,NFL Combine,6057,272,4.72,2.71,1.64,22,35 1/2,"10'09""",4.33,7.2,10,35,84 1/2,Pro Day,,,,,,,,,68.7,74,63,63,72
Shamar Stephen,Shamar,Stephen,Vikings,Connecticut,DT,rSr/2014,7,5,220,222,NFL Combine,6047,309,5.25,3.02,1.83,25,30 1/2,"08'07""",,,10,33 1/8,81 1/2,Pro Day,,,,,,,4.89,7.81,68.7,70,65,65,72
Dakota Dozier,Dakota,Dozier,Jets,Furman,OG,rSr/2014,4,37,137,103,NFL Combine,6035,313,5.42,3.17,1.95,23,24,"08'05""",4.89,8.14,9 7/8,33 7/8,81 1/4,Pro Day,,,,,27 1/2,,,,68.7,69,67,71,66
Michael Schofield,Michael,Schofield,Broncos,Michigan,OT,rSr/2014,3,31,95,108,NFL Combine,6064,301,5.01,2.93,1.73,,24,"07'09""",4.57,7.62,9 5/8,34,81 3/4,Pro Day,,,,,25 1/2,"09'00""",,,68.4,69,68,72,63
Lorenzo Taliaferro,Lorenzo,Taliaferro,Ravens,Coastal Carolina,RB,Sr/2014,4,38,138,219,NFL Combine,6002,229,4.58,2.68,1.6,18,33,"09'10""",4.22,6.88,8 3/8,32,76 1/4,Pro Day,,,,22,34,"10'00""",,,68.4,73,73,70,60
*Xavier Grimble,Xavier,Grimble,Undrafted,Southern California,TE,rJr/2014,,,Undrafted,292,NFL Combine,6043,257,,,,,26 1/2,"09'05""",,,10 1/4,33 5/8,79,Pro Day,4.9,2.85,1.7,16,30 1/2,"09'02""",4.79,7.41,68.4,60,62,69,73
Marquis Flowers,Marquis,Flowers,Bengals,Arizona,OLB,Sr/2014,6,36,212,262,NFL Combine,6025,231,,,,,,,,,9 3/8,32,76 1/2,Pro Day,4.51,2.58,1.58,24,37 1/2,"09'08""",4.32,7.06,68.1,66,63,63,74
Cornelius Lucas,Cornelius,Lucas,Undrafted,Kansas State,OT,rSr/2014,,,Undrafted,234,NFL Combine,6084,316,,,,,,,,,10,36 3/4,88 1/8,Pro Day,,,,,,,,,68.1,65,70,69,67
Tyler Larsen,Tyler,Larsen,Undrafted,Utah State,C,Sr/2014,,,Undrafted,274,NFL Combine,6036,313,,,,36,23 1/2,"08'06""",4.7,8.22,9 1/4,31 1/2,74 1/2,Pro Day,,,,,,,,,68.0,65,67,67,70
*Tre Mason,Tre,Mason,Rams,Auburn,RB,Jr/2014,3,11,75,60,NFL Combine,5084,207,4.5,2.6,1.55,,38 1/2,"10'06""",4.15,,9,30,71 1/2,Pro Day,,,,,,,,,68.0,79,78,60,60
Andre Williams,Andre,Williams,Giants,Boston College,RB,Sr/2014,4,13,113,86,NFL Combine,5113,230,4.56,2.64,1.6,,38,"10'09""",4.06,7.27,9,33 1/2,80 1/4,Pro Day,4.54,2.58,1.58,,,,,,68.0,73,72,69,60
*Marcus Martin,Marcus,Martin,49ers,Southern California,C,Jr/2014,3,6,70,48,NFL Combine,6033,320,,,,23,,,,,10,34,82 3/8,Pro Day,5.22,3.07,1.81,,,,4.93,,67.9,72,65,68,65
Taylor Hart,Taylor,Hart,Eagles,Oregon,DE,rSr/2014,5,1,141,116,NFL Combine,6061,281,,,,21,,,,,10 1/8,32 3/4,78 1/2,Pro Day,4.85,2.84,1.64,23,30,"08'09""",4.6,7.44,67.9,71,65,69,65
*Carl Bradford,Carl,Bradford,Packers,Arizona State,OLB,rJr/2014,4,21,121,54,NFL Combine,6006,250,4.76,2.78,1.66,23,37 1/2,"10'02""",4.3,7.25,9 1/2,30 1/4,74 1/2,Pro Day,4.72,2.75,1.71,,,,4.42,7.03,67.9,71,68,72,60
Marqueston Huff,Marqueston,Huff,Titans,Wyoming,FS,Sr/2014,4,22,122,105,NFL Combine,5111,196,4.49,2.61,1.54,15,35 1/2,"09'10""",4.19,7.26,9,31 3/8,75 1/8,Pro Day,,,,,,,,,67.7,74,72,60,67
Kerry Wynn,Kerry,Wynn,Undrafted,Richmond,DE,rSr/2014,,,Undrafted,277,NFL Combine,6048,266,4.97,2.86,1.72,31,34,"09'05""",,,9 1/8,31 3/4,78 5/8,Pro Day,4.7,2.7,1.64,,,,4.73,7.53,67.6,65,65,65,71
Caraun Reid,Caraun,Reid,Lions,Princeton,DT,rSr/2014,5,18,158,92,NFL Combine,6021,302,4.91,2.87,1.7,20,26 1/2,"08'10""",4.58,7.59,10 1/2,33,79 3/8,Pro Day,4.85,2.78,1.65,,27 1/2,,,,67.6,68,67,68,67
*David Yankey,David,Yankey,Vikings,Stanford,OG,rJr/2014,5,5,145,145,NFL Combine,6055,315,5.48,3.13,1.86,22,28 1/2,"08'07""",4.86,7.81,9 1/2,34,83,Pro Day,,,,25,30,,4.69,,67.6,73,69,69,60
Bryan Stork,Bryan,Stork,Patriots,Florida State,C,rSr/2014,4,5,105,264,NFL Combine,6037,315,,,,,,,,,10 1/8,32 1/4,77 3/8,Pro Day,5.44,3.09,1.81,21,26,"08'01""",5.02,7.9,67.0,78,73,60,60
Josh Mauro,Josh,Mauro,Undrafted,Stanford,DE,rSr/2014,,,Undrafted,206,NFL Combine,6058,271,5.21,3.03,1.8,21,32,"09'08""",4.51,7.43,9 1/2,33,76 1/2,Pro Day,5.21,2.92,1.78,29,31,,4.5,,67.0,60,61,66,72
Will Sutton,Will,Sutton,Bears,Arizona State,DT,rSr/2014,3,18,82,83,NFL Combine,6004,303,5.36,3.07,1.82,24,28 1/2,"08'03""",4.82,7.93,10,31 1/4,76 3/4,Pro Day,5.24,3.03,1.84,,,,4.59,7.7,67.0,72,65,70,60
Jeremiah George,Jeremiah,George,Jets,Iowa State,ILB,Sr/2014,5,14,154,294,NFL Combine,5112,234,4.91,2.86,1.7,28,33,"09'08""",,,9 1/4,31 7/8,76,Pro Day,4.66,2.66,1.61,30,38 1/2,"10'09""",4.69,7.46,67.0,67,68,66,67
Justin Gilbert,Justin,Gilbert,Browns,Oklahoma State,CB,Sr/2014,1,8,8,20,NFL Combine,6001,202,4.37,2.57,1.54,20,35 1/2,"10'06""",,6.92,8 5/8,33 1/8,77,Pro Day,,,,,,,4.39,7.03,66.9,77,74,60,60
Kenneth Acker,Kenneth,Acker,49ers,Southern Methodist,CB,Sr/2014,6,4,180,256,NFL Combine,5115,190,,,,,,,,,9,31,75 5/8,Pro Day,4.5,2.59,1.58,11,36,"09'09""",4.37,6.94,66.9,64,75,67,60
Ryan Carrethers,Ryan,Carrethers,Chargers,Arkansas State,DT,rSr/2014,5,25,165,267,NFL Combine,6012,337,5.47,3.15,1.86,32,26,"07'04""",4.6,7.89,9 3/8,31 3/4,77 1/8,Pro Day,5.34,3.15,1.79,34,,,,7.89,66.9,72,68,68,60
Will Clarke,Will,Clarke,Bengals,West Virginia,DE,rSr/2014,3,24,88,94,NFL Combine,6061,271,4.77,2.81,1.69,22,32,"09'04""",4.57,7.26,9 7/8,34 5/8,81 1/4,Pro Day,,,,,,"09'11""",4.59,,66.6,69,67,70,60
Brock Coyle,Brock,Coyle,Undrafted,Montana,ILB,rSr/2014,,,Undrafted,143,NFL Combine,6007,235,,,,,,,,,9 3/8,32 1/2,75,Pro Day,4.6,2.69,1.6,25,37,"09'07""",4.28,6.74,66.6,66,66,68,65
Kevin Norwood,Kevin,Norwood,Seahawks,Alabama,WR,rSr/2014,4,23,123,93,NFL Combine,6020,198,4.48,2.65,1.6,8,33,"10'01""",4.32,6.68,10,32 1/8,75 3/4,Pro Day,,,,,,,,,66.6,71,68,68,60
Zach Moore,Zach,Moore,Patriots,Concordia (MN),DE,rSr/2014,6,22,198,230,NFL Combine,6054,269,4.84,2.8,1.67,23,33 1/2,"10'03""",4.46,7.41,9 5/8,33 3/4,81 1/8,Pro Day,,,,,,,,,66.3,69,64,64,67
*Calvin Pryor,Calvin,Pryor,Jets,Louisville,FS,Jr/2014,1,18,18,22,NFL Combine,5111,207,4.58,2.66,1.58,18,34 1/2,"09'08""",,,9 1/8,31 3/8,75 1/2,Pro Day,,,,,,,4.3,6.98,66.3,82,60,60,60
Jared Abbrederis,Jared,Abbrederis,Packers,Wisconsin,WR,rSr/2014,5,36,176,110,NFL Combine,6010,195,4.5,2.65,1.62,4,30 1/2,"09'09""",4.08,6.8,9 5/8,31 3/8,75,Pro Day,,,,,,,,,66.3,69,68,69,60
*Storm Johnson,Storm,Johnson,Jags,Central Florida,RB,rJr/2014,7,7,222,178,NFL Combine,5115,209,4.6,2.72,1.67,16,35 1/2,"09'10""",,,9 1/2,32,76 3/4,Pro Day,4.54,2.6,1.66,19,34,"10'01""",,,66.1,70,69,67,60
Dexter McDougle,Dexter,McDougle,Jets,Maryland,CB,rSr/2014,3,16,80,214,NFL Combine,5102,196,,,,,,,,,9 5/8,30 5/8,74 3/4,Pro Day,4.47,2.63,1.58,,37,"10'02""",4.18,6.84,66.0,70,68,67,60
Daniel McCullers,Daniel,McCullers,Steelers,Tennessee,DT,Sr/2014,6,39,215,113,NFL Combine,6066,352,,,,27,20 1/2,"08'01""",,,11,36 5/8,80 1/8,Pro Day,5.3,3.16,1.92,27,23,"08'03""",5.09,7.99,65.9,68,66,69,60
*Marcus Roberson,Marcus,Roberson,Undrafted,Florida,CB,Jr/2014,,,Undrafted,88,NFL Combine,6003,191,4.61,2.65,1.59,8,37 1/2,"10'00""",4.08,6.84,9 1/4,31,77,Pro Day,4.69,2.75,1.58,,,,4.46,7.19,65.7,64,70,68,60
Brock Vereen,Brock,Vereen,Bears,Minnesota,SS,Sr/2014,4,31,131,101,NFL Combine,5115,199,4.47,2.63,1.58,25,34,"09'09""",4.07,6.9,8 1/4,30,73 1/4,Pro Day,,,,,,,,,65.7,75,70,60,60
*Ego Ferguson,Ego,Ferguson,Bears,LSU,DT,rJr/2014,2,19,51,75,NFL Combine,6027,315,,,,24,,,,,10 3/4,32 1/2,78 7/8,Pro Day,5.1,2.89,1.72,,29 1/2,"08'03""",5.03,7.99,65.6,69,67,67,60
Stanley Jean-Baptiste,Stanley,Jean-Baptiste,Saints,Nebraska,CB,Sr/2014,2,26,58,71,NFL Combine,6025,218,4.61,2.67,1.58,13,41 1/2,"10'08""",4.33,,8 5/8,32 3/8,78 1/8,Pro Day,4.45,2.59,1.55,,,,4.19,6.69,65.4,68,66,60,68
*Dion Bailey,Dion,Bailey,Undrafted,Southern California,FS,rJr/2014,,,Undrafted,127,NFL Combine,5117,201,4.66,2.71,1.64,,34,"09'05""",4.15,6.97,9 1/2,32,76 3/8,Pro Day,,,,14,33 1/2,"09'06""",,,65.4,72,73,60,60
Trevor Reilly,Trevor,Reilly,Jets,Utah,OLB,rSr/2014,7,18,233,120,NFL Combine,6046,245,,,,26,,,,,9 1/2,32 1/4,77 1/4,Pro Day,4.66,2.74,1.66,,30 1/2,"09'09""",,,65.4,69,66,67,60
Logan Thomas,Logan,Thomas,Cardinals,Virginia Tech,QB,rSr/2014,4,20,120,179,NFL Combine,6061,248,4.61,2.7,1.63,,35 1/2,"09'10""",4.18,7.05,10 7/8,33 1/4,80 1/2,Pro Day,,,,,,,,,65.4,68,60,60,70
Zach Mettenberger,Zach,Mettenberger,Titans,LSU,QB,rSr/2014,6,2,178,125,NFL Combine,6047,224,,,,,,,,,9 3/4,32 3/8,78 3/8,Pro Day,,,,,,,,,65.4,76,66,60,60
Lonnie Ballentine,Lonnie,Ballentine,Texans,Memphis,FS,Sr/2014,7,41,256,231,NFL Combine,6030,219,,,,,,,,,9 1/2,33,76,Pro Day,4.39,2.59,1.51,18,38,"10'05""",4.47,7.18,65.1,66,68,67,60
*Scott Crichton,Scott,Crichton,Vikings,Oregon State,DE,rJr/2014,3,8,72,43,NFL Combine,6027,273,4.84,2.79,1.68,24,31 1/2,"09'00""",4.29,7.19,10 1/8,32 3/4,79 1/8,Pro Day,,,,,,,,,65.0,72,71,60,60
Chris Watt,Chris,Watt,Chargers,Notre Dame,OG,rSr/2014,3,25,89,237,NFL Combine,6025,310,,,,29,,,,,9 1/2,32 3/4,78 3/4,Pro Day,5.5,3.08,1.91,,28 1/2,"08'08""",4.76,7.67,65.0,73,69,60,60
David Fales,David,Fales,Bears,San Jose State,QB,Sr/2014,6,7,183,204,NFL Combine,6015,212,4.99,2.9,1.72,,28,"08'07""",4.5,7.55,9 1/4,31 3/4,75 7/8,Pro Day,,,,,,,,,64.9,66,63,62,67
Devin Street,Devin,Street,Cowboys,Pittsburgh,WR,rSr/2014,5,6,146,147,NFL Combine,6027,198,4.55,2.64,1.58,,37,"10'04""",4.01,6.89,9 1/4,33 3/8,78 3/4,Pro Day,4.5,2.59,1.56,,,,,6.72,64.9,69,68,64,60
Louis Nix,Louis,Nix III,Texans,Kansas,DT,rJr/2014,3,19,83,24,NFL Combine,6023,331,5.42,3.13,1.89,,25 1/2,"08'01""",4.94,8.29,9 7/8,33,78 1/4,Pro Day,5.38,3.07,1.87,24,,,,8.01,64.6,74,64,60,60
Arthur Lynch,Arthur,Lynch,Dolphins,Georgia,TE,rSr/2014,5,15,155,129,NFL Combine,6045,258,4.82,2.8,1.67,28,29 1/2,"09'08""",4.35,7.38,10 1/8,32 1/2,75 5/8,Pro Day,,,,,29,,,,64.4,72,67,60,60
*Anthony Johnson,Anthony,Johnson,Undrafted,LSU,DT,Jr/2014,,,Undrafted,133,NFL Combine,6025,308,5.24,3.05,1.82,20,24 1/2,"08'06""",4.83,7.93,10 3/8,33,77 7/8,Pro Day,,,,,,,,,64.3,67,60,62,66
Gabe Ikard,Gabe,Ikard,Undrafted,Oklahoma,C,rSr/2014,,,Undrafted,148,NFL Combine,6036,304,5.13,2.96,1.77,22,26,"08'07""",4.37,7.3,9 5/8,33 1/8,78 3/4,Pro Day,,,,,,,,,64.1,67,65,65,60
Keith McGill,Keith,McGill,Raiders,Utah,CB,rSr/2014,4,16,116,78,NFL Combine,6033,211,4.51,2.65,1.63,,39,"10'09""",4.18,7.29,10 1/4,33 1/4,80 3/4,Pro Day,4.53,2.71,1.6,12,35 1/2,"10'06""",4.13,6.9,64.0,71,66,60,60
Anthony Steen,Anthony,Steen,Undrafted,Alabama,OG,rSr/2014,,,Undrafted,227,NFL Combine,6034,314,,,,,,,,,9 1/8,30 1/2,74 5/8,Pro Day,5.33,3.06,1.85,,25,"08'10""",4.71,7.95,64.0,65,62,67,60
Bennie Fowler,Bennie,Fowler,Undrafted,Michigan State,WR,rSr/2014,,,Undrafted,279,NFL Combine,6013,217,4.52,2.7,1.65,,36,"10'06""",4.18,7.06,9 1/2,32,78,Pro Day,4.35,2.53,1.58,18,,,,,64.0,66,71,60,60
Bruce Gaston,Bruce,Gaston,Undrafted,Purdue,DT,Sr/2014,,,Undrafted,228,NFL Combine,6021,308,,,,,,,,,9 1/8,31 7/8,79,Pro Day,4.95,2.96,1.83,34,34,"09'01""",4.55,7.48,63.9,63,60,68,60
Khyri Thornton,Khyri,Thornton,Packers,Southern Miss,DT,rSr/2014,3,21,85,166,NFL Combine,6025,304,5.03,2.94,1.78,28,29,"09'04""",4.76,7.83,9 1/2,32 1/2,78 5/8,Pro Day,5.04,2.86,1.71,,,,,,63.7,68,60,65,60
Kevin Graf,Kevin,Graf,Undrafted,Southern California,OT,rSr/2014,,,Undrafted,241,NFL Combine,6057,303,,,,,,,,,8 3/4,32 1/2,80 1/4,Pro Day,5.03,3,1.76,27,29,"08'11""",4.77,7.53,63.7,67,64,64,60
*Vinnie Sunseri,Vinnie,Sunseri,Saints,Alabama,SS,Jr/2014,5,27,167,185,NFL Combine,5111,210,,,,18,,,,,10,30,73 3/4,Pro Day,4.56,,,21,,,,,63.7,69,60,64,60
Matt Hazel,Matt,Hazel,Dolphins,Coastal Carolina,WR,Sr/2014,6,14,190,233,NFL Combine,6010,198,4.5,2.62,1.58,15,36 1/2,"09'10""",4.2,7.08,9 1/8,31 3/8,76 1/8,Pro Day,,,,,,,4.47,,63.7,67,64,64,60
Charles Sims,Charles,Sims,Bucs,West Virginia,RB,rSr/2014,3,5,69,122,NFL Combine,6000,214,4.48,2.6,1.57,17,37 1/2,"10'06""",4.3,7.16,8 1/4,31,74 3/4,Pro Day,,,,,,,,,63.4,72,60,60,60
Senorise Perry,Senorise,Perry,Undrafted,Louisville,RB,Sr/2014,,,Undrafted,287,NFL Combine,5117,206,,,,,,,,,9 1/2,31 1/2,77 7/8,Pro Day,4.38,2.56,1.57,18,37,"10'06""",4.43,6.89,63.4,64,64,62,64
Max Bullough,Max,Bullough,Undrafted,Michigan State,ILB,Sr/2014,,,Undrafted,180,NFL Combine,6035,249,4.78,2.78,1.65,30,31,"09'04""",4.3,7.22,9 3/8,31,75 3/8,Pro Day,4.76,2.72,1.66,,,,4.4,7.08,63.3,67,68,60,60
Lamin Barrow,Lamin,Barrow,Broncos,LSU,ILB,rSr/2014,5,16,156,168,NFL Combine,6013,237,4.64,2.72,1.64,22,35,"10'03""",4.35,7.24,10 3/8,33 3/8,79,Pro Day,,,,,,,4.31,,63.1,65,64,64,60
*Johnny Manziel,Johnny,Manziel,Browns,Texas AM,QB,rSo/2014,1,22,22,7,NFL Combine,5116,207,4.68,2.72,1.63,,31 1/2,"09'05""",4.03,6.75,9 7/8,31 3/8,74 1/8,Pro Day,,,,,,,,,63.1,71,60,60,60
Craig Loston,Craig,Loston,Undrafted,LSU,SS,rSr/2014,,,Undrafted,162,NFL Combine,6006,217,4.65,2.7,1.6,12,32 1/2,"09'11""",4.35,7.15,9 3/4,30 3/4,75 3/4,Pro Day,,,,,32,,,,63.1,71,60,60,60
Kendall James,Kendall,James,Vikings,Maine,CB,Sr/2014,6,8,184,136,NFL Combine,5104,180,4.44,2.61,1.54,9,39,,4.19,6.81,8,29 1/2,70 5/8,Pro Day,4.4,2.58,1.58,,,"10'00""",,,63.0,67,67,60,60
Deandre Coleman,Deandre,Coleman,Undrafted,California,DT,rSr/2014,,,Undrafted,145,NFL Combine,6047,314,,,,24,,,,,10 1/4,34 3/8,82 1/8,Pro Day,5.06,2.89,1.73,,25 1/2,"08'07""",5.1,7.71,63.0,64,62,65,60
Jordan Tripp,Jordan,Tripp,Dolphins,Montana,OLB,rSr/2014,5,31,171,104,NFL Combine,6026,234,4.67,2.73,1.64,22,37 1/2,"10'00""",3.96,6.89,9 5/8,30 3/4,74 3/4,Pro Day,,,,,,,,,63.0,66,65,62,60
Bennett Jackson,Bennett,Jackson,Giants,Notre Dame,CB,Sr/2014,6,11,187,291,NFL Combine,5117,195,4.51,2.65,1.6,13,38,"10'08""",4,6.75,9 1/4,31 3/8,75 7/8,Pro Day,4.4,2.58,1.56,,,,,,62.9,64,68,60,60
*Ed Reynolds,Ed,Reynolds,Eagles,Stanford,FS,rJr/2014,5,22,162,142,NFL Combine,6010,207,4.57,2.67,1.59,15,32 1/2,"09'09""",,,8 1/2,30 3/4,74 1/8,Pro Day,4.51,2.64,1.55,,38,,4.49,7.18,62.9,70,60,60,60
Howard Jones,Howard,Jones,Undrafted,Shepherd,OLB,rSr/2014,,,Undrafted,155,NFL Combine,6025,235,4.6,2.69,1.63,21,40 1/2,"10'04""",4.41,7.16,9 1/2,34 1/8,82,Pro Day,,2.61,1.56,,,,,,62.9,60,70,60,60
Marion Grice,Marion,Grice,Chargers,Arizona State,RB,Sr/2014,6,25,201,276,NFL Combine,6000,208,,,,,,,,,9 1/4,32,76,Pro Day,4.67,2.69,1.65,14,32,"09'07""",4.41,7.06,62.9,70,60,60,60
Rob Blanchflower,Rob,Blanchflower,Steelers,Massachusetts,TE,rSr/2014,7,15,230,176,NFL Combine,6041,256,,,,,,,,,9 5/8,33 3/4,80 5/8,Pro Day,,,,,,,,,62.9,70,60,60,60
Brandon Dixon,Brandon,Dixon,Jets,Northwest Missouri State,CB,Sr/2014,6,19,195,239,NFL Combine,5114,203,4.41,2.59,1.56,17,32 1/2,"09'09""",4.27,7.15,9,32 1/2,78 1/8,Pro Day,,,,,34,"10'00""",,,62.7,67,65,60,60
Aaron Murray,Aaron,Murray,Chiefs,Georgia,QB,rSr/2014,5,23,163,140,NFL Combine,6004,207,,,,,,,,,9 1/8,30 5/8,72 3/8,Pro Day,,,,,,,,,62.7,68,63,60,60
Ed Stinson,Ed,Stinson,Cardinals,Alabama,DE,rSr/2014,5,20,160,160,NFL Combine,6032,287,,,,,,,,,9 3/8,33 3/4,78 3/4,Pro Day,4.98,2.85,1.78,27,28,"08'07""",4.75,8.07,62.6,66,62,62,60
Tyler Gaffney,Tyler,Gaffney,Panthers,Stanford,RB,rSr/2014,6,28,204,203,NFL Combine,5114,220,4.49,2.58,1.51,,36 1/2,"09'08""",4.18,6.78,9,30 1/4,74 3/4,Pro Day,,,,15,,,,,62.6,69,60,60,60
Larry Webster,Larry,Webster,Lions,Bloomsburg,TE,rSr/2014,4,36,136,161,NFL Combine,6056,252,4.58,2.64,1.58,17,36 1/2,"10'03""",4.44,7.29,10 1/8,33 1/2,81 1/2,Pro Day,,,,,,,,,62.6,69,60,60,60
Marcel Jensen,Marcel,Jensen,Undrafted,Fresno State,TE,rSr/2014,,,Undrafted,242,NFL Combine,6057,259,4.85,2.83,1.66,24,35,"09'07""",4.6,7.38,9 7/8,34 7/8,83 3/4,Pro Day,4.84,2.79,1.69,,,,4.47,7.5,62.6,66,66,60,60
Cyril Richardson,Cyril,Richardson,Bills,Baylor,OG,rSr/2014,5,13,153,114,NFL Combine,6046,329,5.36,3.1,1.82,25,25 1/2,"07'07""",4.83,7.7,9 1/2,34 5/8,82 3/8,Pro Day,5.23,2.99,1.82,30,,,,,62.4,64,63,63,60
*Jonathan Dowling,Jonathan,Dowling,Raiders,Western Kentucky,FS,rJr/2014,7,32,247,202,NFL Combine,6026,190,4.52,2.65,1.57,8,33 1/2,"09'10""",4.24,7.04,9 1/4,33 1/8,78 7/8,Pro Day,,,,,28 1/2,"09'10""",,,62.3,64,66,60,60
*Khairi Fortt,Khairi,Fortt,Saints,California,OLB,rJr/2014,4,26,126,159,NFL Combine,6022,248,4.7,2.74,1.63,30,36,"10'00""",,,10 1/8,33 5/8,80 1/4,Pro Day,4.68,2.73,1.66,,,,4.35,7.12,62.3,68,60,60,60
*Jake Murphy,Jake,Murphy,Undrafted,Utah,TE,Jr/2014,,,Undrafted,181,NFL Combine,6041,249,4.79,2.81,1.68,24,33,"09'06""",4.27,7.18,10,31 3/4,77 3/4,Pro Day,,,,,,,,,62.3,68,60,60,60
Dri Archer,Dri,Archer,Steelers,Kent State,WR,rSr/2014,3,33,97,100,NFL Combine,5076,173,4.26,2.51,1.49,20,38,"10'02""",4.06,6.86,8 7/8,31,73 5/8,Pro Day,,,,,,,,,62.3,68,60,60,60
*Jeoffrey Pagan,Jeoffrey,Pagan,Texans,Alabama,DE,Jr/2014,6,1,177,266,NFL Combine,6034,310,,,,,,,,,9 5/8,33,80 5/8,Pro Day,,,,,,,,,62.1,66,63,60,60
Jordan Zumwalt,Jordan,Zumwalt,Steelers,UCLA,OLB,Sr/2014,6,16,192,131,NFL Combine,6040,235,4.76,2.77,1.63,,33,"09'08""",4.25,6.99,8 3/4,31 1/4,75 1/8,Pro Day,4.74,2.71,1.63,,,,4.68,7.26,62.1,65,65,60,60
Colton Underwood,Colton,Underwood,Undrafted,Illinois State,DE,Sr/2014,,,Undrafted,299,NFL Combine,6031,254,,,,,,,,,9 1/8,31 5/8,76 1/2,Pro Day,4.69,2.61,1.6,26,36,"10'00""",4.43,7.1,62.0,67,60,60,60
Trey Millard,Trey,Millard,49ers,Oklahoma,FB,Sr/2014,7,30,245,194,NFL Combine,6023,247,,,,,,,,,9 1/8,31,76,Pro Day,,,,,,,,,62.0,65,64,60,60
Christian Bryant,Christian,Bryant,Rams,Ohio State,FS,Sr/2014,7,26,241,249,NFL Combine,5091,198,,,,,,,,,8 1/4,30 1/4,73 5/8,Pro Day,,,,,,,,,62.0,65,64,60,60
Jon Halapio,Jon,Halapio,Patriots,Florida,OG,rSr/2014,6,3,179,292,NFL Combine,6034,323,5.34,3.06,1.83,,21 1/2,"08'04""",4.83,8.26,10 1/4,33 5/8,81 1/4,Pro Day,,,,,27,,,,62.0,63,60,62,62
Bryce Quigley,Bryce,Quigley,Undrafted,San Diego State,OT,Sr/2014,,,Undrafted,271,NFL Combine,6043,324,,,,,,,,,9 1/4,32 1/8,78,Pro Day,,,,19,,,,,62.0,67,60,60,60
Alex Bayer,Alex,Bayer,Undrafted,Bowling Green,TE,rSr/2014,,,Undrafted,270,NFL Combine,6038,257,,,,,,,,,9 3/4,31 5/8,78 3/4,Pro Day,4.77,2.7,1.67,20,31 1/2,"09'03""",4.42,7.26,62.0,67,60,60,60
Robert Herron,Robert,Herron,Bucs,Wyoming,WR,Sr/2014,6,9,185,135,NFL Combine,5091,193,4.48,2.63,1.59,18,35 1/2,"10'05""",4.27,6.84,9 3/4,30 1/2,73 1/8,Pro Day,4.35,2.5,1.54,,,,,,62.0,67,60,60,60
Brandon Watts,Brandon,Watts,Vikings,Georgia Tech,OLB,rSr/2014,7,8,223,245,NFL Combine,6016,225,,,,,,,,,9,33 1/2,78 5/8,Pro Day,4.41,2.55,1.51,16,37 1/2,"10'02""",4.21,6.89,61.9,61,64,62,60
Blake Annen,Blake,Annen,Undrafted,Cincinnati,TE,rSr/2014,,,Undrafted,215,NFL Combine,6042,247,,,,,,,,,9 7/8,33,77 5/8,Pro Day,4.41,2.52,1.61,25,34,"10'00""",4.3,7.19,61.9,65,63,60,60
Shaq Evans,Shaq,Evans,Jets,UCLA,WR,rSr/2014,4,15,115,118,NFL Combine,6012,213,4.51,2.64,1.6,13,34 1/2,"10'02""",4.21,7.07,9 3/8,32,76 1/2,Pro Day,4.4,2.59,1.56,,,,4.37,7.04,61.9,65,63,60,60
Torrence Allen,Torrence,Allen,Undrafted,West Texas AM,WR,rSr/2014,,,Undrafted,251,NFL Combine,6001,183,,,,,,,,,8 7/8,32 3/8,78,Pro Day,4.41,2.56,1.49,15,40,"10'09""",4.56,7.14,61.9,65,63,60,60
Jemea Thomas,Jemea,Thomas,Patriots,Georgia Tech,CB,rSr/2014,6,30,206,119,NFL Combine,5092,192,4.55,2.64,1.57,19,37,"10'05""",,,10,30 5/8,74 3/4,Pro Day,4.52,2.55,1.56,,36,"10'02""",4.25,7.03,61.7,66,60,60,60
Chris Davis,Chris,Davis,Undrafted,Auburn,CB,Sr/2014,,,Undrafted,150,NFL Combine,5098,202,,,,15,,,,,9 1/4,31,74 1/8,Pro Day,4.55,2.62,1.63,,40 1/2,"10'04""",4.18,6.93,61.7,66,60,60,60
Kenny Ladler,Kenny,Ladler,Undrafted,Vanderbilt,FS,Sr/2014,,,Undrafted,171,NFL Combine,6002,207,4.7,2.69,1.58,24,36 1/2,"10'07""",,,9 5/8,31 5/8,76 3/8,Pro Day,4.62,,,24,,,4.3,7.09,61.7,63,60,60,63
*Ronald Powell,Ronald,Powell,Saints,Florida,OLB,rJr/2014,5,29,169,289,NFL Combine,6031,237,4.65,2.71,1.62,21,35 1/2,"09'06""",,,9 3/8,32 1/2,77 3/8,Pro Day,,,,24,,,,,61.7,64,60,62,60
*Lache Seastrunk,Lache,Seastrunk,Redskins,Baylor,RB,rJr/2014,6,10,186,130,NFL Combine,5094,201,4.51,2.64,1.6,15,41 1/2,"11'02""",,,9 1/4,30,71 1/4,Pro Day,4.37,2.53,1.55,,,,4.36,6.81,61.7,66,60,60,60
Rajion Neal,Rajion,Neal,Undrafted,Tennessee,RB,Sr/2014,,,Undrafted,208,NFL Combine,5112,220,,,,,,,,,9,31,74,Pro Day,4.57,2.7,1.63,,38,"09'11""'",4.34,7.19,61.7,66,60,60,60
Charles Leno,Charles,Leno,Bears,North Carolina State,OG,rSr/2014,7,31,246,153,NFL Combine,6037,303,,,,21,29,"09'00""",4.4,7.57,10 1/8,34 3/8,84 1/2,Pro Day,5.25,3.03,1.81,,31 1/2,"09'04""",,,61.4,65,60,60,60
Garrett Gilbert,Garrett,Gilbert,Rams,Southern Methodist,QB,rSr/2014,6,38,214,281,NFL Combine,6037,221,,,,,,,,,9 3/8,30 5/8,73 1/2,Pro Day,4.83,2.79,1.69,,29 1/2,"09'09""",4.41,7.43,61.4,65,60,60,60
David Fluellen,David,Fluellen,Undrafted,Toledo,RB,Sr/2014,,,Undrafted,256,NFL Combine,5112,224,4.72,2.78,1.66,,36 1/2,"10'00""",,6.9,9 1/8,33 3/8,79 5/8,Pro Day,4.66,2.67,1.65,16,36,,4.21,6.9,61.4,60,64,61,60
Jalen Saunders,Jalen,Saunders,Jets,Oklahoma,WR,Sr/2014,4,4,104,221,NFL Combine,5087,165,4.44,2.6,1.55,,34,"10'02""",,,8 7/8,30,71 1/8,Pro Day,,,,,,,4.34,7.29,61.4,65,60,60,60
Carrington Byndom,Carrington,Byndom,Undrafted,Texas,CB,Sr/2014,,,Undrafted,252,NFL Combine,5113,177,,,,,,,,,8 3/4,29 1/2,72 1/4,Pro Day,4.35,2.53,1.5,,36,"09'11""",4.3,7.16,61.1,64,60,60,60
Jimmy Staten,Jimmy,Staten,Seahawks,Middle Tennessee,DT,rSr/2014,5,32,172,287,NFL Combine,6044,303,,,,,,,,,10 1/8,33 1/2,79 1/2,Pro Day,,,,30,27,"07'10""",,,61.1,64,60,60,60
*Kelcy Quarles,Kelcy,Quarles,Undrafted,South Carolina,DT,Jr/2014,,,Undrafted,108,NFL Combine,6037,297,5.03,2.96,1.78,27,23 1/2,"08'06""",,,9 3/8,33 1/4,80 3/8,Pro Day,5.03,2.98,1.76,,,,4.7,7.6,61.1,64,60,60,60
*Adrian Hubbard,Adrian,Hubbard,Undrafted,Alabama,OLB,rJr/2014,,,Undrafted,172,NFL Combine,6061,257,4.69,2.71,1.61,,38 1/2,"09'09""",,,9 1/4,34 1/2,81 3/4,Pro Day,,,,,,,4.58,,61.1,64,60,60,60
Connor Shaw,Connor,Shaw,Undrafted,South Carolina,QB,Sr/2014,,,Undrafted,257,NFL Combine,6004,206,4.66,2.72,1.67,,34,"09'08""",4.33,7.07,9 1/4,30,72 1/2,Pro Day,,,,,,,,,61.1,64,60,60,60
Jackson Jeffcoat,Jackson,Jeffcoat,Undrafted,Texas,DE,Sr/2014,,,Undrafted,105,NFL Combine,6031,247,4.63,2.72,1.63,18,36,"10'03""",4.18,6.97,9 5/8,33 7/8,80 3/4,Pro Day,,,,,,,,,60.9,63,60,60,60
Ken Bishop,Ken,Bishop,Cowboys,Northern Illinois,DT,Sr/2014,7,36,251,248,NFL Combine,6002,306,,,,,,,,,9 1/2,32 3/4,79 5/8,Pro Day,5.21,3.02,1.8,31,27 1/2,"08'02""",4.82,8.02,60.9,63,60,60,60
*Yawin Smallwood,Yawin,Smallwood,Falcons,Connecticut,ILB,rJr/2014,7,38,253,213,NFL Combine,6022,246,5.01,2.84,1.67,18,36 1/2,"09'00""",,,9 1/2,31 3/4,78 3/4,Pro Day,,,,,,,,,60.9,63,60,60,60
Glenn Carson,Glenn,Carson,Undrafted,Penn State,ILB,rSr/2014,,,Undrafted,219,NFL Combine,6026,238,,,,,,,,,9 1/2,31 1/2,78 1/8,Pro Day,4.7,2.74,1.62,30,35,"09'10""",4.25,6.99,60.9,63,60,60,60
Keith Wenning,Keith,Wenning,Ravens,Ball State,QB,Sr/2014,6,18,194,232,NFL Combine,6025,218,5,2.88,1.72,,28,"08'04""",4.25,7.07,10,31 1/4,75 1/8,Pro Day,,,,,,,,,60.9,60,63,60,60
Shayne Skov,Shayne,Skov,Undrafted,Stanford,ILB,rSr/2014,,,Undrafted,120,NFL Combine,6023,245,,,,,,,,,10,30 5/8,73 1/4,Pro Day,5.09,2.83,1.72,28,31,"09'05""",4.38,7.29,60.3,60,61,60,60
Carlos Fields,Carlos,Fields,Undrafted,Kansas State,OLB,rSr/2014,,,Undrafted,211,NFL Combine,6008,238,,,,,,,,,9 3/4,32 7/8,79 1/8,Pro Day,4.5,2.6,1.61,17,38,"10'08""",4.22,7.04,60.3,60,61,60,60
Tajh Boyd,Tajh,Boyd,Jets,Clemson,QB,rSr/2014,6,37,213,298,NFL Combine,6005,222,4.84,2.82,1.69,,30 1/2,"08'10""",4.23,7.33,9 5/8,30 3/4,75 1/4,Pro Day,,,,,,,,,60.3,61,60,60,60
Shaquille Richardson,Shaquille,Richardson,Steelers,Arizona,CB,Sr/2014,5,17,157,234,NFL Combine,6001,194,,,,,,,,,10 1/8,32,76 1/8,Pro Day,4.43,2.6,1.56,14,38 1/2,"10'07""",4.23,6.95,60.0,60,60,60,60
Antone Exum,Antone,Exum,Vikings,Virginia Tech,CB,rSr/2014,6,6,182,132,NFL Combine,5115,213,4.59,2.69,1.61,17,35,"09'09""",4.13,7.05,9 5/8,31 5/8,78 1/4,Pro Day,4.58,2.68,1.58,,33 1/2,"09'11""",4.2,7.01,60.0,60,60,60,60
Rashaad Reynolds,Rashaad,Reynolds,Undrafted,Oregon State,CB,rSr/2014,,,Undrafted,110,NFL Combine,5098,189,4.51,2.62,1.51,20,37 1/2,"10'03""",4,6.72,9 3/4,31 5/8,76 1/4,Pro Day,,,,,38 1/2,,,,60.0,60,60,60,60
*Loucheiz Purifoy,Loucheiz,Purifoy,Undrafted,Florida,CB,Jr/2014,,,Undrafted,207,NFL Combine,5115,190,4.61,2.71,1.61,6,35 1/2,"10'00""",,,8 1/2,32 3/4,78 1/2,Pro Day,4.63,2.74,1.63,,,"10'00""",4.32,7.28,60.0,60,60,60,60
Michael Sam,Michael,Sam,Rams,Missouri,DE,rSr/2014,7,34,249,169,NFL Combine,6020,261,4.91,2.85,1.74,17,25 1/2,"09'06""",4.7,7.8,9 3/8,33 3/8,81 1/8,Pro Day,4.71,,,19,,,,,60.0,60,60,60,60
James Gayle,James,Gayle,Undrafted,Virginia Tech,DE,rSr/2014,,,Undrafted,125,NFL Combine,6037,259,4.7,2.76,1.68,26,37,"10'02""",4.27,7.19,9 5/8,32 3/8,78 1/4,Pro Day,4.66,2.72,1.63,,34,,4.44,,60.0,60,60,60,60
*George Uko,George,Uko,Undrafted,Southern California,DT,rJr/2014,,,Undrafted,183,NFL Combine,6026,284,4.99,2.93,1.78,18,29 1/2,"09'02""",,,10 1/8,33 1/4,79 3/8,Pro Day,,,,22,,,4.57,7.47,60.0,60,60,60,60
J.C. Copeland,J.C.,Copeland,Undrafted,LSU,FB,Sr/2014,,,Undrafted,217,NFL Combine,5112,271,4.95,2.9,1.74,23,28 1/2,"09'03""",4.58,7.68,9 5/8,31 3/8,78 7/8,Pro Day,4.9,2.78,1.69,,,,,,60.0,60,60,60,60
Reggie Jordan,Reggie,Jordan,Undrafted,Missouri Western,FB,rSr/2014,,,Undrafted,240,NFL Combine,6028,240,4.77,2.77,1.68,24,30,"09'08""",4.3,7.22,9 5/8,32 1/4,78 3/8,Pro Day,4.78,2.68,1.69,,30,"09'07""",,,60.0,60,60,60,60
Gator Hoskins,Gator,Hoskins,Undrafted,Marshall,FB,rJr/2014,,,Undrafted,282,NFL Combine,6016,253,,,,,,,,,9 5/8,32 7/8,79 1/8,Pro Day,4.73,2.72,1.59,22,36 1/2,"09'08""",4.53,7.22,60.0,60,60,60,60
Jeremy Deering,Jeremy,Deering,Undrafted,Rutgers,FS,Sr/2014,,,Undrafted,267,NFL Combine,6012,209,,,,,,,,,9 3/8,32,76 1/2,Pro Day,4.4,2.63,1.56,18,33 1/2,"10'06""",4.32,6.99,60.0,60,60,60,60
*Pierre Warren,Pierre,Warren,Undrafted,Jacksonville State,FS,Jr/2014,,,Undrafted,283,NFL Combine,6003,194,,,,,,,,,9 3/4,33 1/4,77 7/8,Pro Day,4.59,2.71,1.59,8,35,"10'05""",4.51,7.38,60.0,60,60,60,60
Chris Borland,Chris,Borland,49ers,Wisconsin,ILB,rSr/2014,3,13,77,84,NFL Combine,5114,248,4.83,2.8,1.66,27,31,"09'06""",4.27,7.18,9 7/8,29 1/4,72 3/4,Pro Day,4.81,2.69,1.59,,35,"09'08""",4.26,6.83,60.0,60,60,60,60
Andrew Jackson,Andrew,Jackson,Colts,Western Kentucky,ILB,Sr/2014,6,27,203,250,NFL Combine,6007,254,,,,,,,,,9 1/2,32 1/2,77 1/8,Pro Day,4.9,2.82,1.7,25,32 1/2,"09'11""",4.24,7.28,60.0,60,60,60,60
James Morris,James,Morris,Undrafted,Iowa,ILB,Sr/2014,,,Undrafted,262,NFL Combine,6008,241,4.8,2.76,1.64,18,34 1/2,"09'09""",4.36,6.94,9 1/8,30 3/4,75 3/4,Pro Day,4.67,2.7,1.62,18,36,"10'00""",4.33,6.97,60.0,60,60,60,60
Anthony Fera,Anthony,Fera,Undrafted,Texas,K,rSr/2014,,,Undrafted,195,NFL Combine,6015,211,,,,,,,,,9 1/8,31,76 1/8,Pro Day,,,,,,,,,60.0,60,60,60,60
Marcus Heit,Marcus,Heit,Undrafted,Kansas State,LS,Sr/2014,,,Undrafted,296,NFL Combine,6031,258,4.91,2.85,1.74,,29,"09'07""",,,9 7/8,31 3/8,77 5/8,Pro Day,4.92,2.81,1.75,11,31,"09'08""",,,60.0,60,60,60,60
Prince Shembo,Prince,Shembo,Falcons,Notre Dame,OLB,Sr/2014,4,39,139,205,NFL Combine,6013,253,4.71,2.72,1.63,26,38 1/2,"10'02""",4.31,7.29,10 1/2,33 1/8,78 3/8,Pro Day,,,,,,,,,60.0,60,60,60,60
Will Smith,Will,Smith,Cowboys,Texas Tech,OLB,Sr/2014,7,23,238,273,NFL Combine,6021,231,,,,,,,,,8 1/2,31 3/4,77 1/2,Pro Day,4.59,2.73,1.62,17,37 1/2,"09'05""",4.53,7.04,60.0,60,60,60,60
Derrell Johnson,Derrell,Johnson,Undrafted,East Carolina,OLB,Sr/2014,,,Undrafted,216,NFL Combine,6015,257,,,,,,,,,9 1/4,31 1/2,73,Pro Day,4.61,2.73,1.59,23,32 1/2,"09'06""",4.64,7.27,60.0,60,60,60,60
Denicos Allen,Denicos,Allen,Undrafted,Michigan State,OLB,rSr/2014,,,Undrafted,222,NFL Combine,5103,225,,,,,,,,,9 3/4,30 1/4,72 3/4,Pro Day,4.74,2.73,1.73,26,29,"08'09""",4.61,7.46,60.0,60,60,60,60
Morgan Breslin,Morgan,Breslin,Undrafted,Southern California,OLB,Sr/2014,,,Undrafted,298,NFL Combine,6014,240,,,,,,,,,9 7/8,31 3/4,76 3/8,Pro Day,4.6,2.7,1.59,26,35 1/2,"09'06""",,,60.0,60,60,60,60
Garrett Scott,Garrett,Scott,Seahawks,Marshall,OT,Sr/2014,6,23,199,261,NFL Combine,6044,307,,,,,,,,,9 7/8,34 3/4,82 7/8,Pro Day,5.05,2.93,1.64,25,33 1/2,"09'07""",4.4,7.09,60.0,60,60,60,60
*Antonio Richardson,Antonio,Richardson,Undrafted,Tennessee,OT,Jr/2014,,,Undrafted,71,NFL Combine,6057,336,5.3,3.07,1.89,36,24 1/2,,,,10 1/4,35,87 1/2,Pro Day,,,,,31,"09'04""",5.06,8.04,60.0,60,60,60,60
Matt Patchan,Matt,Patchan,Undrafted,Boston College,OT,rSr/2014,,,Undrafted,187,NFL Combine,6063,302,4.97,2.88,1.72,22,33 1/2,,,,9 3/8,33,77 5/8,Pro Day,,,,,,"09'05""",4.63,7.45,60.0,60,60,60,60
Austin Wentworth,Austin,Wentworth,Undrafted,Fresno State,OT,rSr/2014,,,Undrafted,289,NFL Combine,6046,314,,,,,,,,,9 3/4,32 5/8,76 5/8,Pro Day,5.05,2.95,1.8,29,28 1/2,"08'07""",4.6,7.71,60.0,60,60,60,60
Kirby Van Der Kamp,Kirby,Van Der Kamp,Undrafted,Iowa State,P,Sr/2014,,,Undrafted,174,NFL Combine,6037,202,,,,,,,,,9 1/4,31 1/2,76 1/4,Pro Day,,,,,,,,,60.0,60,60,60,60
Tom Hornsey,Tom,Hornsey,Undrafted,Memphis,P,Sr/2014,,,Undrafted,198,NFL Combine,6035,221,,,,,,,,,9 1/8,31,75 3/8,Pro Day,,,,,,,,,60.0,60,60,60,60
Steven Clark,Steven,Clark,Undrafted,Auburn,P,Sr/2014,,,Undrafted,281,NFL Combine,6054,231,,,,,,,,,9,31 3/4,80,Pro Day,,,,,33,"09'09""",,,60.0,60,60,60,60
*Brett Smith,Brett,Smith,Undrafted,Wyoming,QB,Jr/2014,,,Undrafted,269,NFL Combine,6014,205,,,,,,,,,10,30 1/2,73,Pro Day,4.59,2.71,1.61,18,31,"10'08""",4.18,6.98,60.0,60,60,60,60
LaDarius Perkins,LaDarius,Perkins,Undrafted,Mississippi State,RB,rSr/2014,,,Undrafted,235,NFL Combine,5074,195,4.46,2.61,1.57,23,35 1/2,"10'04""",4.3,7.08,9 5/8,31,73 5/8,Pro Day,,,,,,,,,60.0,60,60,60,60
Ahmad Dixon,Ahmad,Dixon,Cowboys,Baylor,SS,Sr/2014,7,33,248,206,NFL Combine,6000,212,4.64,2.72,1.64,14,32,"09'03""",4.5,7.55,9 7/8,32 1/4,77 1/4,Pro Day,4.48,2.6,1.59,,34,"09'03""",4.39,7.28,60.0,60,60,60,60
Isaiah Lewis,Isaiah,Lewis,Undrafted,Michigan State,SS,Sr/2014,,,Undrafted,294,NFL Combine,5098,211,4.6,2.67,1.59,15,36 1/2,"10'02""",4.47,7.05,9 5/8,31 1/2,74 3/4,Pro Day,,,,,,,4.28,6.87,60.0,60,60,60,60
*A.C. Leonard,A.C.,Leonard,Undrafted,Tennessee State,TE,Jr/2014,,,Undrafted,224,NFL Combine,6024,252,4.5,2.58,1.51,20,34,"10'08""",,,9 1/4,33,78 1/8,Pro Day,,,,,33,"10'08""",4.39,7.14,60.0,60,60,60,60
*Colt Lyerla,Colt,Lyerla,Undrafted,Oregon,TE,Jr/2014,,,Undrafted,253,NFL Combine,6038,242,4.61,2.67,1.61,15,39,"10'08""",,,10 1/4,32 3/4,78 1/4,Pro Day,,,,,,"10'08""",,,60.0,60,60,60,60
Chandler Jones,Chandler,Jones,Undrafted,San Jose State,WR,Sr/2014,,,Undrafted,268,NFL Combine,5085,183,,,,,,,,,8,29 1/2,71 1/8,Pro Day,4.34,2.59,1.64,13,33 1/2,"09'09""",4.37,6.78,60.0,60,60,60,60
L'Damian Washington,L'Damian,Washington,Undrafted,Missouri,WR,rSr/2014,,,Undrafted,173,NFL Combine,6038,195,4.46,2.65,1.59,8,32,"09'07""",4.35,7.19,9,33 3/8,78 3/4,Pro Day,4.43,2.59,1.59,,,,4.39,7.09,60.0,60,60,60,60
Cody Hoffman,Cody,Hoffman,Undrafted,Brigham Young,WR,Sr/2014,,,Undrafted,284,NFL Combine,6038,223,4.65,2.74,1.65,13,27 1/2,"09'00""",4.2,6.89,9 3/4,33 1/4,78 5/8,Pro Day,4.65,2.78,1.75,,31,"09'08""",,,60.0,60,60,60,60
